seller_id,seller_city,seller_state,shipment_count,order_count,product_revenue,freight_value,total_value,average_shipment_value,freight_percentage,average_distance_km,average_delivery_days,late_delivery_rate,average_review_score,low_review_rate
4869f7a5dfa277a7dca6462dcf3b52b2,guariba,SP,1124,1124,226987.93,20019.13,247007.06,219.76,8.1,610.37,15.06,11.57,4.15,13.08
7c67e1448b00f6e969d365cea6b010ab,itaquaquecetuba,SP,973,973,186570.05,51236.64,237806.69,244.41,21.55,543.86,22.34,10.07,3.5,25.44
4a3ca9315b744ce9f8e9374361493884,ibitinga,SP,1772,1772,196882.12,34338.31,231220.43,130.49,14.85,553.46,14.49,11.0,3.85,18.48
53243585a1d6dc2643021fd1853d8905,lauro de freitas,BA,348,348,217940.44,12856.58,230797.02,663.21,5.57,1160.89,13.43,4.31,4.19,10.4
fa1c13f2614d7b5c4749cbc52fecda94,sumare,SP,578,578,190917.14,9916.36,200833.5,347.46,4.94,685.71,13.35,10.21,4.37,9.58
da8622b14eb17ae2831f4ac5b9dab84a,piracicaba,SP,1311,1311,159816.87,24889.91,184706.78,140.89,13.48,395.87,11.19,7.63,4.18,11.72
7e93a43ef30c4f03f38b393420bc753a,barueri,SP,319,319,165981.49,5992.06,171973.55,539.1,3.48,675.14,11.31,5.64,4.36,8.18
1025f0e2d44d7041d6cf58b6550e0bfa,sao paulo,SP,910,910,138208.56,33716.4,171924.96,188.93,19.61,588.51,12.39,10.11,4.01,16.96
7a67c85e85bb2ce8582c35f2203ad736,sao paulo,SP,1145,1145,139658.69,20619.83,160278.52,139.98,12.86,623.64,11.2,5.94,4.28,9.85
955fee9216a65b617aa5c0531780ce60,sao paulo,SP,1261,1261,131836.71,24769.77,156606.48,124.19,15.82,485.43,10.77,7.77,4.2,10.22
6560211a19b47992c3666cc44a7e94c0,sao paulo,SP,1819,1819,120702.83,27348.11,148050.94,81.39,18.47,595.58,9.63,6.43,3.98,16.12
1f50f920176fa81dab994f9023523100,sao jose do rio preto,SP,1399,1399,106655.71,35057.23,141712.94,101.3,24.74,705.96,15.81,10.58,4.14,13.99
46dc3b2cc0980fb8ec44634e21d2718e,rio de janeiro,RJ,503,503,122811.38,11351.5,134162.88,266.73,8.46,564.11,11.93,6.56,4.27,11.07
a1043bafd471dff536d0c462352beb48,ilicinea,MG,702,702,99309.23,31103.51,130412.74,185.77,23.85,530.35,13.65,5.7,4.28,9.43
620c87c171fb2a6dd6e8bb4dec959fc6,petropolis,RJ,722,722,112461.5,13816.68,126278.18,174.9,10.94,560.27,12.9,9.97,4.31,11.17
cc419e0650a3c5ba77189a1882b7556a,santo andre,SP,1651,1651,101090.96,24846.03,125936.99,76.28,19.73,608.99,11.59,6.12,4.15,12.93
5dceca129747e92ff8ef7a997dc4f8ca,santa barbara d´oeste,SP,322,322,111126.73,13576.19,124702.92,387.28,10.89,562.56,11.57,6.21,4.01,19.18
7d13fca15225358621be4086e1eb0964,ribeirao preto,SP,558,558,112436.18,8498.29,120934.47,216.73,7.03,617.32,15.73,12.19,4.04,17.12
3d871de0142ce09b7081e2b9d1733cb1,campo limpo paulista,SP,1064,1064,93407.4,22108.25,115515.65,108.57,19.14,506.16,13.51,5.92,4.19,10.45
edb1ef5e36e0c8cd84eb3c9b003e486d,teresopolis,RJ,165,165,79144.9,3886.24,83031.14,503.22,4.68,696.36,11.9,7.88,4.44,7.27
ccc4bbb5f32a6ab2b7066a4130f114e3,curitiba,PR,184,184,72926.72,5174.62,78101.34,424.46,6.63,1254.34,15.87,7.61,4.32,10.93
cca3071e3e9bb7d12640c9fbe2301306,ibitinga,SP,699,699,63035.16,14153.39,77188.55,110.43,18.34,557.85,14.16,5.87,3.89,19.04
8581055ce74af1daba164fdbd55a40de,guarulhos,SP,380,380,64011.22,9462.76,73473.98,193.35,12.88,452.43,13.1,10.03,4.31,9.5
f7ba60f8c3f99e7ee4042fdef03b70c4,sao bernardo do campo,SP,218,218,68070.0,4317.94,72387.94,332.05,5.96,973.89,13.41,15.6,4.22,10.55
fe2032dab1a61af8794248c8196565c9,campinas,SP,293,293,65689.71,4710.89,70400.6,240.28,6.69,575.52,10.77,8.87,4.39,9.69
de722cd6dad950a92b7d4f82673f8833,recife,PE,337,337,55126.3,9650.29,64776.59,192.22,14.9,1575.4,12.68,4.45,4.3,9.23
f8db351d8c4c4c22c6835c19a46f01b0,salto,SP,659,659,50082.6,12404.42,62487.02,94.82,19.85,506.38,9.87,5.16,4.26,9.6
7ddcbb64b5bc1ef36ca8c151f6ec77df,sao paulo,SP,325,325,54435.66,7767.09,62202.75,191.39,12.49,610.65,12.71,8.62,4.03,15.22
04308b1ee57b6625f47df1d56f00eedf,bombinhas,SC,92,92,58991.8,2948.82,61940.62,673.27,4.76,1041.21,18.88,11.96,3.95,19.57
522620dcb18a6b31cd7bdf73665113a9,cascavel,PR,172,172,56690.49,4583.17,61273.66,356.24,7.48,1167.91,15.4,10.47,3.91,18.93
218d46b86c1881d022bce9c68a7d4b15,ribeirao preto,SP,382,382,53710.3,7452.64,61162.94,160.11,12.18,541.19,13.9,9.42,4.18,12.11
25c5c91f63607446a97b143d2d535d31,itauna,MG,156,156,54208.78,6945.92,61154.7,392.02,11.36,602.95,14.47,7.05,3.85,19.35
37be5a7c751166fbc5f8ccba4119e043,sao paulo,SP,269,269,54735.55,6021.21,60756.76,225.86,9.91,583.82,10.65,2.6,4.33,9.02
17e34d8224d27a541263c4c64b11a56b,riberao preto,SP,247,247,54440.28,5090.21,59530.49,241.01,8.55,628.44,14.27,8.5,4.25,11.02
17f51e7198701186712e53a39c564617,sao paulo,SP,56,56,48019.0,9793.43,57812.43,1032.36,16.94,889.88,23.24,8.93,4.34,8.93
ceaec5548eefc6e23e6607c5435102e7,sao paulo,SP,198,198,51478.18,6175.55,57653.73,291.18,10.71,625.67,13.01,6.06,4.2,11.28
b2ba3715d723d245138f291a6fe42594,sao paulo,SP,324,324,49302.18,6294.47,55596.65,171.59,11.32,463.23,14.07,8.95,4.2,11.84
f5a590cf36251cf1162ea35bef76fe84,sao bernardo do campo,SP,113,113,51232.78,4134.18,55366.96,489.97,7.47,627.58,11.74,10.62,4.27,10.62
8160255418d5aaa7dbdc9f4c64ebda44,ibitinga,SP,380,380,46368.39,7727.29,54095.68,142.36,14.28,573.9,16.25,16.58,3.95,17.02
ea8482cd71df3c1969d7b9473ff13abc,sao paulo,SP,1132,1132,36696.76,17291.87,53988.63,47.69,32.03,664.64,13.32,10.42,4.03,14.56
77530e9772f57a62c906e1c21538ab82,curitiba,PR,312,312,45676.6,8274.71,53951.31,172.92,15.34,704.49,15.01,11.54,4.15,14.74
e882b2a25a10b9c057cc49695f222c19,teresopolis,RJ,57,57,51057.54,2856.22,53913.76,945.86,5.3,393.56,9.55,0.0,4.58,5.26
4e922959ae960d389249c378d1c939f5,jacarei,SP,412,412,45338.42,7147.18,52485.6,127.39,13.62,598.3,14.52,10.68,3.96,18.14
e9779976487b77c6d4ac45f75ec7afe9,praia grande,SP,645,645,42229.69,9981.61,52211.3,80.95,19.12,371.56,9.86,7.29,4.26,10.59
2bf6a2c1e71bbd29a4ad64e6d3c3629f,nova friburgo,RJ,30,30,50628.9,1000.59,51629.49,1720.98,1.94,794.51,13.65,10.0,4.17,13.33
4d6d651bd7684af3fffabd5f08d12e5a,jau,SP,363,363,42999.0,7786.76,50785.76,139.91,15.33,507.67,13.02,4.68,4.22,11.88
c826c40d7b19f62a09e2d7c5e7295ee2,guarulhos,SP,346,346,44653.04,5443.63,50096.67,144.79,10.87,610.58,13.3,9.54,4.13,14.2
391fc6631aebcf3004804e51b40bcf1e,ibitinga,SP,521,521,39475.3,10083.84,49559.14,95.12,20.35,520.45,14.42,10.36,4.04,14.86
c3cfdc648177fdbbbb35635a37472c53,curitiba,PR,278,278,43048.18,6079.63,49127.81,176.72,12.38,600.31,9.73,2.52,4.47,7.58
17a053fcb14bd219540cbde0df490be0,mogi guacu,SP,124,124,40353.24,8761.17,49114.41,396.08,17.84,531.03,12.28,8.06,4.25,9.84
d91fb3b7d041e83b64a00a3edfb37e4f,praia grande,SP,524,524,39926.39,9058.06,48984.45,93.48,18.49,528.6,11.28,6.3,4.14,13.85
850f4f8af5ea87287ac68de36e29107f,sao paulo,SP,186,186,45285.37,3097.35,48382.72,260.12,6.4,520.23,10.13,6.45,4.3,9.29
06a2c3af7b3aee5d69171b0e14f0ee87,sao luis,MA,389,389,36097.98,12071.52,48169.5,123.83,25.06,1944.65,17.73,23.14,4.01,16.1
966cb4760537b1404caedd472cc610a5,diadema,SP,67,67,45928.26,1504.31,47432.57,707.95,3.17,679.22,10.04,2.99,4.13,11.94
b33e7c55446eabf8fe1a42d037ac7d6d,pradopolis,SP,149,149,44215.17,2656.38,46871.55,314.57,5.67,671.13,16.28,12.75,4.2,12.75
eeb6de78f79159600292e314a77cbd18,lages,SC,82,82,43510.84,2996.05,46506.89,567.16,6.44,995.16,12.16,3.66,4.44,6.1
712e6ed8aa4aa1fa65dab41fed5737e4,videira,SC,77,77,39385.0,6764.82,46149.82,599.35,14.66,1090.49,24.69,22.08,3.39,35.53
ba90964cff9b9e0e6f32b23b82465f7b,guarulhos,SP,38,38,44212.5,1311.0,45523.5,1197.99,2.88,543.76,10.02,5.26,4.42,5.26
634964b17796e64304cadf1ad3050fb7,rio de janeiro,RJ,265,265,39114.1,5900.0,45014.1,169.86,13.11,687.46,14.67,10.19,4.06,15.09
834f3294fba9f932f56edc879193f925,araraquara,SP,66,66,39907.5,4299.92,44207.42,669.81,9.73,759.68,14.3,6.06,4.55,4.55
7142540dd4c91e2237acb7e911c4eba2,penapolis,SP,316,316,37181.94,6843.74,44025.68,139.32,15.54,768.0,14.74,8.23,4.05,14.01
b839e41795b7f3ad94cc2014a52f6796,sao caetano do sul,SP,33,33,42829.0,920.93,43749.93,1325.76,2.1,279.83,6.67,3.03,4.09,18.18
2eb70248d66e0e3ef83659f71b244378,campinas,SP,187,187,38990.72,3056.01,42046.73,224.85,7.27,492.67,18.01,13.9,2.79,47.28
1835b56ce799e6a4dc4eddc053f04066,ibitinga,SP,417,417,33005.32,8622.96,41628.28,99.83,20.71,484.45,13.23,11.75,3.67,23.91
7178f9f4dd81dcef02f62acdf8151e01,videira,SC,202,202,36795.4,4385.04,41180.44,203.86,10.65,816.93,15.75,4.95,4.06,14.43
7299e27ed73d2ad986de7f7c77d919fa,araguari,MG,335,335,34107.44,6804.49,40911.93,122.13,16.63,662.18,11.3,4.78,4.43,6.57
dbc22125167c298ef99da25668e1011f,borda da mata,MG,394,394,32829.12,7787.43,40616.55,103.09,19.17,551.3,11.48,2.54,4.32,7.63
c70c1b0d8ca86052f45a432a38b73958,hortolandia,SP,260,260,36289.15,3901.41,40190.56,154.58,9.71,323.78,8.08,8.46,4.37,8.91
c3867b4666c7d76867627c2f7fb22e21,guara,SP,228,228,34666.9,4693.3,39360.2,172.63,11.92,620.36,15.4,11.84,4.08,15.49
53e4c6e0f4312d4d2107a8c9cddf45cd,pedreira,SP,463,463,29587.77,9696.16,39283.93,84.85,24.68,418.93,12.02,5.4,4.13,12.8
855668e0971d4dfd7bef1b6a4133b41b,itatiba,SP,300,300,30849.22,7559.34,38408.56,128.03,19.68,504.57,16.26,14.0,3.85,20.61
87142160b41353c4e5fca2360caf6f92,porto alegre,RS,305,305,31095.98,7218.33,38314.31,125.62,18.84,970.61,10.93,5.57,4.4,6.25
0241d4d5d36f10f80c644447315af0bd,curitiba,PR,238,238,31397.7,6853.91,38251.61,160.72,17.92,642.58,11.0,5.88,4.35,10.55
e9bc59e7b60fc3063eb2290deda4cced,maringa,PR,209,209,33543.69,4538.73,38082.42,182.21,11.92,668.74,14.27,11.0,4.08,14.35
59417c56835dd8e2e72f91f809cd4092,limeira,SP,18,18,36459.0,1198.77,37657.77,2092.1,3.18,574.74,12.57,0.0,4.28,11.11
2528513dd95219a6013d4d05176e391a,osasco,SP,160,160,32660.2,3740.77,36400.97,227.51,10.28,432.56,10.65,5.0,3.97,17.2
88460e8ebdecbfecb5f9601833981930,maringa,PR,246,246,31320.4,4938.19,36258.59,147.39,13.62,664.69,17.8,19.51,3.43,30.61
76d5af76d0271110f9af36c92573f765,sao paulo,SP,128,128,31944.6,3787.06,35731.66,279.15,10.6,461.78,11.92,9.38,4.13,14.17
1554a68530182680ad5c8b042c3ab563,monte siao,MG,246,246,28979.64,6734.92,35714.56,145.18,18.86,555.78,14.21,6.91,4.33,10.25
9c0e69c7bf2619675bbadf47b43f655a,sao jose dos campos,SP,151,151,32720.4,2823.42,35543.82,235.39,7.94,359.51,14.62,10.6,4.2,10.67
70a12e78e608ac31179aea7f8422044b,jacarei,SP,312,312,29963.53,5523.72,35487.25,113.74,15.57,626.11,14.71,10.9,3.81,19.68
5c243662ce92d84573bfaff24c3e3700,sao paulo,SP,98,98,32862.02,1775.64,34637.66,353.45,5.13,603.25,10.91,3.06,4.14,10.31
70eea00b476a314817cefde4aad4f89a,itatiba,SP,106,106,31424.75,2724.91,34149.66,322.17,7.98,604.36,13.4,7.55,4.41,6.67
7681ef142fd2c19048da7430856b5588,guarulhos,SP,58,58,31211.81,2862.86,34074.67,587.49,8.4,527.67,10.56,13.79,4.23,12.28
001cca7ae9ae17fb1caed9dfb1094831,cariacica,ES,195,195,24487.03,8655.87,33142.9,169.96,26.12,812.3,13.41,6.67,4.06,14.06
e59aa562b9f8076dd550fcddf0e73491,curitiba,PR,69,69,30716.3,2160.07,32876.37,476.47,6.57,681.87,14.03,10.14,4.26,10.14
1900267e848ceeba8fa32d80c1a5f5a8,ibitinga,SP,406,406,24639.57,8039.97,32679.54,80.49,24.6,513.03,13.15,10.34,3.86,19.05
d1c281d3ae149232351cd8c8cc885f0d,ibitinga,SP,214,214,26833.61,5380.07,32213.68,150.53,16.7,539.91,12.69,8.88,3.81,21.7
0b90b6df587eb83608a64ea8b390cf07,maringa,PR,163,163,28492.76,3598.18,32090.94,196.88,11.21,662.46,14.46,3.68,4.04,16.67
59b22a78efb79a4797979612b885db36,uberlandia,MG,125,125,27184.5,4897.57,32082.07,256.66,15.27,654.46,12.67,12.8,3.98,20.16
d23019c84ffae2d5ef2270367b8605fc,londrina,PR,39,39,29205.1,2749.74,31954.84,819.35,8.61,630.38,11.28,2.56,4.41,5.13
9f505651f4a6abe901a56cdc21508025,sao paulo,SP,393,393,25912.84,5949.75,31862.59,81.08,18.67,506.41,8.07,5.09,4.37,9.49
a3a38f4affed601eb87a97788c949667,joinville,SC,251,251,26294.62,5184.66,31479.28,125.42,16.47,688.15,12.55,4.78,4.4,8.03
8b321bb669392f5163d04c59e235e066,sao paulo,SP,930,930,17262.94,13924.0,31186.94,33.53,44.65,563.04,12.67,10.43,4.1,14.15
900ba814c251a692506d7834c1218441,salto,SP,86,86,28833.03,2334.43,31167.46,362.41,7.49,437.48,12.48,13.95,4.23,8.33
16090f2ca825584b5a147ab24aa30c86,atibaia,SP,398,398,25579.16,5404.86,30984.02,77.85,17.44,362.17,9.18,10.8,4.09,13.13
d2374cbcbb3ca4ab1086534108cc3ab7,ibitinga,SP,514,514,20926.02,9444.21,30370.23,59.09,31.1,533.05,14.61,5.84,3.78,19.84
12b9676b00f60f3b700e83af21824c0e,montenegro,RS,133,133,26376.0,3525.67,29901.67,224.82,11.79,1224.96,15.05,1.5,4.55,3.79
c003204e1ab016dfa150abc119207b24,cajamar,SP,195,195,24904.29,4714.17,29618.46,151.89,15.92,561.04,9.63,6.67,4.47,4.62
b32be1695eb7ec5f10f72d9610a12527,caxias do sul,RS,44,44,26575.0,2937.68,29512.68,670.74,9.95,878.9,12.28,4.55,4.14,11.63
7e1fb0a3ebfb01ffb3a7dae98bf3238d,franca,SP,155,155,26169.53,2883.09,29052.62,187.44,9.92,745.25,15.56,12.9,4.19,10.46
de23c3b98a88888289c6f5cc1209054a,sao paulo,SP,161,161,25933.67,2646.19,28579.86,177.51,9.26,495.76,10.95,9.94,4.29,10.56
897060da8b9a21f655304d50fd935913,ribeirao preto,SP,304,304,21740.51,6517.82,28258.33,92.96,23.07,521.44,14.95,11.84,3.72,23.26
dc4a0fc896dc34b0d5bfec8438291c80,ibitinga,SP,225,225,23655.98,4492.08,28148.06,125.1,15.96,543.08,13.89,6.67,3.81,20.89
a416b6a846a11724393025641d4edd5e,sao paulo,SP,157,157,24930.24,2935.56,27865.8,177.49,10.53,626.21,12.49,12.74,4.22,14.01
1c68394e931a64f90ea236c5ea590300,sarandi,PR,142,142,24832.75,2896.41,27729.16,195.28,10.45,654.39,16.05,3.52,3.9,16.9
f62d7bb4a613ec758a03342d46b580b2,vicosa,MG,32,32,24665.0,2125.59,26790.59,837.21,7.93,839.63,13.87,12.5,4.38,6.25
1a3df491d1c4f1589fc2b934ada68bf2,joinville,SC,160,160,22472.4,4078.23,26550.63,165.94,15.36,645.96,14.84,5.63,4.28,9.38
b94cc9f10ddc85e4ba73a6f7974e7101,macae,RJ,39,39,25346.1,1022.39,26368.49,676.12,3.88,711.77,10.58,7.69,4.3,13.51
710e3548e02bc1d2831dfc4f1b5b14d4,rolandia,PR,131,131,22369.25,3742.66,26111.91,199.33,14.33,718.51,14.5,4.58,3.43,30.77
7ad32824caee82087b3e2e5f33b1bf32,ibitinga,SP,147,147,22018.1,3477.7,25495.8,173.44,13.64,477.05,12.12,14.29,3.86,19.44
612170e34b97004b3ba37eae81836b4c,novo hamburgo,RS,107,107,23065.02,2307.06,25372.08,237.12,9.09,1034.32,10.99,1.87,4.43,7.48
f45122a9ab94eb4f3f8953578bc0c560,piracicaba,SP,184,184,21764.68,3279.19,25043.87,136.11,13.09,595.01,12.76,7.61,3.97,17.39
8f2ce03f928b567e3d56181ae20ae952,pirituba,SP,151,151,21213.2,3756.6,24969.8,165.36,15.04,633.74,14.38,15.23,4.15,12.0
729f06993dac8e860d4f02d7088ca48a,limeira,SP,94,94,19885.18,4913.09,24798.27,263.81,19.81,454.34,11.75,11.7,4.22,10.75
2b3e4a2a3ea8e01938cabda2a3e5cc79,sao paulo,SP,52,52,23629.15,905.95,24535.1,471.83,3.69,545.53,8.78,0.0,4.37,7.69
b37c4c02bda3161a7546a4e6d222d5b2,sao paulo,SP,4,4,24075.0,412.6,24487.6,6121.9,1.68,677.47,18.67,25.0,2.25,75.0
744dac408745240a2c2528fb1b6028f3,colombo,PR,78,78,22322.6,1877.8,24200.4,310.26,7.76,953.29,11.03,1.28,4.58,3.85
40db9e9aa57f7bb151bcda6b0f9bdbb7,recife,PE,12,12,23168.0,655.99,23823.99,1985.33,2.75,1632.83,14.78,8.33,2.36,63.64
06e5eefc71ec47ae763c5c6f8db7064f,porto alegre,RS,90,90,21648.67,2151.65,23800.32,264.45,9.04,1190.35,10.93,2.22,3.98,13.64
0dd184061fb0eaa7ca37932c68ab91c5,guarulhos,SP,161,161,18446.92,5319.5,23766.42,147.62,22.38,478.15,11.83,11.8,4.03,13.75
ff69aa92bb6b1bf9b8b7a51c2ed9cf8b,sao paulo,SP,20,20,21940.8,1754.4,23695.2,1184.76,7.4,372.61,11.46,25.0,3.65,30.0
85d9eb9ddc5d00ca9336a2219c97bb13,belo horizonte,MG,499,499,15107.24,8432.67,23539.91,47.17,35.82,699.25,14.64,3.61,4.22,9.27
8444e55c1f13cd5c179851e5ca5ebd00,congonhal,MG,92,92,21480.96,1964.71,23445.67,254.84,8.38,438.42,21.08,6.52,3.37,32.61
00ee68308b45bc5e2660cd833c3f81cc,sao paulo,SP,135,135,20260.0,3180.66,23440.66,173.63,13.57,264.03,9.62,8.89,4.3,11.19
7b0df942f46435babab05d49b744b2c4,braganca paulista,SP,32,32,22600.63,672.15,23272.78,727.27,2.89,448.65,11.09,9.38,4.39,6.45
59fb871bf6f4522a87ba567b42dafecf,sao paulo,SP,123,123,21178.6,2013.58,23192.18,188.55,8.68,703.28,12.0,6.5,4.28,7.32
004c9cd9d87a3c30c522c48c4fc07416,ibitinga,SP,156,156,19569.73,3524.29,23094.02,148.04,15.26,648.93,14.81,8.33,4.14,12.99
05ff92fedb5be47920fea08e501238b9,santo angelo,RS,57,57,21235.98,1747.89,22983.87,403.23,7.6,1344.46,12.34,5.26,4.32,5.26
dc317f341ab0e22f39acbd9dbf9b4a1f,cachoeirinha,RS,55,55,18988.4,3581.73,22570.13,410.37,15.87,1054.82,12.41,5.45,4.15,16.36
f457c46070d02cadd8a68551231220dd,maringa,PR,195,195,18798.3,3650.71,22449.01,115.12,16.26,641.86,14.55,6.15,3.88,20.1
48162d548f5b1b11b9d29d1e01f75a61,piracicaba,SP,66,66,20109.39,2042.44,22151.83,335.63,9.22,726.17,11.61,3.03,3.98,16.67
b1b3948701c5c72445495bd161b83a4c,sao paulo,SP,14,14,21519.5,404.75,21924.25,1566.02,1.85,331.32,23.4,64.29,1.93,71.43
bfd27a966d91cfaafdb25d076585f0da,serra negra,SP,114,114,19225.0,2636.41,21861.41,191.77,12.06,573.67,12.42,5.26,4.32,10.62
44073f8b7e41514de3b7815dd0237f4f,brasilia,DF,142,142,18380.64,3138.85,21519.49,151.55,14.59,930.77,13.15,3.52,3.74,20.57
128639473a139ac0f3e5f5ade55873a5,maringa,PR,527,527,11795.85,9679.69,21475.54,40.75,45.07,740.49,14.34,6.26,4.21,10.56
0c8380b62e38e8a1e6adbeba7eb9688c,tres coracoes,MG,180,180,17228.99,4071.75,21300.74,118.34,19.12,454.76,12.98,5.56,4.07,13.48
76d64c4aca3a7baf218bf93ef7fa768d,curitiba,PR,64,64,16911.8,3543.49,20455.29,319.61,17.32,645.6,10.97,3.13,4.23,14.06
54a1852d1b8f10312c55e906355666ee,santa barbara d'oeste,SP,198,198,17056.46,3361.57,20418.03,103.12,16.46,578.76,11.5,9.6,4.36,8.12
fa40cc5b934574b62717c68f3d678b6d,sao paulo,SP,304,304,15900.48,4482.53,20383.01,67.05,21.99,603.31,11.31,6.25,4.48,7.26
7aa4334be125fcdd2ba64b3180029f14,laranjal paulista,SP,214,214,16012.95,4317.57,20330.52,95.0,21.24,540.77,16.0,13.55,4.13,14.08
cd68562d3f44870c08922d380acae552,ribeirao preto,SP,122,122,18119.7,2160.16,20279.86,166.23,10.65,694.44,16.26,18.03,4.02,16.53
96493fab2fbb13a14d0c0e8772eef5c3,sao paulo,SP,63,63,18969.0,1212.23,20181.23,320.34,6.01,807.81,13.38,6.35,4.06,14.52
41b39e28db005d9731d9d485a83b4c38,santo andre,SP,187,187,16306.75,3757.77,20064.52,107.3,18.73,414.19,12.37,6.42,4.19,12.83
527801b552d0077ffd170872eb49683b,garca,SP,90,90,17942.8,2062.56,20005.36,222.28,10.31,651.59,13.12,10.0,4.47,7.87
1e8b33f18b4f7598d87f5cbee2282cc2,sao paulo,SP,122,122,17233.56,2690.51,19924.07,163.31,13.5,336.31,7.84,4.92,4.4,10.83
c33847515fa6305ce6feb1e818569f13,brusque,SC,114,114,15519.85,4374.41,19894.26,174.51,21.99,630.31,9.29,4.39,3.85,21.05
86ccac0b835037332a596a33b6949ee1,blumenau,SC,178,178,15894.34,3905.61,19799.95,111.24,19.73,660.63,12.06,3.37,4.23,11.86
9de4643a8dbde634fe55621059d92273,joinville,SC,72,72,17560.34,1722.07,19282.41,267.81,8.93,659.45,14.64,4.17,4.53,5.56
821fb029fc6e495ca4f08a35d51e53a5,sao paulo,SP,24,24,17851.62,1365.55,19217.17,800.72,7.11,772.93,16.79,37.5,3.48,30.43
d650b663c3b5f6fb392b6326366efa9a,cotia,SP,57,57,18335.9,852.11,19188.01,336.63,4.44,450.79,9.84,7.02,4.37,7.02
4b9750c8ad28220fe6702d4ecb7c898f,limeira,SP,217,217,15815.4,3358.45,19173.85,88.36,17.52,430.97,9.46,7.83,4.36,6.91
165fc07beebdcb6190fba8a06db2a449,maringa,PR,50,50,17481.4,1600.03,19081.43,381.63,8.39,826.31,12.98,12.0,3.8,22.0
4c2b230173bb36f9b240f2b8ac11786e,sao paulo,SP,258,258,14474.57,4354.14,18828.71,72.98,23.13,480.36,12.87,10.08,3.98,18.11
c72de06d72748d1a0dfb2125be43ba63,guanambi,BA,21,21,17522.0,1211.18,18733.18,892.06,6.47,1030.76,9.7,0.0,4.48,4.76
79ebd9a61bac3eaf882805ed4ecfa12a,cascavel,PR,133,133,14783.09,3947.43,18730.52,140.83,21.07,858.02,15.38,6.02,4.06,13.53
94144541854e298c2d976cb893b81343,viamao,RS,68,68,17286.28,1429.37,18715.65,275.23,7.64,930.93,12.94,4.41,4.25,11.94
a888faf2d1baececa6baf9c3d603ee1f,umuarama,PR,53,53,17564.8,1107.95,18672.75,352.32,5.93,931.42,18.02,15.09,4.09,15.09
213b25e6f54661939f11710a6fddb871,salto,SP,152,152,15105.95,3381.01,18486.96,121.62,18.29,481.93,15.24,8.55,3.81,20.53
ef0ace09169ac090589d85746e3e036f,sao goncalo,RJ,128,128,16105.4,2299.38,18404.78,143.79,12.49,610.89,12.82,8.59,4.4,7.81
2a84855fd20af891be03bc5924d2b453,belo horizonte,MG,155,155,14989.0,3276.72,18265.72,117.84,17.94,525.73,8.58,3.23,4.38,7.79
2138ccb85b11a4ec1e37afbd1c8eda1f,sao paulo,SP,388,388,12089.22,5902.67,17991.89,46.37,32.81,630.87,11.35,5.41,3.96,16.54
0adac9fbd9a2b63cccaac4f8756c1ca8,louveira,SP,106,106,15557.6,2397.9,17955.5,169.39,13.35,403.51,13.07,6.6,4.09,12.26
abe42c5d03695b4257b5c6cbf4e6784e,rio de janeiro,RJ,49,49,17000.0,947.55,17947.55,366.28,5.28,714.98,14.36,16.33,3.96,16.67
229c3efbfb0ea2058de4ccdfbc3d784a,belo horizonte,MG,118,118,15479.0,2300.71,17779.71,150.68,12.94,578.53,10.76,1.69,3.62,25.64
8ae520247981aa06bc94abddf5f46d34,navegantes,SC,65,65,16320.99,1445.35,17766.34,273.33,8.14,667.74,10.98,1.54,4.45,9.23
01fdefa7697d26ad920e9e0346d4bd1b,londrina,PR,128,128,14802.53,2730.26,17532.79,136.97,15.57,591.56,10.73,6.25,4.38,5.51
4a3ccda38b2129705f3fb522db62ca31,marilia,SP,64,64,16169.09,1339.72,17508.81,273.58,7.65,669.39,13.32,9.38,3.94,20.31
66922902710d126a0e7d26b0e3805106,belo horizonte,MG,150,150,14267.3,3197.63,17464.93,116.43,18.31,618.16,11.32,7.33,4.5,5.37
d921b68bf747894be13a97ae52b0f386,formiga,MG,77,77,15645.8,1758.01,17403.81,226.02,10.1,614.53,9.98,1.3,4.56,5.19
1b4c3a6f53068f0b6944d2d005c9fc89,sao ludgero,SC,111,111,14420.5,2976.49,17396.99,156.73,17.11,972.74,14.55,6.31,4.25,10.0
5cf13accae3222c70a9cac40818ae839,patos de minas,MG,148,148,14293.3,3002.88,17296.18,116.87,17.36,651.75,10.7,3.38,4.48,7.48
e5a38146df062edaf55c38afa99e42dc,sao paulo,SP,120,120,15270.89,1885.54,17156.43,142.97,10.99,479.96,12.19,9.17,3.98,16.81
c3acdfac4e3e97ff87529454fbc03642,sao paulo,SP,12,12,16788.0,269.28,17057.28,1421.44,1.58,515.14,11.16,8.33,4.25,8.33
d94a40fd42351c259927028d163af842,baependi,MG,100,100,13674.8,3347.57,17022.37,170.22,19.67,490.19,13.94,4.0,4.21,10.2
2e90cb1677d35cfe24eef47d441b7c87,sao paulo,SP,127,127,13894.71,2887.45,16782.16,132.14,17.21,,12.45,13.39,4.12,14.17
6d66611d7c44cc30ce351abc49a68421,sao paulo,SP,164,164,13428.6,3216.66,16645.26,101.5,19.32,566.58,12.03,6.1,3.97,15.43
2a5b78b41cd05baeac8df54c6606b92c,formiga,MG,46,46,15554.28,1021.19,16575.47,360.34,6.16,387.08,9.04,2.17,4.54,4.35
1f1bb1f0859883505541bdd6606193e5,sao paulo,SP,27,27,16040.84,522.03,16562.87,613.44,3.15,695.32,13.98,11.11,4.33,7.41
6061155addc1e54b4cfb51c1c2a32ad8,campinas,SP,28,28,15633.4,879.91,16513.31,589.76,5.33,389.67,5.97,3.57,4.64,3.57
669ae81880e08f269a64487cfb287169,rio do sul,SC,161,161,13133.87,3351.33,16485.2,102.39,20.33,693.13,12.19,4.35,4.26,11.88
c847e075301870dd144a116762eaff9a,uberaba,MG,41,41,15248.8,1092.68,16341.48,398.57,6.69,860.32,16.93,9.76,4.2,15.0
a3e9a2c700480d9bb01fba070ba80a0e,ibitinga,SP,129,129,13371.8,2869.03,16240.83,125.9,17.67,523.01,13.22,10.08,4.0,16.54
3b15288545f8928d3e65a8f949a28291,ibitinga,SP,101,101,13764.82,2400.06,16164.88,160.05,14.85,552.63,14.46,6.93,4.08,12.0
cfb1a033743668a192316f3c6d1d2671,votorantim,SP,143,143,12609.54,3361.16,15970.7,111.68,21.05,403.49,12.21,11.89,4.04,16.2
a673821011d0cec28146ea42f5ab767f,sao paulo,SP,125,125,13366.0,2562.04,15928.04,127.42,16.09,329.97,12.96,11.2,4.05,16.53
f9244d45189d3a3605499abddeade7d5,sao paulo,SP,20,20,15081.44,820.72,15902.16,795.11,5.16,764.55,15.18,0.0,4.35,5.0
6edacfd9f9074789dad6d62ba7950b9c,guarulhos,SP,205,205,12966.4,2905.88,15872.28,77.43,18.31,397.74,9.09,5.85,4.38,8.78
6039e27294dc75811c0d8a39069f52c0,osasco,SP,63,63,13500.8,2334.72,15835.52,251.36,14.74,634.5,17.99,22.22,3.73,19.05
8e6d7754bc7e0f22c96d255ebda59eba,sao jose dos campos,SP,84,84,14107.38,1685.97,15793.35,188.02,10.68,375.58,15.29,16.67,3.61,26.19
a5cba26a62b8b4d0145b68b841e62e7f,campo mourao,PR,53,53,14438.84,1346.93,15785.77,297.84,8.53,878.95,13.18,1.89,4.57,3.77
1f9ab4708f3056ede07124aad39a2554,tupa,SP,76,76,13312.93,2379.72,15692.65,206.48,15.16,880.84,14.52,5.26,4.09,8.0
701938c450705b8ae65fc923b70f35c7,s jose do rio preto,SP,74,74,11879.29,3771.6,15650.89,211.5,24.1,484.34,12.98,6.76,4.0,12.33
b8bc237ba3788b23da09c0f1f3a3288c,itajai,SC,45,45,13685.71,1935.45,15621.16,347.14,12.39,623.53,11.74,2.22,4.32,6.82
080199a181c46c657dc5aa235411be3b,osasco,SP,79,79,14504.2,1040.68,15544.88,196.77,6.69,349.24,8.09,2.53,4.62,1.28
289cdb325fb7e7f891c38608bf9e0962,belo horizonte,SP,109,109,13410.55,2075.52,15486.07,142.07,13.4,526.92,6.73,1.83,4.59,5.5
ce248b21cb2adc36282ede306b7660e5,jaragua do sul,SC,64,64,13560.19,1895.01,15455.2,241.49,12.26,705.73,15.72,10.94,4.23,12.5
ac3508719a1d8f5b7614b798f70af136,canoas,RS,101,101,12446.14,2964.52,15410.66,152.58,19.24,1022.76,9.46,2.97,4.64,3.0
aba1721a889e04decc910aa13b768ef4,sao paulo,SP,83,83,14103.3,1249.17,15352.47,184.97,8.14,504.11,9.33,10.84,4.45,9.64
c31eff8334d6b3047ed34bebd4d62c36,salto,SP,120,120,12991.61,2359.24,15350.85,127.92,15.37,473.13,12.67,14.17,3.87,17.65
530ec6109d11eaaf87999465c6afee01,cascavel,PR,94,94,12682.11,2597.05,15279.16,162.54,17.0,888.58,10.85,1.06,4.34,8.51
e2a1ac9bf33e5549a2a4f834e70df2f8,sao paulo,SP,5,5,14999.45,201.11,15200.56,3040.11,1.32,536.93,12.34,0.0,4.8,0.0
c6bda72e4dbf5c5866b13cb1810c6d03,sao paulo,SP,59,59,14059.38,1136.74,15196.12,257.56,7.48,519.37,10.21,3.39,4.39,8.47
440dd6ab244315c632130ecfb63827b1,votuporanga,SP,91,91,13089.0,2046.68,15135.68,166.33,13.52,929.0,16.62,13.19,3.89,15.38
431af27f296bc6519d890aa5a05fdb11,ribeirao preto,SP,116,116,12974.6,2128.45,15103.05,130.2,14.09,559.62,17.23,15.52,3.8,23.48
05f51e13da97139648b8125c31e5f51b,belo horizonte,MG,57,57,13100.31,1888.65,14988.96,262.96,12.6,578.91,12.51,15.79,4.23,14.04
a7f13822ceb966b076af67121f87b063,itaquaquecetuba,SP,73,73,12017.69,2962.74,14980.43,205.21,19.78,616.39,22.71,6.85,3.4,27.78
00fc707aaaad2d31347cf883cd2dfe10,maringa,PR,103,103,12684.9,2285.09,14969.99,145.34,15.26,646.1,15.11,4.85,4.08,15.69
d50d79cb34e38265a8649c383dcffd48,sao paulo,SP,70,70,13012.42,1932.26,14944.68,213.5,12.93,765.62,13.16,7.14,4.25,8.7
ce7d1888639e6fb06b2749cbfdac1ff7,baependi,MG,78,78,11793.89,3082.65,14876.54,190.72,20.72,408.05,14.55,8.97,4.17,16.67
0ea22c1cfbdc755f86b9b54b39c16043,sete lagoas,MG,234,234,10592.1,4231.98,14824.08,63.35,28.55,614.73,11.03,1.71,4.41,6.06
9e6229250fedbe05838fef417b74e7fb,mirandopolis,SP,73,73,12962.3,1834.96,14797.26,202.7,12.4,697.67,11.83,4.11,3.89,15.07
0b35c634521043bf4b47e21547b99ab5,teixeira soares,PR,50,50,13235.65,1455.14,14690.79,293.82,9.91,736.62,19.27,16.0,3.41,34.69
48436dade18ac8b2bce089ec2a041202,volta redonda,SP,134,134,11821.11,2840.9,14662.01,109.42,19.38,620.62,14.35,7.46,4.1,12.69
ef506c96320abeedfb894c34db06f478,sao paulo,SP,316,316,9556.5,5092.3,14648.8,46.36,34.76,780.3,13.46,8.54,3.96,16.24
f08a5b9dd6767129688d001acafc21e5,porto alegre,RS,11,11,14069.63,496.11,14565.74,1324.16,3.41,1226.61,18.87,18.18,4.27,9.09
2e1c9f22be269ef4643f826c9e650a52,sao paulo,SP,161,161,12170.24,2321.28,14491.52,90.01,16.02,471.1,9.82,6.83,4.24,11.25
e26901d5ab434ce92fd9b5c256820a4e,maua,SP,197,197,11601.5,2880.13,14481.63,73.51,19.89,396.04,9.29,2.54,4.2,10.15
610f72e407cdd7caaa2f8167b0163fd8,sao paulo,SP,16,16,13585.16,844.29,14429.45,901.84,5.85,208.89,12.7,12.5,3.62,31.25
34d1ca11b242c0fee2c834ae8d788566,congonhas,MG,40,40,13422.24,982.04,14404.28,360.11,6.82,829.25,13.18,0.0,4.33,5.13
d05ae8f7a5bd1d2a690a44cd079e4e27,rio de janeiro,RJ,77,77,13244.0,1141.65,14385.65,186.83,7.94,465.24,11.33,9.09,3.89,21.05
d6b1ce66b035a475f00c017792ff9769,salto,SP,92,92,12277.4,2038.48,14315.88,155.61,14.24,512.88,10.21,6.52,4.28,7.78
a6bd7d1ccdac48c6b33b28596b7eb122,mamanguape,PB,15,15,13669.11,637.8,14306.91,953.79,4.46,1577.77,15.62,13.33,3.5,35.71
8d956fec2e4337affcb520f56fd8cbfd,sao bernardo do campo,SP,210,210,10988.2,3313.85,14302.05,68.1,23.17,575.35,9.27,10.48,4.21,9.52
813348c996469b40f2e028d5429d3495,jundiai,SP,172,172,10813.53,3457.7,14271.23,82.97,24.23,374.84,10.17,5.23,4.07,14.79
2b1a40c1daabc6ca280c4b815c101841,divinopolis,MG,22,22,12342.6,1833.14,14175.74,644.35,12.93,581.25,13.43,4.55,3.82,18.18
240b9776d844d37535668549a396af32,niteroi,RJ,35,35,13332.09,839.56,14171.65,404.9,5.92,443.61,11.36,5.71,4.34,8.57
ff063b022a9a0aab91bad2c9088760b7,santo andre,SP,94,94,12076.5,1984.77,14061.27,149.59,14.12,503.3,9.39,3.19,4.31,8.6
95e03ca3d4146e4011985981aeb959b9,rio de janeiro,RJ,172,172,10865.16,3189.3,14054.46,81.71,22.69,607.23,12.53,3.49,4.02,14.12
1ca7077d890b907f89be8c954a02686a,santana de parnaiba,SP,108,108,12474.64,1522.01,13996.65,129.6,10.87,390.85,15.54,22.22,2.39,59.81
75d34ebb1bd0bd7dde40dd507b8169c3,salvador,BA,57,57,12656.33,1313.44,13969.77,245.08,9.4,1055.76,16.05,15.79,3.93,19.3
cab85505710c7cb9b720bceb52b01cee,sao paulo,SP,201,201,11124.6,2827.39,13951.99,69.41,20.27,525.4,10.14,2.49,4.34,6.5
0be8ff43f22e456b4e0371b2245e4d01,sao paulo,SP,156,156,11336.0,2508.49,13844.49,88.75,18.12,491.63,10.4,6.41,4.03,17.31
b372ee768ed69e46ca8cdbd267aa7a38,sao jose do rio preto,SP,63,63,12630.0,1183.84,13813.84,219.27,8.57,760.23,12.49,0.0,4.43,9.52
80e6699fe29150b372a0c8a1ebf7dcc8,pinhais,PR,96,96,11119.66,2667.15,13786.81,143.61,19.35,763.03,11.56,4.17,4.34,8.42
e24fc9fcd865784fb25705606fe3dfe7,braganca paulista,SP,51,51,12768.0,1012.71,13780.71,270.21,7.35,664.86,12.58,7.84,4.16,11.76
8cc6a0e5738e61a87b03c78b2ba9db4b,andradas,MG,23,23,13272.7,503.9,13776.6,598.98,3.66,643.87,16.77,8.7,4.48,4.35
99eaacc9e6046db1c82b163c5f84869f,franca,SP,63,63,12642.28,1081.66,13723.94,217.84,7.88,633.54,14.98,11.11,4.0,17.46
6cd68b3ed6d59aaa9fece558ad360c0a,belo horizonte,MG,149,149,11188.57,2529.89,13718.46,92.07,18.44,628.94,10.53,2.01,4.46,3.36
5a8e7d5003a1f221f9e1d6e411de7c23,campinas,SP,137,137,11042.1,2666.7,13708.8,100.06,19.45,498.79,10.21,5.84,4.17,12.41
adbc26658d6c7b4b6219f9d934598091,curitiba,PR,88,88,11806.4,1885.85,13692.25,155.59,13.77,523.13,17.26,15.91,4.12,15.91
c8b0e2b0a7095e5d8219575d5e7e1181,itaquaquecetuba,SP,84,84,12170.21,1487.13,13657.34,162.59,10.89,542.28,10.16,7.14,4.08,14.46
70c27847eca8195c983ed7e798c56743,rio de janeiro,RJ,77,77,12077.52,1451.66,13529.18,175.7,10.73,443.74,11.21,9.09,4.23,18.18
056b4ada5bbc2c50cc7842547dda6b51,queimados,RJ,64,64,12203.4,1282.39,13485.79,210.72,9.51,602.75,12.78,10.94,4.21,12.7
e8b3a3a38279a82f0e5d006d5e5b7d2c,jussara,PR,80,80,11762.4,1645.81,13408.21,167.6,12.27,879.18,17.31,5.0,4.01,16.25
ed4acab38528488b65a9a9c603ff024a,sao paulo,SP,32,32,12759.45,610.31,13369.76,417.81,4.56,399.01,9.89,3.23,3.72,21.88
87b740daf17b5d1be335a64164ec6842,suzano,SP,11,11,12099.89,1254.94,13354.83,1214.08,9.4,495.05,18.17,9.09,3.73,18.18
09f952a5f58d2285b0372551ae8f9b01,sao bernardo do campo,SP,50,50,11821.5,1524.96,13346.46,266.93,11.43,739.58,13.29,6.0,3.84,18.0
1d8dbc4f32378d715c717c1c1fc57bae,arapongas,PR,91,91,11205.99,2085.15,13291.14,146.06,15.69,710.52,15.57,9.89,4.06,14.61
ad97a199236354e53fcd91a5a913e9a2,brusque,SC,16,16,12446.85,837.17,13284.02,830.25,6.3,490.22,15.63,12.5,4.5,6.25
039e6ad9dae79614493083e241147386,sao paulo,SP,5,5,12925.0,348.42,13273.42,2654.68,2.62,731.6,14.59,20.0,4.0,20.0
25e6ffe976bd75618accfe16cefcbd0d,sao paulo,SP,106,106,11552.62,1687.18,13239.8,124.9,12.74,563.51,10.15,5.66,4.44,7.55
7202e2ba20579a9bd1acb29e61fe71f6,franca,SP,51,51,12085.7,1131.51,13217.21,259.16,8.56,860.4,13.34,5.88,3.98,16.0
c66dccfb3f109511246da627dd5a2498,registro,SP,44,44,12182.55,944.74,13127.29,298.35,7.2,830.88,11.35,4.55,4.57,6.82
8b8cfc8305aa441e4239358c9f6f2485,londrina,PR,15,15,11892.0,1218.7,13110.7,874.05,9.3,627.2,12.54,13.33,4.2,13.33
562fc2f2c2863ab7e79a9e4388a58a14,campinas,SP,255,255,8659.25,4224.96,12884.21,50.53,32.79,767.23,11.31,3.53,4.23,9.88
1da3aeb70d7989d1e6d9b0e887f97c23,sao paulo,SP,261,261,8691.56,4175.52,12867.08,49.3,32.45,449.42,8.6,5.75,4.17,12.31
b4f8921fcc4ff77b66bea6dda43dcd51,caxias do sul,RS,18,18,11395.05,1468.36,12863.41,714.63,11.42,625.26,7.79,5.56,4.56,11.11
d1b65fc7debc3361ea86b5f14c68d2e2,mogi guacu,SP,39,39,11413.17,1410.15,12823.32,328.8,11.0,501.69,9.19,5.13,4.64,2.56
5058e8c1e82653974541e83690655b4a,itaquaquecetuba,SP,62,62,9812.83,3008.63,12821.46,206.8,23.47,516.78,26.68,12.9,3.25,31.15
6e386f64c84e482f0b9abf960797ee1b,sao paulo,SP,29,29,12209.3,611.51,12820.81,442.1,4.77,943.97,10.48,10.34,4.61,3.57
ccb83a794700270fde70898fe9ff368b,sombrio,SC,12,12,11062.0,1723.73,12785.73,1065.48,13.48,857.58,16.59,16.67,4.33,8.33
c9c7905cffc4ef9ff9f113554423e671,itapecerica da serra,SP,127,127,10657.18,2109.53,12766.71,100.53,16.52,632.98,11.09,10.24,4.14,11.02
fbc14c0cf93505ef89f64665ffa4a7b5,serrana,SP,18,18,12227.82,531.11,12758.93,708.83,4.16,631.4,12.07,5.56,4.18,11.76
b499c00f28f4b7069ff6550af8c1348a,limeira,SP,147,147,10162.18,2503.6,12665.78,86.16,19.77,412.07,11.27,12.93,4.22,10.2
f262cbc1c910c83959f849465454ddd3,sao paulo,SP,189,189,10199.86,2455.04,12654.9,66.96,19.4,355.55,9.11,9.52,4.18,13.83
72c5da29406b4234927b81855e7b64f6,guarulhos,SP,31,31,11798.69,853.78,12652.47,408.14,6.75,871.26,10.8,3.23,4.13,12.9
66e0557ecc2b4dbea057e93f215f68d8,sao paulo,SP,30,30,12141.0,487.42,12628.42,420.95,3.86,572.56,31.73,26.67,4.03,13.33
dd2bdf855a9172734fbc3744021ae9b9,belo horizonte,MG,105,105,10607.0,1992.01,12599.01,119.99,15.81,667.81,15.35,5.71,3.88,17.82
ca3bd7cd9f149df75950150d010fe4a2,sao paulo,SP,68,68,9253.47,3318.89,12572.36,184.89,26.4,388.54,13.58,4.41,4.09,14.71
1c129092bf23f28a5930387c980c0dfc,sao paulo,SP,200,200,9528.62,3021.57,12550.19,62.75,24.08,451.64,11.75,5.5,4.25,11.56
4830e40640734fc1c52cd21127c341d4,sao paulo,SP,204,204,9490.5,3011.92,12502.42,61.29,24.09,531.57,9.98,6.86,4.23,10.29
7901646fdd36a55f564ffaf2dbccaaf7,rio de janeiro,RJ,22,22,11857.08,621.75,12478.83,567.22,4.98,308.67,9.82,13.64,4.5,9.09
7ea5bfa6c340f58f8e71fc1f0412b0d6,belo horizonte,MG,96,96,10838.41,1631.85,12470.26,129.9,13.09,630.0,13.05,7.29,4.19,9.47
54965bbe3e4f07ae045b90b0b8541f52,foz do iguacu,PR,73,73,10351.7,2076.26,12427.96,170.25,16.71,916.82,26.17,30.14,3.14,40.58
7040e82f899a04d1b434b795a43b4617,sao paulo,SP,208,208,9213.7,3123.26,12336.96,59.31,25.32,515.77,10.51,9.62,3.65,25.73
c864036feaab8c1659f65ea4faebe1da,campo largo,PR,58,58,10454.2,1845.57,12299.77,212.06,15.0,658.24,12.28,3.45,4.57,5.17
82e0a475a88cc9595229d8029273f045,sao paulo,SP,41,41,10748.02,1468.38,12216.4,297.96,12.02,797.41,16.0,9.76,3.71,26.83
5343d0649eca2a983820bfe93fc4d17e,santo andre,SP,70,70,9819.02,2375.07,12194.09,174.2,19.48,597.03,11.27,10.0,3.87,23.19
33a6f4b1e7cdc205511e76ba1b6e0186,guarulhos,SP,105,105,10295.01,1888.9,12183.91,116.04,15.5,406.69,8.5,1.9,4.41,8.57
c4d51195486dc781531876a7d00453d8,presidente prudente,SP,17,17,11468.98,569.37,12038.35,708.14,4.73,1363.63,23.73,29.41,3.94,11.76
bba3293d6f5d5af2f415e004e8b93ae3,sao paulo,SP,17,17,11702.1,326.69,12028.79,707.58,2.72,632.91,12.07,5.88,4.29,11.76
dd7ddc04e1b6c2c614352b383efe2d36,sao paulo,SP,121,121,9148.61,2876.57,12025.18,99.38,23.92,422.08,15.02,15.7,3.88,18.33
17ca9b9e9b9ef8fdb529001b49ebb50f,betim,MG,115,115,9649.86,2348.96,11998.82,104.34,19.58,547.54,8.24,2.61,4.07,13.91
c60b801f2d52c7f7f91de00870882a75,guarulhos,SP,39,39,11296.5,698.44,11994.94,307.56,5.82,624.93,16.1,20.51,3.44,28.21
23d7c96d4a1160db1c726b248601b25a,capivari,SP,50,50,10658.24,1288.93,11947.17,238.94,10.79,483.02,13.13,12.0,3.92,16.67
f3b80352b986ab4d1057a4b724be19d0,brasilia,DF,86,86,9815.1,2126.26,11941.36,138.85,17.81,788.06,10.46,0.0,4.21,11.63
4e7c18b98d84e05cbae3ff0ff03846c2,jaboticabal,SP,81,81,9038.9,2823.46,11862.36,146.45,23.8,577.52,12.09,4.94,4.2,17.5
32b8764b4ef628b53608fc34011fcc13,lages,SC,36,36,8884.0,2970.42,11854.42,329.29,25.06,853.38,11.23,8.33,4.19,5.56
9d5a9018aee56acb367ba9c3f05d1d6a,aparecida de goiania,GO,66,66,10119.98,1671.41,11791.39,178.66,14.17,910.2,15.02,1.52,4.45,10.61
f80edd2c5aaa505cc4b0a3b219abf4b8,sao paulo,SP,116,116,8855.5,2935.12,11790.62,101.64,24.89,571.11,12.07,5.17,4.15,13.91
6973a06f484aacf400ece213dbf3d946,sao jose dos campos,SP,89,89,10418.72,1287.87,11706.59,131.53,11.0,291.7,14.9,16.85,3.72,22.73
aafe36600ce604f205b86b5084d3d767,sao jose,SC,129,129,9251.4,2421.8,11673.2,90.49,20.75,732.61,12.5,4.65,4.4,9.3
aaed1309374718fdd995ee4c58c9dfcd,timbo,SC,104,104,9345.45,2314.28,11659.73,112.11,19.85,788.79,12.24,2.88,4.06,13.46
ce27a3cc3c8cc1ea79d11e561e9bebb6,sao paulo,SP,122,122,9465.45,2154.67,11620.12,95.25,18.54,575.08,10.2,2.46,4.19,11.11
5d378b73ab7dd6f0418d743e5dcb0bd1,sao paulo,SP,6,6,11254.0,358.7,11612.7,1935.45,3.09,1274.56,30.49,16.67,3.83,16.67
31344c16881c08a8a72c6d2eb29918c1,uba,MG,42,42,9365.8,2208.55,11574.35,275.58,19.08,580.83,15.7,4.76,4.43,9.52
8b28d096634035667e8263d57ba3368c,sao jose dos campos,SP,139,139,9025.3,2507.74,11533.04,82.97,21.74,493.93,14.07,11.51,4.01,14.6
3db66a856d18a9cba7c9241fc5221c50,ponte nova,MG,94,94,9478.3,2044.36,11522.66,122.58,17.74,681.77,16.0,11.7,4.2,10.64
01cf7e3d21494c41fb86034f2e714fa1,francisco beltrao,PR,59,59,9439.56,1964.45,11404.01,193.29,17.23,930.17,11.79,5.08,4.12,12.07
0df3984f9dfb3d49ac6366acbd3bbb85,betim,MG,86,86,9891.49,1483.05,11374.54,132.26,13.04,691.2,9.55,1.16,4.38,9.3
9d4db00d65d7760644ac0c14edb5fd86,sorocaba,SP,97,97,9845.71,1509.59,11355.3,117.06,13.29,304.47,8.06,4.12,4.54,4.17
9b013e03b2ab786505a1d3b5c0756754,vicente de carvalho,SP,170,170,8714.55,2556.28,11270.83,66.3,22.68,250.84,8.56,5.88,4.22,12.43
92eb0f42c21942b6552362b9b114707d,sao paulo,SP,334,334,6416.41,4845.63,11262.04,33.72,43.03,589.83,13.71,8.08,4.02,14.16
5656537e588803a555b8eb41f07a944b,brasilia,DF,171,171,7931.26,3324.29,11255.55,65.82,29.53,827.62,11.29,7.6,3.89,18.71
ea566164622c6b439516ab18062c42cd,sao  paulo,SP,50,50,10309.42,858.56,11167.98,223.36,7.69,638.03,14.03,22.0,3.78,24.0
fffd5413c0700ac820c7069d66d98c89,amparo,SP,57,57,8535.0,2590.3,11125.3,195.18,23.28,583.83,13.79,14.04,3.89,21.43
6c7d50c24b3ccd2fd83b44d8bb34e073,presidente prudente,SP,112,112,8445.96,2677.83,11123.79,99.32,24.07,799.68,12.27,1.79,4.45,6.31
81a1104df0f08b59c68aa5b03cfe398e,sao jose dos pinhais,PR,72,72,9320.98,1794.45,11115.43,154.38,16.14,794.56,12.83,5.56,4.31,7.14
bd23da7354813347129d751591d1a6e2,sao paulo,SP,86,86,9704.6,1384.56,11089.16,128.94,12.49,460.73,9.87,4.65,4.12,15.29
259f7b5e6e482c230e5bfaa670b6bb8f,poa,SP,136,136,8393.14,2694.28,11087.42,81.53,24.3,366.63,8.74,2.21,4.35,10.37
0db783cfcd3b73998abc6e10e59a102f,santos,SP,132,132,9077.4,1999.15,11076.55,83.91,18.05,624.08,11.62,3.79,4.21,12.98
1c5e4e49b9079480255b49d50aac1aa9,santos,SP,12,12,10173.11,889.61,11062.72,921.89,8.04,412.18,8.8,0.0,4.33,8.33
cbd996ad3c1b7dc71fd0e5f5df9087e2,sao jose do rio preto,SP,160,160,8217.5,2771.94,10989.44,68.68,25.22,550.07,12.85,8.75,4.21,11.46
c510bc1718f0f2961eaa42a23330681a,indaiatuba,SP,12,12,10141.0,710.45,10851.45,904.29,6.55,258.08,6.96,0.0,4.25,16.67
e5a3438891c0bfdb9394643f95273d8e,limeira,SP,216,216,7549.96,3280.74,10830.7,50.14,30.29,495.71,15.66,18.52,3.99,17.67
624f4ece8da4aafb77699233d480f8ef,sao paulo,SP,52,52,9046.0,1705.55,10751.55,206.76,15.86,714.21,13.63,7.69,4.25,11.54
5882820ef11c4c068eea0677a7a879b4,caxias do sul,RS,14,14,9925.5,739.31,10664.81,761.77,6.93,721.84,14.97,7.14,4.15,0.0
b92e3c8f9738272ff7c59e111e108d7c,uba,MG,62,62,8231.09,2414.21,10645.3,171.7,22.68,587.99,16.73,3.23,4.16,17.74
066a6914e1ebf3ea95a216c73a986b91,foz do iguacu,PR,66,66,8956.38,1655.18,10611.56,160.78,15.6,952.69,13.31,3.03,4.09,12.12
7b1222c3624aa89b9558b50a2594188c,sao jose do rio preto,SP,22,22,10103.52,457.57,10561.09,480.05,4.33,851.01,17.67,13.64,4.45,9.09
7b07b3c7487f0ea825fc6df75abd658b,sao paulo,SP,91,91,9259.47,1292.69,10552.16,115.96,12.25,449.66,9.59,4.4,4.42,9.89
7008613ea464bad5cb9b83456e1e6a8f,canoinhas,SC,123,123,7538.7,2949.34,10488.04,85.27,28.12,727.83,14.48,4.88,4.28,7.38
f27e33c6d29b5138fa9967bcd445b6d5,sao paulo,SP,93,93,8888.3,1593.95,10482.25,112.71,15.21,538.42,12.07,10.75,4.1,16.13
06532f10282704ef4c69168b914b77be,paincandu,PR,7,7,9827.95,632.8,10460.75,1494.39,6.05,1410.58,16.62,0.0,4.71,0.0
a49928bcdf77c55c6d6e05e09a9b4ca5,sao paulo,SP,96,96,8646.9,1726.92,10373.82,108.06,16.65,576.89,16.93,26.04,3.03,40.63
b2ac621f0d0322434d04a12b078b9369,curitiba,PR,30,30,9575.5,781.39,10356.89,345.23,7.54,1112.94,14.67,10.0,4.4,6.67
cb8bcce248bb1fb274ba762d8b971456,santa rita do sapucai,MG,66,66,9152.4,1200.09,10352.49,156.86,11.59,585.62,12.63,1.52,4.33,4.55
0bae85eb84b9fb3bd773911e89288d54,itajai,SP,136,136,7433.56,2907.0,10340.56,76.03,28.11,597.06,10.28,0.74,4.29,6.62
e96498ed8daaa3e9c23f7a62da76591c,sao paulo,SP,34,34,9619.09,713.1,10332.19,303.89,6.9,788.18,15.2,14.71,3.94,20.59
048c2757535328e0d7dac690ad3c0aae,franca,SP,50,50,9065.08,1247.33,10312.41,206.25,12.1,926.34,18.51,14.0,4.24,14.29
b1a81260566c1bac3114a6d124413f27,carazinho,RS,51,51,8684.69,1565.51,10250.2,200.98,15.27,950.33,8.57,1.96,4.27,13.73
d98eec89afa3380e14463da2aabaea72,porto alegre,RS,168,168,6968.53,3256.78,10225.31,60.86,31.85,1013.79,8.56,2.38,4.34,7.78
b1fc4f64df5a0e8b6913ab38803c57a9,sao goncalo,RJ,107,107,7994.74,2146.25,10140.99,94.78,21.16,849.16,15.92,12.15,3.86,20.95
3c487ae8f8d7542beff5788e2e0aea83,gama,DF,30,30,9385.7,719.65,10105.35,336.84,7.12,828.83,13.74,3.33,4.2,10.0
5b8154610ebb21fb90eb587365e673df,sao jose dos campos,SP,37,37,9048.05,1048.67,10096.72,272.88,10.39,409.77,13.05,10.81,4.16,13.51
05feb94f19d094d4b0f9281f0b1d4c99,mogi das cruzes,SP,6,6,9353.0,697.04,10050.04,1675.01,6.94,1088.34,15.37,0.0,4.5,0.0
cf8ab1616079e2793aa29d524df01bb1,sao paulo,SP,6,6,9594.0,437.56,10031.56,1671.93,4.36,721.28,26.41,16.67,2.5,66.67
e7df4cd29ab5abab70fb0783ddb53987,sao paulo,SP,23,23,9608.7,413.37,10022.07,435.74,4.12,286.36,10.16,17.39,4.3,8.7
972d0f9cf61b499a4812cf0bfa3ad3c4,brusque,SC,81,81,7910.42,2100.73,10011.15,123.59,20.98,725.73,18.19,11.11,3.03,41.77
febab0275244b9a49a623f0bd613ca2f,pedreira,SP,106,106,7094.82,2906.49,10001.31,94.35,29.06,349.93,8.65,4.72,4.44,7.55
5f2684dab12e59f83bef73ae57724e45,sao paulo,SP,67,67,8870.97,1109.75,9980.72,148.97,11.12,433.44,10.65,5.97,3.79,23.88
8e8a7ce9f2f970dc00e2acf6f6e199f6,sao goncalo,RJ,63,63,8821.0,1147.78,9968.78,158.23,11.51,662.25,12.25,9.52,3.98,12.7
640e21a7d01df7614a3b4923e990d40c,ibitinga,SP,115,115,7528.89,2431.66,9960.55,86.61,24.41,493.96,10.32,6.96,4.33,7.83
6d803cb79cc31c41c4c789a75933b3c7,sao joaquim da barra,SP,58,58,8711.4,1213.67,9925.07,171.12,12.23,581.57,13.3,6.9,4.24,8.62
d71d863e5ef30d94e440c11be17dcd8f,osasco,SP,23,23,9246.9,673.19,9920.09,431.31,6.79,732.93,19.16,13.04,3.33,38.1
270297ead4c65a6cd2593960d2af6b21,sao paulo,SP,17,17,9344.4,537.36,9881.76,581.28,5.44,909.7,14.34,0.0,3.82,29.41
2dee2ce60de9709b1a24083217181a1f,sinop,MT,54,54,7784.5,2060.06,9844.56,182.31,20.93,1576.62,14.14,1.85,4.43,5.56
a00824eb9093d40e589b940ec45c4eb0,bofete,SP,3,3,9399.97,379.49,9779.46,3259.82,3.88,332.54,8.01,0.0,4.67,0.0
4371b634e0efc0e22b09b52907d9d469,sao paulo,SP,101,101,8168.0,1477.01,9645.01,95.5,15.31,461.41,11.12,7.92,4.48,7.0
d03698c2efd04a549382afa6623e27fb,ilheus,BA,18,18,8865.47,779.15,9644.62,535.81,8.08,1232.16,14.71,5.56,4.5,5.56
6c12e40690c335dbc2f68a4134d30dc1,castro,PR,16,16,9139.2,485.06,9624.26,601.52,5.04,487.46,13.34,0.0,4.07,14.29
06df0c10d34e459d9672bc77388742eb,maringa,PR,26,26,9070.0,525.77,9595.77,369.07,5.48,546.48,10.08,11.54,4.35,7.69
7d456afc660226829370f3173d14520c,mogi das cruzes,SP,55,55,8118.25,1461.28,9579.53,174.17,15.25,407.34,8.5,5.45,4.35,9.09
8a432f4e5b471f8da497d7dc517666e2,presidente prudente,SP,95,95,7555.0,1965.11,9520.11,100.21,20.64,666.29,7.85,5.26,4.19,12.77
33a17d60c64393351ebf1ef860f4e0f2,porto alegre,RS,43,43,8152.48,1279.38,9431.86,219.35,13.56,655.62,10.61,2.33,4.63,2.33
17306570e772e7718c92a562d33f5f1d,bariri,SP,27,27,8640.0,775.91,9415.91,348.74,8.24,499.96,14.36,7.41,3.78,18.52
9596c870880d900012f2e8e6e30d06d7,varginha,MG,21,21,7625.35,1746.36,9371.71,446.27,18.63,488.99,13.83,4.76,4.29,4.76
af4a0e4cfe1d9c26b6712b1be25a72e5,mateus leme,MG,21,21,8757.98,593.62,9351.6,445.31,6.35,688.32,13.36,9.52,3.43,38.1
37515688008a7a40ac93e3b2e4ab203f,dracena,SP,227,227,5954.1,3396.65,9350.75,41.19,36.32,738.98,15.23,10.13,4.1,10.22
ebd2d60905fb58271facef5596b620d3,lencois paulista,SP,82,82,7713.02,1637.38,9350.4,114.03,17.51,674.63,12.99,3.66,4.23,9.76
18a349e75d307f4b4cc646a691ed4216,sao paulo,SP,109,109,7425.21,1890.66,9315.87,85.47,20.3,460.6,11.15,6.42,3.6,26.85
7a241947449cc45dbfda4f9d0798d9d0,jacutinga,MG,56,56,7434.66,1874.98,9309.64,166.24,20.14,371.48,13.22,7.14,4.15,10.91
fdb9095204a334cd8872252ffec6f2db,sao paulo,SP,46,46,8156.0,1133.37,9289.37,201.94,12.2,389.48,8.72,6.52,4.17,13.04
609e1a9a6c2539919b8205cf7c4e6ff0,brusque,SC,87,87,6595.23,2687.19,9282.42,106.69,28.95,579.03,10.21,2.3,3.81,21.18
3078096983cf766a32a06257648502d1,scao jose do rio pardo,SP,56,56,7910.84,1370.25,9281.09,165.73,14.76,457.67,12.07,5.36,4.3,10.71
db2956745b3a8e9f3785c99f34b5d25e,sao sebastiao,SP,45,45,8261.0,947.26,9208.26,204.63,10.29,727.32,14.28,11.11,3.84,20.0
4bfc7a4a1cf8d4d2121c27422d9e50b5,sao paulo,SP,26,26,8124.4,1067.19,9191.59,353.52,11.61,499.16,8.02,3.85,4.54,7.69
725c32fa80c2faacc4fc88450d27314e,sao paulo,SP,89,89,7838.88,1327.78,9166.66,103.0,14.48,519.85,9.41,1.12,4.52,2.3
750303a20e9c56b2a6bc45cdce0b897d,goiania,GO,53,53,7876.0,1288.82,9164.82,172.92,14.06,924.04,14.1,3.77,4.3,9.43
403aa86912527d730337ffcb0fb096ab,belo horizonte,MG,11,11,8959.89,204.62,9164.51,833.14,2.23,609.64,11.0,0.0,4.0,10.0
b4ffb71f0cb1b1c3d63fad021ecf93e1,sao paulo,SP,143,143,6635.69,2501.75,9137.44,63.9,27.38,715.51,10.11,2.1,4.24,10.49
aac29b1b99776be73c3049939652091d,uberlandia,MG,94,94,6563.66,2569.62,9133.28,97.16,28.13,693.04,14.93,9.57,4.16,9.68
bd0389da23d89b726abf911cccc54596,brasilia,DF,87,87,7472.16,1656.31,9128.47,104.92,18.14,915.04,13.64,8.05,4.17,11.49
6c177e38df6d3f34182b1f1d427231bf,curitiba,PR,53,53,8112.89,1002.16,9115.05,171.98,10.99,816.78,14.41,3.77,4.15,13.21
7722b1df1b0e383e000397b2c11e3e19,sao bernardo do campo,SP,133,133,7046.6,2059.48,9106.08,68.47,22.62,384.54,8.35,3.01,4.23,11.36
08633c14ef2db992c11f840f04fad4cd,ribeirao pires,SP,74,74,7644.3,1424.52,9068.82,122.55,15.71,570.98,9.96,6.76,4.36,6.76
52d76513f0c4d97f3b99570e2c94ee31,novo hamburgo,RS,19,19,8153.1,889.26,9042.36,475.91,9.83,1194.64,10.41,5.26,4.06,16.67
903037660cf848a717166eb7a06d616e,sao paulo,SP,44,44,7935.18,1083.99,9019.17,204.98,12.02,491.89,11.84,13.64,3.95,18.18
054694fa03fe82cec4b7551487331d74,itajobi,SP,20,20,8286.1,660.24,8946.34,447.32,7.38,661.42,30.79,30.0,3.4,30.0
36a968b544695394e4e9d7572688598f,santos,SP,148,148,6864.47,2053.23,8917.7,60.25,23.02,416.41,10.73,4.73,3.75,20.95
fcb5ace8bcc92f75707dc0f01a27d269,guarulhos,SP,59,59,8009.35,905.49,8914.84,151.1,10.16,337.98,10.6,3.39,3.98,13.79
6fd52c528dcb38be2eea044946b811f8,sao paulo,SP,67,67,7743.02,1138.56,8881.58,132.56,12.82,424.94,21.56,13.43,3.39,36.36
257e61d3251fb5efb9daadddbc2cf7ca,apucarana,PR,12,12,7729.0,1077.18,8806.18,733.85,12.23,856.43,8.1,0.0,4.75,0.0
5b925e1d006e9476d738aa200751b73b,sao paulo,SP,63,63,7748.5,1053.34,8801.84,139.71,11.97,620.95,10.89,6.35,4.6,4.76
93dc87703c046b603023e75222018b45,belo horizonte,MG,33,33,8149.35,648.99,8798.34,266.62,7.38,581.19,20.05,9.09,4.13,9.68
4e17c65a516f69d023a2ae78b84f28d6,suzano,SP,61,61,7639.26,1155.54,8794.8,144.18,13.14,526.15,13.33,6.56,4.23,18.03
dbb9b48c841a0e39e21f98e1a6b2ec3e,sao paulo,SP,108,108,7186.85,1581.41,8768.26,81.19,18.04,461.21,9.82,3.7,4.27,11.11
0432ead42b6c8a0bdf68154add917fdf,maua,SP,82,82,7574.4,1180.0,8754.4,106.76,13.48,556.94,8.9,3.66,4.54,7.32
784ba75dd9d20200c4caed3d7a77141a,sao paulo,SP,19,19,8142.33,600.02,8742.35,460.12,6.86,557.53,13.69,10.53,4.11,15.79
5d0363b33554b373851fc1622e4d5f3c,atibaia,SP,93,93,6548.79,2175.48,8724.27,93.81,24.94,414.16,12.49,8.6,4.08,11.83
e333046ce6517bd8bb510291d44f0130,ipaussu,SP,68,68,7268.0,1431.32,8699.32,127.93,16.45,550.74,10.16,5.88,4.34,8.82
062ce95fa2ad4dfaedfc79260130565f,lajeado,RS,54,54,7479.1,1184.33,8663.43,160.43,13.67,766.52,13.5,3.7,4.09,9.26
8648b1e89e9b349e32d3741b30ec737e,jacarei,SP,93,93,7228.75,1420.27,8649.02,93.0,16.42,386.67,9.05,10.75,4.15,13.98
73a63f72308aa20a46f4b1632018f196,curitiba,PR,27,27,7640.8,997.3,8638.1,319.93,11.55,633.02,11.63,0.0,4.19,7.69
397c4d0c005b6f41f90098ac724e28cb,santo andre,SP,5,5,8177.0,445.37,8622.37,1724.47,5.17,829.62,16.08,40.0,4.4,0.0
bbf9ad41dca6603e614efcdad7aab8c4,fortaleza,CE,14,14,7846.0,776.26,8622.26,615.88,9.0,2104.46,13.93,0.0,4.5,7.14
3bb548e3cb7f70f28e3f11ee9dce0e59,maringa,PR,46,46,7690.02,896.79,8586.81,186.67,10.44,695.06,10.91,0.0,4.2,13.04
b18dc380845b24038cfc48006478f099,diadema,SP,43,43,7753.96,796.87,8550.83,198.86,9.32,623.5,12.82,16.28,4.21,9.52
ececbfcff9804a2d6b40f589df8eef2b,franca,SP,97,97,6714.15,1834.31,8548.46,88.13,21.46,698.67,13.18,10.31,4.11,13.4
a420f60ff1aa9acc80d0e42959f2b313,sao paulo,SP,67,67,7443.3,1099.97,8543.27,127.51,12.88,613.71,11.56,8.96,3.95,15.38
cc63f0dd2acba93ffed4fe9f8e0321fa,sao jose do rio preto,SP,55,55,7096.71,1399.97,8496.68,154.49,16.48,558.82,9.0,0.0,4.09,9.09
67883baaae6134ee81b271a542613728,sao paulo,SP,19,19,8167.9,328.12,8496.02,447.16,3.86,450.29,5.84,15.79,4.11,10.53
52f976b17ea7f2f087f56dcc419328f6,california,PR,6,6,7630.0,862.65,8492.65,1415.44,10.16,731.97,10.38,0.0,3.67,33.33
86bb7c4b535e49a541baf3266b1c95b1,franca,SP,16,16,8162.4,324.82,8487.22,530.45,3.83,687.92,20.14,18.75,3.2,40.0
8fb791022c1fc8909664f48ab7dc636d,sao paulo,SP,5,5,8119.95,363.4,8483.35,1696.67,4.28,400.87,5.73,0.0,4.2,20.0
2c9e548be18521d1c43cde1c582c6de8,mogi das cruzes,SP,124,124,6013.56,2456.53,8470.09,68.31,29.0,369.53,13.68,16.13,4.13,13.11
a2e874074c877c5a05abae80ad6e488f,sao jose do rio preto,SP,40,40,7355.0,1105.34,8460.34,211.51,13.06,606.07,19.24,5.0,4.25,7.5
1127b7f2594683f2510f1c2c834a486b,campinas,SP,110,110,6669.7,1768.7,8438.4,76.71,20.96,481.76,9.35,2.73,4.19,14.55
058fd0aa2bfdb2274e05e1ae971dabb6,santo andre,SP,60,60,7549.9,878.88,8428.78,140.48,10.43,486.26,10.14,6.67,4.37,10.0
6bd69102ab48df500790a8cecfc285c2,sao paulo,SP,5,5,8070.0,289.02,8359.02,1671.8,3.46,450.04,16.25,20.0,3.0,60.0
381c83fdca332ea6afd896da20bf6e4a,curitiba,PR,46,46,7355.8,999.21,8355.01,181.63,11.96,821.38,12.69,4.35,4.39,8.7
42bde9fef835393bb8a8849cb6b7f245,brasilia,DF,34,34,7574.0,767.37,8341.37,245.33,9.2,,10.37,2.94,4.35,5.88
8a32e327fe2c1b3511609d81aaf9f042,sao paulo,SP,126,126,6101.12,2237.74,8338.86,66.18,26.84,357.55,8.87,3.17,3.94,16.0
282f23a9769b2690c5dda22e316f9941,belo horizonte,MG,98,98,6464.28,1866.77,8331.05,85.01,22.41,622.03,11.22,5.1,4.37,4.08
b410bdd36d5db7a65dcd42b7ead933b8,goiania,GO,42,42,7368.9,950.81,8319.71,198.09,11.43,712.3,9.2,2.38,4.81,0.0
2089a6d640999f9b9141ac719b2af596,sao carlos,SP,41,41,7676.02,640.61,8316.63,202.84,7.7,515.66,19.53,14.63,3.93,24.39
aced59e9b31ef866a94f9e7f29d8d418,sao paulo,SP,61,61,7268.5,1047.3,8315.8,136.32,12.59,472.58,9.74,8.2,4.43,6.56
c26a2be5b53b7db6b276280da212a779,nova friburgo,RJ,13,13,7482.0,806.85,8288.85,637.6,9.73,843.45,14.08,0.0,3.38,38.46
ad781527c93d00d89a11eecd9dcad7c1,sao jose do rio preto,SP,38,38,6039.63,2173.49,8213.12,216.13,26.46,770.31,25.5,31.58,3.34,34.21
dbdd0ec73a4817971d962698f2fea022,fortaleza,CE,16,16,6384.0,1790.8,8174.8,510.92,21.91,1246.39,12.65,6.25,4.38,12.5
34056b8b55c1775a22af2331670a799c,penapolis,SP,77,77,6398.7,1751.51,8150.21,105.85,21.49,754.5,12.93,11.69,4.04,14.29
e0a366315b1b726b6c7832d664c0f530,sao paulo,SP,43,43,7400.09,745.08,8145.17,189.42,9.15,384.21,7.97,4.65,4.3,13.95
cee48807215b30a12ca2ca10ffb5f250,guaruja,SP,39,39,7212.23,913.29,8125.52,208.35,11.24,640.31,23.63,15.38,3.77,23.08
7bac63f6603d382cc8d0832eb6c100a8,sao paulo,SP,19,19,7751.95,362.65,8114.6,427.08,4.47,548.11,15.76,15.79,4.0,10.53
8476243f92442881ddd5b578975cf115,campo bom,RS,12,12,7838.0,275.03,8113.03,676.09,3.39,1024.24,17.34,8.33,4.08,16.67
8e6cc767478edae941d9bd9eb778d77a,araguari,MG,100,100,5929.35,2169.26,8098.61,80.99,26.79,696.2,16.62,8.0,4.06,15.31
b347677812ea483b0f528eaf8cbc09b7,curitiba,PR,21,21,7288.99,762.35,8051.34,383.4,9.47,784.51,13.22,0.0,4.52,4.76
4aba391bc3b88717ce08eb11e44937b2,arraial d'ajuda (porto seguro),BA,27,27,7286.88,760.56,8047.44,298.05,9.45,944.71,16.92,14.81,4.0,18.52
6a8b085f816a1f75f92dbac6eb545f8f,bebedouro,SP,125,125,5884.17,2154.05,8038.22,64.31,26.8,672.59,14.69,9.6,4.16,10.4
1da366cade6d8276e7d8beea7af5d4bf,uba,MG,42,42,6348.59,1688.01,8036.6,191.35,21.0,630.18,17.47,11.9,3.98,17.07
d51e0a403fe2e689ece6c73359d96e12,pompeia,SP,18,18,7380.0,647.57,8027.57,445.98,8.07,825.52,14.03,11.11,4.22,5.56
11305281b50fff20ae8bb473f8e11876,uba,MG,35,35,6528.7,1444.51,7973.21,227.81,18.12,481.39,13.58,11.43,4.31,8.57
6a51fc556dab5f766ced6fbc860bc613,marilia,SP,24,24,7217.87,747.14,7965.01,331.88,9.38,636.0,14.15,8.33,4.0,16.67
6fa9202c10491e472dffd59a3e82b2a3,sorocaba,SP,3,3,7014.24,925.01,7939.25,2646.42,11.65,430.53,8.46,0.0,4.33,0.0
670c26e0f1bf8d0576271d5cfaec6d2b,maringa,PR,77,77,6250.1,1680.37,7930.47,102.99,21.19,747.39,14.28,5.19,4.31,7.79
e2aee0892199b1d92530e371abd825bf,rolandia,PR,36,36,5392.77,2516.11,7908.88,219.69,31.81,646.69,15.51,13.89,3.89,22.22
d13e50eaa47b4cbe9eb81465865d8cfc,santo andre,SP,66,66,7073.05,834.5,7907.55,119.81,10.55,251.18,5.04,21.21,4.82,3.03
516e7738bd8f735ac19a010ee5450d8d,rio de janeiro,RJ,74,74,6463.19,1442.5,7905.69,106.83,18.25,527.48,8.83,5.41,4.64,2.7
58f1a6197ed863543e0136bdedb3fce2,conselheiro lafaiete,MG,44,44,6833.0,1070.69,7903.69,179.63,13.55,559.0,10.3,2.38,4.18,13.64
dee656f0f566ed1aa85bd137c943f08f,cruzeiro,SP,92,92,6212.08,1670.99,7883.07,85.69,21.2,552.49,12.6,5.43,4.37,7.61
f1fd5ab1181f827ffad998c1a5de7d74,curitiba,PR,15,15,7045.99,831.97,7877.96,525.2,10.56,617.9,9.46,0.0,4.67,0.0
fa1a9dec3a9940c072684a46728bf1fc,icara,SC,55,55,6674.0,1201.71,7875.71,143.19,15.26,802.65,14.29,0.0,4.11,12.96
6b243f80ed07b10f0e8aa0f21a205f3c,curitiba,PR,79,79,6260.1,1547.3,7807.4,98.83,19.82,601.08,11.16,3.8,4.27,10.13
f25e239052084705e17a982bc600ab2a,sao paulo,SP,8,8,7380.0,405.48,7785.48,973.18,5.21,683.3,12.4,0.0,4.25,12.5
f84a00e60c73a49e7e851c9bdca3a5bb,rio de janeiro,RJ,88,88,5849.24,1931.1,7780.34,88.41,24.82,444.91,11.8,11.36,3.9,19.32
080102cd0a76b09e0dcf55fcacc60e05,belo horizonte,MG,122,122,5612.65,2160.83,7773.48,63.72,27.8,672.79,9.91,4.1,4.52,4.1
d624126b9206f595fb3fbb6ba03b28a8,curitiba,PR,23,23,7198.8,569.7,7768.5,337.76,7.33,670.66,11.36,4.35,4.32,0.0
8c16d1f32a54d92897cc437244442e1b,blumenau,SC,108,108,5642.6,2112.07,7754.67,71.8,27.24,640.86,11.0,0.93,4.36,7.48
688756f717c462a206ad854c5027a64a,guarulhos,SP,81,81,5837.67,1908.05,7745.72,95.63,24.63,504.55,10.76,8.64,3.89,17.5
512d298ac2a96d1931b6bd30aa21f61d,rio de janeiro,RJ,11,11,7401.94,321.93,7723.87,702.17,4.17,488.03,10.71,0.0,4.27,18.18
dd55f1bb788714a40e7954c3be6df745,sao paulo,SP,35,35,7041.76,659.42,7701.18,220.03,8.56,737.08,18.3,17.14,3.74,20.0
b14db04aa7881970e83ffa9426897925,sorocaba,SP,78,78,5595.9,2104.5,7700.4,98.72,27.33,675.87,16.02,11.54,3.77,17.33
376a891762bbdecbc02b4b6adec3fdda,goiania,GO,57,57,6406.23,1287.4,7693.63,134.98,16.73,919.75,12.22,3.51,4.67,1.75
014c0679dd340a0e338872e7ec85666a,timoteo,MG,14,14,7058.0,628.31,7686.31,549.02,8.17,757.18,19.76,14.29,3.86,14.29
d9bd94811c3338dceb4181f3dbc0c73e,sao paulo,SP,54,54,6911.02,771.09,7682.11,142.26,10.04,334.51,8.04,11.11,4.8,3.7
ff1fb4c404b2efe68b03350a8dc24122,mogi das cruzes,SP,46,46,6771.0,895.95,7666.95,166.67,11.69,502.04,10.31,15.22,4.0,17.39
54219883e72aad869adfb2a54b7bfa0f,sorocaba,SP,5,5,6750.0,829.55,7579.55,1515.91,10.94,575.91,17.01,0.0,3.2,40.0
31ae0774c17fabd06ff707cc5bde005f,americana,SP,11,11,6719.85,850.82,7570.67,688.24,11.24,828.54,11.78,9.09,4.0,18.18
57e632711dec9ec14ca7546769483e7e,navegantes,SC,62,62,6350.06,1207.98,7558.04,121.9,15.98,622.03,10.92,0.0,4.42,4.84
30829ded4523ab9224b93bc49a62c95f,parai,RS,18,18,6911.71,638.0,7549.71,419.43,8.45,849.88,12.09,5.56,3.78,22.22
751bdc4d83a466c7206cd42e8f426b03,ribeirao pires,SP,51,51,6520.96,1020.02,7540.98,147.86,13.53,624.03,10.86,1.96,3.94,22.45
83e197e95a1bbabc8c75e883ed016c47,mage,RJ,46,46,6574.19,961.33,7535.52,163.82,12.76,615.86,10.44,2.17,4.8,2.17
63b464dbf392c7b80d12d932fa7cafed,sao paulo,SP,36,36,6622.0,860.84,7482.84,207.86,11.5,251.05,13.08,5.56,3.86,16.67
3340ef1913fb70d28420f6ceb685c339,maringa,PR,32,32,6731.15,750.4,7481.55,233.8,10.03,818.15,16.71,9.38,4.38,6.25
ade45994b717ccee333492330fbf037b,umuarama,PR,10,10,7196.0,283.63,7479.63,747.96,3.79,1025.76,8.41,0.0,4.5,0.0
679769a98cfcc6da877c8486ff1c13f3,ipatinga,MG,21,21,7029.0,438.39,7467.39,355.59,5.87,703.75,9.54,0.0,4.57,4.76
7dc8c42cc750eeafea6c85712ffee9bf,sao paulo,SP,41,41,6409.68,1035.41,7445.09,181.59,13.91,413.99,9.15,4.88,4.2,12.2
05d2173d43ea568aa0540eba70d2ca76,alfenas,MG,62,62,5759.66,1679.27,7438.93,119.98,22.57,497.75,15.02,6.45,4.18,11.67
5b67882648febfb6e1225e6ad7164f6b,umuarama,PR,27,27,6813.48,618.94,7432.42,275.27,8.33,792.04,12.56,3.7,4.0,14.81
0873d9f8f36123f8d910f4760e788cfb,barueri,SP,6,6,7265.59,161.06,7426.65,1237.78,2.17,574.18,13.13,50.0,3.17,33.33
9616352088dcf83a7c06637f4ebf1c80,umuarama,PR,91,91,5643.1,1766.7,7409.8,81.43,23.84,782.4,12.44,0.0,4.35,7.69
2a261b5b644fa05f4f2700eb93544f2c,porto ferreira,SP,51,51,5355.0,2041.73,7396.73,145.03,27.6,558.18,14.07,19.61,3.84,21.57
961dff0a659b4561334372337dd897d9,rio de janeiro,RJ,3,3,7297.0,92.74,7389.74,2463.25,1.25,335.7,20.52,66.67,4.67,0.0
f46490624488d3ff7ce78613913a7711,guarulhos,SP,80,80,5690.95,1693.41,7384.36,92.3,22.93,620.76,10.25,12.5,3.76,23.75
0691148aee60ca47977c187804f935ae,londrina,PR,47,47,5868.51,1490.94,7359.45,156.58,20.26,639.52,11.94,2.13,4.17,14.89
b8630e1121437d41cb08e3c749c2c2e2,duque de caxias,RJ,12,12,6988.0,346.1,7334.1,611.18,4.72,400.14,11.14,16.67,4.33,16.67
b3b17aab11f273023a5f22ca52e1eb70,londrina,PR,7,7,6850.0,475.35,7325.35,1046.48,6.49,833.59,16.55,14.29,4.86,0.0
40d54b51e962dbe09cabbcfd33298dee,santo andre,SP,30,30,6785.56,537.69,7323.25,244.11,7.34,324.85,7.33,0.0,4.0,20.0
54065e9aef7e9e9c2dc23b7594db021a,rio de janeiro,RJ,12,12,7079.0,242.78,7321.78,610.15,3.32,732.55,12.42,0.0,4.33,8.33
ba143b05f0110f0dc71ad71b4466ce92,sao paulo,SP,83,83,5998.7,1310.67,7309.37,88.06,17.93,393.02,10.24,15.66,4.46,8.43
4c03b9dd4c11ee2cb35c96c49efc9420,campo limpo paulista,SP,48,48,6458.6,843.73,7302.33,152.13,11.55,605.91,10.53,2.08,4.11,14.89
87e24fc7052259b1f7f607d61c10d8be,sao paulo,SP,7,7,7073.59,214.66,7288.25,1041.18,2.95,893.45,15.34,14.29,3.86,14.29
bd4889b5e9133b35b66e42a8665cea5c,sao paulo,SP,36,36,6271.9,984.64,7256.54,201.57,13.57,567.72,10.28,0.0,4.4,8.57
e5e33c0d8e7e002f398f5dc4cbbb338f,bauru,SP,26,26,6494.9,745.95,7240.85,278.49,10.3,734.25,12.07,11.54,4.58,3.85
5670f4db5b62c43d542e1b2d56b0cf7c,sao paulo,SP,22,22,6630.09,582.56,7212.65,327.85,8.08,560.47,8.53,4.55,4.41,9.09
02f623a8eb246f3c5f7c2f96462654e6,botucatu,SP,44,44,6378.0,829.63,7207.63,163.81,11.51,471.21,8.48,9.09,4.56,4.65
455c5640e8c5bd1b2ee85c0158f85727,luiz alves,SC,8,8,6729.5,457.39,7186.89,898.36,6.36,1103.5,14.97,0.0,4.5,0.0
ea67327e24487bdfac5fbfa37ea124df,ibitinga,SP,32,32,6250.18,930.1,7180.28,224.38,12.95,439.87,8.72,3.13,3.53,25.0
33dd941c27854f7625b968cc6195a552,vila velha,ES,5,5,6787.5,380.91,7168.41,1433.68,5.31,816.79,11.7,0.0,4.4,20.0
989becdce12ebc39863c2bceab6f3ca1,curitiba,PR,15,15,6302.9,814.52,7117.42,474.49,11.44,526.08,13.74,13.33,4.8,0.0
4b5f66b7adcf57f1ecc0d3c07dd6b177,vendas@creditparts.com.br,PR,23,23,6381.78,734.18,7115.96,309.39,10.32,691.34,14.24,4.35,4.09,13.64
537eb890efff034a88679788b647c564,rio de janeiro,RJ,158,158,4617.9,2475.54,7093.44,44.9,34.9,478.31,9.14,5.7,4.23,8.86
3be634553519fb6536a03e1358e9fdc7,sao paulo,SP,80,80,5231.02,1803.73,7034.75,87.93,25.64,459.78,10.08,8.75,4.0,16.25
33c51922b6e3c16b24a8f28e5833c99d,londrina,PR,18,18,6657.87,368.01,7025.88,390.33,5.24,545.25,14.54,5.56,4.24,11.76
e3b4998c7a498169dc7bce44e6bb6277,sao paulo,SP,1,1,6735.0,194.31,6929.31,6929.31,2.8,894.63,18.74,0.0,5.0,0.0
80ceebb4ee9b31afb6c6a916a574a1e2,londrina,PR,1,1,6729.0,193.21,6922.21,6922.21,2.79,1170.98,20.87,100.0,,
e9d99831abad74458942f21e16f33f92,sao paulo,SP,130,130,4922.48,1993.58,6916.06,53.2,28.83,578.63,12.87,10.77,3.93,16.28
e8b4225284fbb02d16f200513f1f395d,novo horizonte,SP,30,30,5638.62,1273.98,6912.6,230.42,18.43,594.76,10.22,10.0,4.3,3.33
6f892e20a171e98efe17fdb971ff319b,sao paulo,SP,41,41,6049.0,857.49,6906.49,168.45,12.42,1027.95,17.36,9.76,4.15,10.0
50c9975695009e5e6473912e83a6d1da,claudio,MG,50,50,3964.4,2919.55,6883.95,137.68,42.41,450.09,16.48,14.0,3.94,18.37
b2479f944e1b90cf8a5de1bbfde284d6,ibitinga,SP,101,101,4666.53,2207.7,6874.23,68.06,32.12,550.92,15.4,13.86,3.47,30.0
0bf0150d5b9d60d9cd2906003332f085,sao paulo,SP,39,39,5774.6,1097.74,6872.34,176.21,15.97,331.88,14.15,20.51,3.79,21.05
91f848e9f4be368f4318775aac733370,sao paulo,SP,60,60,5668.61,1193.88,6862.49,114.37,17.4,422.35,9.94,3.33,4.4,5.17
bacb1f0ed56ad24198f5810d2b3fe9a5,jacarei,SP,38,38,6078.05,769.65,6847.7,180.2,11.24,588.01,9.78,2.63,4.32,8.11
dfc5fb7259bb2b599ca565e6e9448f0f,sao bernardo do campo,SP,33,33,6124.63,721.35,6845.98,207.45,10.54,621.84,13.26,3.03,4.12,9.09
abe021b01ba992245271b9aa422032df,curitiba,PR,2,2,6720.0,117.24,6837.24,3418.62,1.71,1771.54,17.93,0.0,3.5,50.0
b6d44737c043328708f6749c2dbe50bd,santo andre,SP,61,61,5284.6,1549.41,6834.01,112.03,22.67,295.42,8.21,6.56,4.52,8.2
3ade81dab5a172b88e1871c28ae05260,sao jose do rio preto,SP,28,28,5383.6,1437.99,6821.59,243.63,21.08,632.49,14.18,14.29,4.19,14.81
eb3071b9f0b0ddaa2df5ea130f09f26b,sao paulo,SP,9,9,6230.0,581.42,6811.42,756.82,8.54,409.89,9.65,11.11,4.56,0.0
3df020b72d3d44b3af9d110fa3940b65,jales,SP,55,55,5039.9,1709.57,6749.47,122.72,25.33,772.18,13.43,12.73,4.05,14.55
f12ff17ad8bbf01ec5c33b17e506649b,sao paulo,SP,28,28,6101.0,627.88,6728.88,240.32,9.33,882.41,13.79,10.71,3.86,14.29
ee27a8f15b1dded4d213a468ba4eb391,goiania,GO,1,1,6499.0,227.66,6726.66,6726.66,3.38,617.07,11.96,0.0,5.0,0.0
bba74270a87732727b5a3b4fd9ac1c39,betim,MG,35,35,5964.6,743.74,6708.34,191.67,11.09,752.79,9.72,0.0,4.06,14.29
f181738b150df1f37cb0bd72e705b193,carapicuiba,SP,36,36,5529.7,1103.05,6632.75,184.24,16.63,517.82,9.32,11.11,4.47,5.56
26d8a1c7c75d513045798992ead43aa2,apucarana,PR,34,34,5937.13,653.33,6590.46,193.84,9.91,621.89,12.72,8.82,4.41,8.82
dfa0c4c6229ab200a4a1336b4d7128ff,florianopolis,SC,77,77,4777.1,1767.11,6544.21,84.99,27.0,739.61,9.79,3.9,4.0,18.18
ff4ea69c2a729e83e63c7579e4ef8170,guarulhos,SP,8,8,6368.0,159.82,6527.82,815.98,2.45,644.85,11.46,0.0,5.0,0.0
9baf5cb77970f539089d09a38bcec5c3,indaiatuba,SP,31,31,5989.68,531.66,6521.34,210.37,8.15,366.84,15.17,0.0,4.42,6.45
2528744c5ef5d955adc318720a94d2e7,jundiai,SP,5,5,6245.0,263.7,6508.7,1301.74,4.05,281.9,10.07,0.0,2.4,60.0
98dac6635aee4995d501a3972e047414,sao paulo,SP,89,89,4115.75,2379.6,6495.35,72.98,36.64,312.18,9.62,8.99,4.15,18.18
dbd66278cbfe1aa1000f90a217ca4695,sao paulo,SP,85,85,4928.9,1543.87,6472.77,76.15,23.85,402.79,9.21,5.88,4.51,2.35
0d85bbda9889ce1f7e63778d24f346eb,uberlandia,MG,51,51,4845.2,1624.5,6469.7,126.86,25.11,876.49,15.83,11.76,4.2,12.0
d6b664fa0667064c6d76394e7848d790,araraquara,SP,6,6,6080.0,324.34,6404.34,1067.39,5.06,899.62,17.55,16.67,4.83,0.0
02d35243ea2e497335cd0f076b45675d,natal,RN,14,14,5794.0,605.95,6399.95,457.14,9.47,1803.07,26.17,35.71,2.64,42.86
52ac6f920b7280e4c6d30dd94de6259b,pinhais,PR,6,6,5657.3,726.59,6383.89,1063.98,11.38,716.93,12.98,0.0,3.67,16.67
709e16e2b25c7474d980076c6bfc4806,birigui,SP,60,60,5151.9,1226.96,6378.86,106.31,19.23,702.92,10.64,3.33,4.52,1.67
e62b2d6ac10570a035a30bafcf01d263,sao paulo,SP,62,62,5340.39,1035.08,6375.47,102.83,16.24,600.44,14.07,12.9,3.97,15.25
1336efc61c316ddf92c899eb817f7cae,assis,SP,74,74,4837.31,1517.98,6355.29,85.88,23.89,671.39,11.73,9.46,4.0,14.86
2fdde51ad3e12f297da656d4fbd5d0b5,joinville,SC,9,9,5803.0,551.92,6354.92,706.1,8.68,709.31,15.27,0.0,4.78,0.0
04aa0a1c5ce6b222003403a3e11c3cc0,cosmopolis,SP,11,11,5518.0,821.51,6339.51,576.32,12.96,1286.17,17.52,18.18,4.09,18.18
f4c4daa86e30c7e5a553a8d518ac03a5,cascavel,PR,18,18,5984.31,340.19,6324.5,351.36,5.38,713.14,16.64,5.56,4.0,16.67
67bf6941ba2f1fa1d02c375766bc3e53,curitiba,PR,15,15,5062.0,1257.94,6319.94,421.33,19.9,853.31,14.97,13.33,4.33,6.67
94e93ce877be27a515118dbfd2c2be41,votuporanga,SP,29,29,5436.58,853.46,6290.04,216.9,13.57,653.29,13.61,0.0,4.04,14.29
7d76b645482be4a332374e8223836592,sao paulo,SP,172,172,3765.74,2522.03,6287.77,36.56,40.11,638.94,13.63,11.63,4.0,14.12
83deb69e889cf80f82be1dc6d5f2d486,florianopolis,SC,40,40,5363.01,913.64,6276.65,156.92,14.56,861.7,15.95,5.0,4.32,15.0
fc906263ca5083d09dce42fe02247800,belo horizonte,MG,112,112,4417.9,1855.38,6273.28,56.01,29.58,699.11,9.4,0.0,4.38,9.82
23613d49c3ac2bd302259e55c06c050c,porto ferreira,SP,69,69,4193.1,2034.04,6227.14,90.25,32.66,459.46,13.98,14.49,3.87,23.53
23c38debaffe4a25a30fdbd9b586a13f,votorantim,SP,41,41,5382.18,834.38,6216.56,151.62,13.42,449.43,11.48,14.63,4.32,2.44
f84fa566034f5e8e880a07ec624c56af,indaiatuba,SP,89,89,4993.91,1210.42,6204.33,69.71,19.51,441.55,11.96,13.48,4.25,11.24
4917cee8d902e13428c3ec4b1ca6f315,blumenau,SC,31,31,5103.9,1074.44,6178.34,199.3,17.39,605.17,18.08,3.23,4.16,12.9
575df70bde3f9f2b30bf8d2e9910d725,sao jose do rio preto,SP,27,27,5410.05,753.37,6163.42,228.27,12.22,675.93,13.39,7.41,4.07,14.81
afe0067131b73e40875c9b6c10bd2e21,lagoa da prata,MG,45,45,5040.5,1111.09,6151.59,136.7,18.06,774.08,15.47,4.44,4.27,9.09
9674754b5a0cb32b638cec001178f799,sao paulo,SP,84,84,4941.73,1196.15,6137.88,73.07,19.49,349.9,8.41,3.57,4.11,15.48
d566c37fa119d5e66c4e9052e83ee4ea,sao paulo,SP,65,65,5145.7,979.22,6124.92,94.23,15.99,340.19,5.81,3.08,4.69,3.13
abcd2cb37d46c2c8fb1bf071c859fc5b,cuiaba,MT,44,44,4817.32,1304.52,6121.84,139.13,21.31,1322.25,13.89,4.55,4.32,2.27
b39d7fe263ef469605dbb32608aee0af,ibitinga,SP,43,43,5063.2,1037.03,6100.23,141.87,17.0,554.63,13.3,4.65,3.93,14.29
f680f85bee2d253556ac91be391d2c82,carapicuiba,SP,45,45,5183.92,893.42,6077.34,135.05,14.7,417.7,9.75,2.22,4.33,6.67
7e3f87d16fb353f408d467e74fbd8014,sao paulo,SP,91,91,4653.09,1415.28,6068.37,66.69,23.32,727.55,12.57,12.09,4.16,10.99
cc3d14116804f7209f3884f6367f1152,curitiba,PR,27,27,5477.8,582.79,6060.59,224.47,9.62,694.06,12.83,3.7,4.63,3.7
8bb48dc19fccaa8613b6229bf7f452a2,assis,SP,82,82,4190.72,1857.4,6048.12,73.76,30.71,666.35,11.48,2.44,4.41,8.54
e067ad2c1c0b48758eb1b5228bcf7a68,santos,SP,54,54,5042.55,1005.36,6047.91,112.0,16.62,527.98,14.98,9.26,4.15,11.11
817245bcc3badd82bbd222e0366951a6,bauru,SP,28,28,5345.6,699.23,6044.83,215.89,11.57,682.19,12.42,3.57,4.11,7.41
f67efa3f0b6761102a7f8c6b7b571f5d,curitiba,PR,31,31,5188.68,841.49,6030.17,194.52,13.95,617.91,9.98,0.0,4.48,6.45
1bb2bdb95f4841f1bba2c0d2cd83d3c9,sao paulo,SP,79,79,4905.76,1118.17,6023.93,76.25,18.56,435.81,12.41,7.59,4.63,3.85
45ba18c210d42734ec52c0c1c574e9ee,sao roque,SP,35,35,5099.44,924.33,6023.77,172.11,15.34,423.98,7.46,5.71,4.11,14.29
06579cb253ecd5a3a12a9e6eb6bf8f47,sao paulo - sp,SP,61,61,4587.4,1420.57,6007.97,98.49,23.64,386.67,9.94,13.11,4.13,14.75
a63bfbaa882c8f4542891b4e2246cc7f,niteroi,RJ,6,6,5682.0,243.99,5925.99,987.66,4.12,1151.38,11.69,16.67,5.0,0.0
acce39e832338debb07b02385cde5967,contagem,MG,44,44,4748.1,1175.56,5923.66,134.63,19.85,608.82,7.05,0.0,4.48,6.82
835f0f7810c76831d6c7d24c7a646d4d,sao paulo,SP,42,42,4990.2,932.05,5922.25,141.01,15.74,798.09,18.1,30.95,3.36,30.95
0176f73cc1195f367f7b32db1e5b3aa8,ibitinga,SP,37,37,4643.2,1272.07,5915.27,159.87,21.5,429.2,13.25,10.81,4.11,16.22
e06f09ec0a4aca210779cf1cfc63cf19,sao paulo,SP,29,29,5279.49,621.92,5901.41,203.5,10.54,648.8,14.87,6.9,3.97,17.24
5b179e9e8cc7ab6fd113a46ca584da81,sao paulo,SP,34,34,5173.5,665.64,5839.14,171.74,11.4,415.33,13.01,8.82,3.67,21.21
0cbcee27c791afa0cdcb08587a2013a8,tres coracoes,MG,37,37,5054.15,783.53,5837.68,157.78,13.42,442.0,12.79,10.81,4.0,13.51
8b9d6eec4a7eb7d0f9d579ce0b38324d,mesquita,RJ,48,48,4159.55,1667.3,5826.85,121.39,28.61,514.78,10.4,16.67,4.06,16.67
30a2f535bb48308f991d0b9ad4a8c4bb,santa barbara d'oeste,SP,71,71,4731.3,1084.06,5815.36,81.91,18.64,460.05,8.21,2.82,4.28,12.68
916c9de0b5ad957346eeeb12f332687e,curitiba,PR,22,22,5336.5,477.77,5814.27,264.28,8.22,611.43,8.83,0.0,4.55,4.55
b561927807645834b59ef0d16ba55a24,sao paulo,SP,85,85,4501.99,1305.04,5807.03,68.32,22.47,512.98,12.61,14.12,4.34,9.41
3c7c4a49ec3c6550809089c6a2ca9370,sao paulo,SP,139,139,4002.75,1796.46,5799.21,41.72,30.98,320.62,9.57,7.91,3.69,27.34
3ab971ce71839580d2ae5b4e40fe8044,sao paulo,SP,35,35,4917.0,880.25,5797.25,165.64,15.18,371.85,6.88,8.57,3.91,20.59
cfa5ab0e4d3fc212fd0b3410e7081c62,uba,MG,15,15,4780.81,1015.48,5796.29,386.42,17.52,515.5,11.97,0.0,3.87,20.0
55d3daac7c404d59e51c2aa2f4dc5a23,sao paulo,SP,21,21,4480.6,1309.88,5790.48,275.74,22.62,274.25,8.71,0.0,4.1,9.52
d63c73efd41eb002280e7ec831424edb,piracicaba,SP,2,2,5598.0,168.59,5766.59,2883.3,2.92,498.28,6.29,0.0,4.0,0.0
c4af86330efa7a2620772227d2d670c9,mogi das cruzes,SP,4,4,5396.0,364.96,5760.96,1440.24,6.34,668.64,15.15,0.0,4.33,0.0
02ecc2a19303f05e59ce133fd923fff7,santo andre,SP,21,21,5264.19,478.21,5742.4,273.45,8.33,487.97,11.09,0.0,4.62,4.76
bbad7e518d7af88a0897397ffdca1979,sao paulo,SP,68,68,4426.32,1314.92,5741.24,84.43,22.9,486.71,13.46,16.18,3.18,40.3
f789d2c4f2c2eb38fc4373e7a4b35264,juiz de fora,MG,44,44,4864.24,869.0,5733.24,130.3,15.16,689.16,10.94,4.55,4.16,13.64
099095b050cfe8eb1ddff5317587e96e,sao paulo,SP,16,16,5003.84,702.09,5705.93,356.62,12.3,354.47,11.33,18.75,3.38,37.5
1a932caad4f9d804097d7f8e615baed1,sao paulo,SP,20,20,4661.0,1040.45,5701.45,285.07,18.25,560.61,9.54,20.0,3.9,20.0
2ff97219cb8622eaf3cd89b7d9c09824,salto,SP,87,87,4339.1,1359.6,5698.7,65.5,23.86,393.21,8.97,5.75,4.54,3.45
5bffbafbb22daf6d3bfc216a46db8708,nilopolis,RJ,21,21,5239.7,454.5,5694.2,271.15,7.98,772.88,8.65,0.0,4.76,0.0
9add47bf45ce8e8c7db6b9cf670b1e09,fazenda rio grande,PR,41,41,4606.44,1082.76,5689.2,138.76,19.03,759.92,12.25,2.44,4.22,7.5
822bad9bc42b51213ba522fe87b7ab5d,balneario camboriu,SC,18,18,5160.0,527.34,5687.34,315.96,9.27,1130.17,26.66,27.78,4.11,11.11
582d4f8675b945722eda7c0cb61ba4c7,bertioga,SP,59,59,4702.96,980.97,5683.93,96.34,17.26,428.63,11.1,1.69,4.15,15.25
fcdd820084f17e9982427971e4e9d47f,ribeirao preto,SP,16,16,4783.99,881.75,5665.74,354.11,15.56,471.82,12.6,12.5,3.94,18.75
cac4c8e7b1ca6252d8f20b2fc1a2e4af,indaiatuba,SP,74,74,4128.19,1530.51,5658.7,76.47,27.05,620.87,18.22,22.97,3.56,28.77
3f0e48d209018b466fcd3bb4ccfeb520,curitiba,PR,9,9,5399.0,255.8,5654.8,628.31,4.52,836.18,9.59,0.0,3.89,22.22
f7496d659ca9fdaf323c0aae84176632,sao paulo,SP,25,25,4837.67,804.26,5641.93,225.68,14.26,445.44,12.43,8.0,4.56,8.0
fad44952713764836814be105382aee5,rio de janeiro,RJ,32,32,5129.0,507.88,5636.88,176.15,9.01,639.54,10.79,3.13,4.28,6.25
2a7dc43cecabf23403078e2188437d1d,sao paulo,SP,52,52,4795.91,833.71,5629.62,108.26,14.81,593.92,13.14,7.69,4.1,11.54
ad420dd0c4f92f8af951ac24b86d0cf5,fronteira,MG,42,42,4705.29,913.11,5618.4,133.77,16.25,711.94,15.18,7.14,4.12,15.0
11bfa66332777660bd0640ee84d47006,ribeirao preto,SP,76,76,3925.87,1682.67,5608.54,73.8,30.0,626.71,16.53,15.79,3.92,22.37
a3f0b55de503387383c7b1de3ad7f678,curitiba,PR,24,24,4348.4,1229.34,5577.74,232.41,22.04,633.32,10.7,4.17,4.42,4.17
cc5a78bbad32776dc4e3af205218368c,divinopolis,MG,33,33,4269.18,1304.17,5573.35,168.89,23.4,422.6,8.18,3.03,4.45,9.09
ef990a83bbea832f36ebe81376335aa8,joinville,SC,43,43,4642.59,914.65,5557.24,129.24,16.46,772.85,16.92,25.58,3.63,25.58
e0878efa0e0b7e5313ac0b43bc04c081,curitiba,PR,26,26,5025.4,517.13,5542.53,213.17,9.33,827.34,18.13,19.23,3.62,26.92
822166ed1e47908f7cfb49946d03c726,tres rios,RJ,69,69,3714.83,1821.12,5535.95,80.23,32.9,488.23,12.81,1.45,3.99,19.12
a4b6b9b992b46e9ef863637af96e04bc,florianopolis,SC,6,6,5293.0,209.84,5502.84,917.14,3.81,974.67,18.31,16.67,3.67,16.67
4bf2f4ee540798a61f9636d12cd9cc80,assis,SP,29,29,4995.56,505.45,5501.01,189.69,9.19,846.96,13.56,3.45,4.14,10.34
d379f449f2a3b271bc01c0782020f705,divinopolis,MG,28,28,4423.06,1076.74,5499.8,196.42,19.58,658.11,13.3,3.57,3.89,21.43
d673a59aac7a70d8b01e6902bf090a11,ibitinga,SP,79,79,3908.94,1590.62,5499.56,69.61,28.92,693.37,14.12,10.13,3.91,15.19
e9c6969d40e6a3d2d0f90013165c2b98,sao paulo,SP,10,10,5239.98,242.0,5481.98,548.2,4.41,679.8,9.09,0.0,4.4,10.0
4d0041cdbe51b4617d95c70b19decc74,juiz de fora,MG,8,8,5235.2,230.29,5465.49,683.19,4.21,637.62,7.16,0.0,4.5,0.0
0ef83d7d83ed97cd2a0049ac8be5f88a,curitiba,PR,48,48,4421.01,1026.8,5447.81,113.5,18.85,503.91,9.57,2.08,4.15,19.15
c68fb906c8f4b4b946d8386bfa6e5467,jaboticabal,SP,45,45,4541.16,892.45,5433.61,120.75,16.42,645.37,10.92,2.22,4.52,6.82
d20b021d3efdf267a402c402a48ea64b,ibitinga,SP,86,86,3922.3,1504.96,5427.26,63.11,27.73,488.91,16.99,17.44,3.75,20.0
c35affa65afd250151285c5917fc1c8a,sao paluo,SP,8,8,4779.92,644.84,5424.76,678.1,11.89,735.6,17.26,12.5,4.25,12.5
8bd0f31cf0a614c658f6763bd02dea69,sao paulo,SP,33,33,4455.34,967.98,5423.32,164.34,17.85,444.6,10.0,3.03,4.28,9.38
a3dd39f583bc80bd8c5901c95878921e,salvador,BA,34,34,4607.81,804.35,5412.16,159.18,14.86,1179.95,12.46,2.94,4.59,2.94
42b729f859728f5079499127a9c2ef37,sao paulo,SP,103,103,4096.96,1299.96,5396.92,52.4,24.09,242.07,7.85,7.77,4.48,6.86
45213867cefbf2cd4c6177e10216a951,araras,SP,14,14,4955.42,433.74,5389.16,384.94,8.05,989.65,14.92,14.29,3.86,21.43
45d33f715e24d15a6ccf5c17b3a23e3c,sorocaba,SP,56,56,4518.49,864.98,5383.47,96.13,16.07,386.25,11.55,7.14,4.14,10.71
db4350fd57ae30082dec7acbaacc17f9,sao paulo,SP,136,136,3304.32,2064.7,5369.02,39.48,38.46,722.09,10.79,3.68,4.16,11.85
951e8cef368f09bb3f3d03c00ca4702c,ibitinga,SP,62,62,3993.31,1360.23,5353.54,86.35,25.41,440.43,9.41,8.06,4.13,13.33
503c1de08ae81a2d86f17951b204db55,sao paulo,SP,22,22,4906.99,414.91,5321.9,241.9,7.8,806.28,13.49,9.09,4.41,4.55
6860153b69cc696d5dcfe1cdaaafcf62,capivari,SP,74,74,3827.63,1490.6,5318.23,71.87,28.03,387.63,10.25,9.46,4.1,15.07
715bbd5ba4e6b74cb0d2f29eb45058b0,serra negra,SP,62,62,4043.3,1272.58,5315.88,85.74,23.94,387.0,11.92,8.06,4.47,6.45
beadbee30901a7f61d031b6b686095ad,guarulhos,SP,64,64,4373.98,937.54,5311.52,82.99,17.65,539.38,14.1,25.0,3.91,18.75
ce69a8021d18961dd2a40269b7c2c293,curitiba,PR,19,19,4818.0,471.05,5289.05,278.37,8.91,593.36,10.2,10.53,4.47,10.53
b4a476fbd28de64b1e347abf9089366a,itapevi,SP,30,30,4479.04,796.07,5275.11,175.84,15.09,708.57,12.59,10.0,4.14,10.34
c12b92bf1c350f3e6bf88d3596219c86,garca,SP,17,17,4808.78,444.06,5252.84,308.99,8.45,781.52,10.78,5.88,3.88,23.53
834f8533b2ecb6598dd004ff3de7203a,sao paulo,SP,41,41,4324.35,926.31,5250.66,128.06,17.64,413.21,14.66,14.63,3.95,17.07
d66c305afaec317ebee552073a674429,ribeirao das neves,MG,38,38,4126.59,1108.91,5235.5,137.78,21.18,625.85,9.69,2.63,4.45,5.26
eed78ac17f7f795a19a709745f00cd4e,botucatu,SP,22,22,4349.5,846.34,5195.84,236.17,16.29,456.22,10.04,0.0,3.77,22.73
99002261c568a84cce14d43fcffb43ea,cuiaba,MT,36,36,4088.0,1100.33,5188.33,144.12,21.21,1179.94,16.84,8.33,3.72,16.67
b19f3ca2ea475913750f25a5c37c8d8f,divinopolis,MG,19,19,4174.16,1002.49,5176.65,272.46,19.37,441.48,18.39,31.58,3.26,36.84
9df5750209b83567ec144eb299d7d634,sao leopoldo,RS,11,11,4917.0,259.3,5176.3,470.57,5.01,1184.2,14.07,9.09,4.0,18.18
4c498c7345e89aebad651544829beca0,carapicuiba,SP,47,47,4570.27,561.39,5131.66,109.18,10.94,444.74,10.83,12.77,4.28,8.51
6fc26fe110feebd80a433e1f012a84f9,fernandopolis,SP,35,35,4150.87,977.19,5128.06,146.52,19.06,682.0,12.88,11.43,3.91,14.71
1fe5540d7c1c37a595fefbacd5570d9e,paraiba do sul,RJ,20,20,4537.6,581.15,5118.75,255.94,11.35,838.02,11.86,5.0,4.3,5.0
0509040ea3fe50071181bbc359eb7738,belo horizonte,MG,87,87,3689.35,1409.9,5099.25,58.61,27.65,553.01,11.61,6.9,4.48,1.16
8931a84a914b3fe9b1ddaa4d704947ca,sao paulo,SP,29,29,4668.3,424.59,5092.89,175.62,8.34,422.85,11.88,6.9,4.07,17.86
f0b47fbbc6dee9aafe415a6e33051b3f,maua,SP,67,67,3766.92,1320.98,5087.9,75.94,25.96,589.66,10.13,10.45,4.25,11.94
65febd49fd28ec955651299159b1f527,sao paulo,SP,33,33,4136.71,948.67,5085.38,154.1,18.65,315.16,6.68,6.06,4.45,9.09
b90e891671cffd9557f33a97dc523645,sao jose dos pinhais,PR,34,34,4449.0,632.31,5081.31,149.45,12.44,475.31,7.64,0.0,4.32,8.82
5c030029b5916fed0986310385ec9009,sao jose,SC,7,7,4164.4,915.5,5079.9,725.7,18.02,893.36,6.23,0.0,4.86,0.0
d12c926d74ceff0a90a21184466ce161,sao paulo,SP,76,76,3850.28,1225.4,5075.68,66.79,24.14,511.56,8.72,1.32,4.38,6.58
8a130737016f838139d31878787a39c9,sao paulo,SP,56,56,4222.03,842.29,5064.32,90.43,16.63,367.14,10.19,7.14,4.45,5.36
bccf933e006e9b94a6184af782963e77,assis,SP,45,45,4162.74,884.47,5047.21,112.16,17.52,680.29,11.7,2.22,4.52,6.82
31da954dc0855f2495c6310f70a2f931,araras,SP,29,29,4583.0,449.71,5032.71,173.54,8.94,398.87,8.17,10.34,4.21,10.34
15aac934c58d886785ac1b17953ea898,muqui,ES,25,25,4353.9,665.7,5019.6,200.78,13.26,844.04,14.31,12.0,4.24,8.0
232a6014e7b10cba61c6c2b2ea6bb4b0,cafelandia,SP,32,32,3819.97,1197.07,5017.04,156.78,23.86,979.82,13.6,6.25,4.16,12.5
37dd29b36c458d82f74a953c40c43645,limeira,SP,7,7,4536.99,479.44,5016.43,716.63,9.56,1116.42,18.46,14.29,3.86,28.57
827f8f69dfa529c561901c4f2e0f332f,curitiba,PR,91,91,3408.39,1595.57,5003.96,54.99,31.89,535.29,13.68,9.89,4.28,11.24
8f580d36c1e9d6fbce95283403c7d447,ribeirao preto,SP,8,8,4813.25,180.15,4993.4,624.17,3.61,360.51,12.27,12.5,4.38,12.5
e81e1f9c3e762e620f3fb60a51499e16,curitibanos,SC,17,17,4465.99,513.5,4979.49,292.91,10.31,1112.08,25.36,5.88,4.0,12.5
0307f7565ff85b299b6e5ef162b1b1a9,sao jose do rio preto,SP,6,6,4711.9,256.99,4968.89,828.15,5.17,661.89,15.2,0.0,3.5,33.33
891071be6ba827b591264c90c2ae8a63,sao paulo,SP,85,85,3763.35,1193.7,4957.05,58.32,24.08,548.85,13.71,17.65,3.95,20.0
fde0cc9ea29c8ccfc0a2c22256a58c71,curitiba,PR,35,35,3922.0,999.27,4921.27,140.61,20.31,485.77,8.71,2.86,4.49,8.57
3c03b12bab54d8b37d79d914bfdb1aa0,sao joao de meriti,RJ,37,37,4236.34,683.43,4919.77,132.97,13.89,552.11,13.62,16.22,3.83,19.44
382229d1e840115ffe3dbf5ff460e417,rio de janeiro,RJ,45,45,4037.06,853.27,4890.33,108.67,17.45,578.67,9.3,11.11,4.27,11.11
c840d3fdbba0790404fdae73d253b253,curitiba,PR,9,9,4522.28,359.65,4881.93,542.44,7.37,839.32,12.16,0.0,3.56,22.22
968268a686aa05d1f529fb07dff08130,sao paulo,SP,12,12,4677.29,203.55,4880.84,406.74,4.17,469.99,9.4,0.0,3.5,33.33
2addf05f476d0637864454e93ba673d5,brasilia,DF,12,12,4552.0,325.64,4877.64,406.47,6.68,923.84,10.4,0.0,5.0,0.0
99a54764c341d5dc80b4a8fac4eba3fb,sao paulo,SP,44,44,3578.76,1298.82,4877.58,110.85,26.63,266.48,7.73,20.45,3.67,20.93
f6122bc84774df1b372bdb3bb88ddb9f,barueri,SP,3,3,4799.87,74.49,4874.36,1624.79,1.53,326.19,15.62,33.33,3.67,33.33
55a5b51f93f2b70ea513f5a047b0262a,sao joao del rei,MG,39,39,4002.3,847.08,4849.38,124.34,17.47,805.33,13.74,7.69,4.46,5.13
b76dba6c951ab00dc4edf0a1aa88037e,sao paulo,SP,157,157,2545.31,2282.03,4827.34,30.75,47.27,537.72,10.38,3.18,4.22,10.32
43f8c9950d11ecd03a0304a49e010da6,carapicuiba,SP,41,41,4249.59,557.63,4807.22,117.25,11.6,692.02,11.5,7.32,4.56,2.44
6b3bd31ad8fcda4b2635ec9f3ff2ecdf,rio de janeiro,RJ,35,35,4063.9,737.97,4801.87,137.2,15.37,555.12,13.21,8.57,4.09,17.14
6ec1a01e866584bb679eb9b098345919,santos,SP,30,30,3998.91,795.85,4794.76,159.83,16.6,394.92,13.77,20.0,4.24,13.79
9803a40e82e45418ab7fb84091af5231,rio verde,GO,11,11,4278.75,512.63,4791.38,435.58,10.7,1120.89,15.64,0.0,3.73,27.27
e49c26c3edfa46d227d5121a6b6e4d37,brejao,PE,34,34,3624.35,1141.31,4765.66,140.17,23.95,1455.31,11.62,0.0,4.56,5.88
520b493b57809f446cb0a233bb3e25c7,santos,SP,63,63,3698.9,1063.97,4762.87,75.6,22.34,338.7,7.68,3.17,4.3,9.52
cd6efc47efaabf134f8bdb654e10b4f1,rio de janeiro,RJ,31,31,4158.55,598.61,4757.16,153.46,12.58,501.29,8.59,9.68,4.48,6.45
ec8879960bd2221d5c32f8e12f7da711,itatiba,SP,35,35,3957.5,798.76,4756.26,135.89,16.79,594.49,16.5,17.14,4.29,11.76
f76a3b1349b6df1ee875d1f3fa4340f0,sao paulo,SP,24,24,4160.79,588.19,4748.98,197.87,12.39,280.79,17.02,37.5,3.46,29.17
180c3376aff0e43dd5788709df48a843,sao paulo,SP,5,5,4513.0,209.97,4722.97,944.59,4.45,1328.1,20.71,20.0,4.4,20.0
81f89e42267213cb94da7ddc301651da,presidente prudente,SP,46,46,3955.0,766.18,4721.18,102.63,16.23,556.13,7.45,0.0,3.67,21.74
1b938a7ec6ac5061a66a3766e0e75f90,penapolis,SP,29,29,3859.8,859.65,4719.45,162.74,18.22,592.38,11.46,3.45,4.41,6.9
13fa2a6c6b9d0f43cb588d7c82117a12,sao paulo,SP,9,9,4528.0,191.44,4719.44,524.38,4.06,737.33,21.19,33.33,4.11,11.11
1eade46fba20122dc4aefb379f8c636b,sao paulo,SP,58,58,3635.37,1038.34,4673.71,80.58,22.22,473.04,12.37,13.79,4.43,8.62
f97e2b0650c2068227e1d366140eb62f,santo antonio de posse,SP,16,16,3654.0,1011.98,4665.98,291.62,21.69,426.93,14.79,6.25,4.0,20.0
c500367424994318b9e779ff1ae9a330,paulinia,SP,9,9,4346.4,311.99,4658.39,517.6,6.7,1222.73,16.71,11.11,3.78,22.22
3f3486b61f45078d4f31ee5e43d8c5bb,sao paulo,SP,39,39,3769.73,883.4,4653.13,119.31,18.99,545.72,13.88,15.38,4.33,7.69
cb41bfbcbda0aea354a834ab222f9a59,sao paulo,SP,11,11,3792.0,858.66,4650.66,422.79,18.46,810.19,37.56,36.36,3.27,36.36
bf3c6d2a28b2b5501e6c15448982dcc9,sao paulo,SP,35,35,3956.5,691.65,4648.15,132.8,14.88,760.31,11.82,2.86,4.6,2.86
13d058e4eeac2ce8217660b2f8a05812,osasco,SP,22,22,3739.78,907.59,4647.37,211.24,19.53,449.67,11.4,13.64,4.18,13.64
8f119a0aee85c0c8fc534629734e94fd,barueri,SP,75,75,3578.88,1067.01,4645.89,61.95,22.97,394.02,10.05,5.33,4.28,8.0
f3da5b2ff499efb8d4a6d371d175d7dd,sao paulo,SP,77,77,3540.89,1099.7,4640.59,60.27,23.7,392.01,11.52,14.29,3.89,18.42
95f83f51203c626648c875dd41874c7f,borda da mata,MG,50,50,3077.66,1554.14,4631.8,92.64,33.55,337.46,11.72,6.0,3.7,28.0
3f995f07c49d0d55a99d5c54957f7d81,itapecerica da serra,SP,43,43,3955.7,671.5,4627.2,107.61,14.51,657.58,9.59,2.33,4.21,9.3
8cbac7e12637ed9cffa18c7875207478,jaragua do sul,SC,66,66,2955.98,1640.73,4596.71,69.65,35.69,623.9,13.94,6.06,4.17,10.61
681fce914360217db47784ae28905a96,araucaria,PR,23,23,4127.33,444.47,4571.8,198.77,9.72,729.45,12.64,13.04,4.0,22.73
8ed8ea9a57c862f2c18c2fe41f601d56,blumenau,SC,19,19,3831.9,731.07,4562.97,240.16,16.02,622.92,8.58,0.0,4.47,5.26
6b333a05bf188ef3e1f1662a86bd9855,brasilia,DF,12,12,3990.91,563.97,4554.88,379.57,12.38,552.0,10.71,8.33,4.33,8.33
e883aa812c37a7413226856f4579fe91,itapevi,SP,26,26,4097.1,457.36,4554.46,175.17,10.04,536.08,9.9,3.85,4.15,11.54
238fac594e170b59c6d228f5a4f4f1d9,dois corregos,SP,29,29,3126.0,1419.52,4545.52,156.74,31.23,403.68,12.01,10.34,4.0,14.29
3361277dc30b7cccdb0c286b24219756,maringa,PR,29,29,3905.05,635.85,4540.9,156.58,14.0,595.35,13.25,6.9,4.34,6.9
f021c962aaba8ef6eb527a9c2c8394d1,itajai,SC,5,5,4398.5,135.37,4533.87,906.77,2.99,609.54,8.17,0.0,4.2,20.0
1fdc574883ef3b33ad41562d93f3a74a,limeira,SP,18,18,4251.0,273.27,4524.27,251.35,6.04,369.7,11.25,5.56,4.44,0.0
6a0cbc8af2e8abd1bdfb777943d174c6,batatais,SP,34,34,3788.15,729.0,4517.15,132.86,16.14,571.23,15.51,8.82,4.03,12.12
7f152321c60a266edc53af1925ef96c1,criciuma,SC,20,20,3919.8,552.12,4471.92,223.6,12.35,1238.46,23.47,30.0,3.8,25.0
56642bcb79900e777d68e91915cb4267,sao paulo,SP,48,48,3657.64,814.15,4471.79,93.16,18.21,442.39,12.48,8.33,4.06,14.58
f00e21b1e91a79653163b7fd8f293ff1,andradas,SP,31,31,3900.09,570.97,4471.06,144.23,12.77,540.55,12.97,3.23,4.1,13.33
602044f2c16190c2c6e45eb35c2e21cb,ibitinga,SP,48,48,3559.17,909.76,4468.93,93.1,20.36,517.79,14.81,18.75,3.23,36.17
f4aba7c0bca51484c30ab7bdc34bcdd1,sao paulo,SP,108,108,2951.9,1515.23,4467.13,41.36,33.92,528.17,10.98,6.48,3.94,15.74
6288c69c4ce638e59925e59193f98b16,santo andre,SP,20,20,4196.8,270.21,4467.01,223.35,6.05,398.35,9.61,5.0,4.25,5.0
282c7480173bb9c01dd41cc739fec010,sao paulo,SP,5,5,4274.2,192.11,4466.31,893.26,4.3,987.98,14.41,20.0,4.0,25.0
02f5837340d7eb4f653d676c7256523a,curitiba,PR,30,30,3883.05,580.83,4463.88,148.8,13.01,362.42,9.66,3.33,4.83,3.33
406822777a0b9eb5c50e442dd4cd3ec5,tatui,SP,44,44,3548.09,901.12,4449.21,101.12,20.25,473.43,13.38,13.64,4.33,9.3
14d7985702e72162bbf13b6beb74ab2b,santo andre,SP,37,37,3887.0,554.0,4441.0,120.03,12.47,391.12,11.06,13.51,4.32,8.11
870d0118f7a9d85960f29ad89d5d989a,pocos de caldas,MG,45,45,3157.2,1270.83,4428.03,98.4,28.7,,14.46,4.44,4.04,8.89
6bb0724edf0b62fb91ac404873a97241,cotia,SP,17,17,3653.0,763.52,4416.52,259.8,17.29,481.07,14.39,17.65,4.47,6.67
d5ba419e26d246a0719437cf37d9b46d,sao paulo,SP,33,33,3911.5,504.3,4415.8,133.81,11.42,491.47,9.78,12.12,4.0,15.63
b17b679f4f5ce2e03ce6968c62648246,ribeirao preto,SP,50,50,3424.18,980.18,4404.36,88.09,22.25,776.44,19.23,18.0,3.98,16.0
79ed755314cfe6df0daef2c6cd3022cd,rio claro,SP,23,23,3907.5,459.16,4366.66,189.85,10.52,628.98,9.26,0.0,4.73,0.0
edf96ef93ed595084bbcbd9224bd2894,sao paulo,SP,25,25,3757.0,608.78,4365.78,174.63,13.94,556.41,13.89,12.0,3.88,12.0
2745f798279e0ed033addcc1474776d7,sao paulo,SP,32,32,3668.53,696.46,4364.99,136.41,15.96,514.53,13.36,9.38,3.97,12.9
42fa4ee7240e9b8eb4576358ec142ba7,caxias do sul,RS,22,22,3845.7,518.77,4364.47,198.38,11.89,733.41,6.92,0.0,4.81,0.0
3c4e0452bff7a2a788179488d3d77032,colombo,PR,32,32,3746.4,606.12,4352.52,136.02,13.93,508.32,13.83,3.13,3.84,19.35
9b1585752613ec342d03bbab9997ec48,rio de janeiro,RJ,3,3,4248.98,100.06,4349.04,1449.68,2.3,720.26,8.09,0.0,3.67,33.33
ed4311e67debd72b8610a5347a743087,guarulhos,SP,25,25,3636.0,706.81,4342.81,173.71,16.28,517.03,7.81,8.0,4.62,4.17
6481e96574816ead57975da2c0f6d80d,sorocaba,SP,32,32,3324.9,1015.96,4340.86,135.65,23.4,211.32,6.95,3.13,4.19,9.38
1b8356dabde1d35e17cef975c3f82730,sao paulo,SP,55,55,3366.4,970.23,4336.63,78.85,22.37,619.09,10.54,1.82,4.22,9.09
38e679b9e0064cd94c6f035707344dae,londrina,PR,27,27,3644.15,692.47,4336.62,160.62,15.97,727.58,11.23,3.7,4.12,15.38
8b2492b7ff4468839593fafeed55bad9,sao goncalo,RJ,29,29,3660.08,676.18,4336.26,149.53,15.59,421.62,12.44,6.9,4.17,13.79
4c18691b6037662be2df78a765d98ab5,sao paulo,SP,63,63,3195.52,1120.99,4316.51,68.52,25.97,510.5,9.24,7.94,3.87,17.46
2e13c71026e1a39ba5cc1b86dcb679aa,sao paulo,SP,24,24,3793.0,517.21,4310.21,179.59,12.0,576.32,10.57,8.33,4.38,12.5
2199e7fe213c16213bf5d6a7eadc9a5d,registro,SP,24,24,3767.29,541.81,4309.1,179.55,12.57,375.0,10.78,4.17,4.38,8.33
23a0ffca143a15b9b5bbdb7d552f626a,sao pedro,SP,23,23,3718.51,585.77,4304.28,187.14,13.61,766.01,11.5,13.04,3.91,21.74
070d165398b553f3b4b851c216b8a358,sao paulo,SP,31,31,3333.17,967.94,4301.11,138.75,22.5,321.94,12.1,16.13,3.37,33.33
8090490573c6c0aa343a7231ebcb8c86,sao paulo - sp,SP,26,26,3871.12,426.91,4298.03,165.31,9.93,674.7,10.09,7.69,4.19,11.54
3d8fa2f5b647373c8620330c4e077a9f,sao paulo,SP,42,42,3501.74,793.98,4295.72,102.28,18.48,485.6,9.11,2.38,4.24,12.2
a44fb5a447105f8469bdf16bf9159f25,porto alegre,RS,19,19,3706.1,586.61,4292.71,225.93,13.67,904.64,14.24,26.32,4.05,15.79
c9a06ece156bb057372c68718ec8909b,brasilia,DF,11,11,3849.0,432.96,4281.96,389.27,10.11,662.93,11.49,0.0,3.36,27.27
c731d18cea9bf687ffee82a241c25b11,concordia,SC,24,24,3662.0,610.65,4272.65,178.03,14.29,665.29,7.91,0.0,4.22,17.39
96804ea39d96eb908e7c3afdb671bb9e,ibia,MG,37,37,3530.75,737.25,4268.0,115.35,17.27,709.04,12.92,2.7,4.14,13.51
5f5b43b2bffa8656e4bc6efeb13cc649,sao paulo,SP,27,27,3677.2,555.45,4232.65,156.76,13.12,794.05,13.95,3.7,4.41,7.41
271c58a1d139c45eaf3316107c6d3a3b,sao paulo,SP,27,27,3597.63,634.92,4232.55,156.76,15.0,822.48,13.16,7.41,4.19,14.81
66dc1b1632bd6a3e508510c5b3492107,jau,SP,36,36,3542.19,689.71,4231.9,117.55,16.3,626.81,10.28,2.78,3.64,25.0
2d2c62bef4c8ba0dd74e0e228e808539,ribeirao preto,SP,16,16,3749.0,481.48,4230.48,264.41,11.38,484.86,10.31,12.5,4.12,18.75
e7d5b006eb624f13074497221eb37807,santo andre,SP,28,28,3478.93,741.49,4220.42,150.73,17.57,420.82,11.17,7.14,3.93,21.43
f35b3c613c4f7b2275f4185d0a3c59ec,sao paulo,SP,9,9,4047.25,167.04,4214.29,468.25,3.96,410.8,12.8,22.22,4.56,11.11
2a167ca73899c85001a837d8fb4962f6,sao paulo,SP,2,2,4097.0,100.62,4197.62,2098.81,2.4,448.47,6.51,0.0,4.5,0.0
08cdbae123ff67ca4e36d9d641ce0119,uba,MG,4,4,3098.99,1096.47,4195.46,1048.86,26.13,719.24,24.26,50.0,3.25,50.0
4559697a8f7e637227c2eeaed843baff,presidente prudente,SP,39,39,3486.3,703.22,4189.52,107.42,16.79,845.53,12.94,7.69,4.21,12.82
276677b5d08786d5dce7c2149dcce48b,belo horizonte,MG,31,31,3424.2,765.25,4189.45,135.14,18.27,544.81,12.06,9.68,4.03,19.35
bede56095ba33c42038fb85f707b8a42,valinhos,SP,2,2,3973.9,210.87,4184.77,2092.39,5.04,1218.22,12.58,0.0,4.5,0.0
5d3bb11474a06bdc23fb9e89f1164ee0,assis,SP,31,31,3654.6,524.22,4178.82,134.8,12.54,509.1,9.8,3.23,3.9,16.13
e8f6dc8e6a1dcde89d20e3995c8d90b3,sao paulo,SP,35,35,2148.74,2016.8,4165.54,119.02,48.42,458.4,12.94,8.57,4.0,14.29
71039d19d4303bf9054d69e9a9236699,sao paulo,SP,35,35,3537.2,621.45,4158.65,118.82,14.94,654.96,13.89,22.86,3.8,20.0
e70053bf73d1b5863932e53a9fa47496,sao paulo,SP,7,7,4025.0,133.58,4158.58,594.08,3.21,680.67,13.46,0.0,4.29,0.0
38874e327ce94d11390b96eb42d61928,itaquaquecetuba,SP,6,6,3779.94,378.49,4158.43,693.07,9.1,359.13,19.96,16.67,4.0,0.0
9646c3513289980f17226a2fc4720dbd,sao jose dos campos,SP,69,69,2964.4,1187.83,4152.23,60.18,28.61,597.36,11.2,2.9,4.45,5.8
33ac3e28642ab8bda860a2f693000e78,cotia,SP,34,34,3661.03,490.09,4151.12,122.09,11.81,457.69,8.72,0.0,4.21,11.76
594f9aaa48e5bf431f011ddc5669b0d5,contagem,MG,37,37,3248.8,887.61,4136.41,111.79,21.46,752.05,7.79,2.7,4.59,2.7
5d9dc90a686a8fddacffab6bab5653a3,santana de parnaiba,SP,12,12,3761.94,369.33,4131.27,344.27,8.94,221.65,8.63,8.33,4.17,8.33
643214e62b870443ccbe55ab29a4dccf,sao paulo,SP,65,65,3229.23,891.48,4120.71,63.4,21.63,494.46,9.59,12.31,4.4,4.62
d57e18d5f73c7ccb7f7339b61166898d,sao paulo,SP,61,61,3187.7,923.49,4111.19,67.4,22.46,516.72,9.21,3.28,4.43,8.2
c0563dd588b775f2e37747ef6ad6c92c,santo andre,SP,28,28,3697.2,397.48,4094.68,146.24,9.71,407.97,10.86,10.71,4.36,14.29
77e4abfd739aed9c46480f90f81c0eb4,brasilia,DF,18,18,3736.99,355.22,4092.21,227.34,8.68,779.81,10.01,0.0,4.78,0.0
b1fecf4da1fa2689bccffa0121953643,campo grande,MS,19,19,3669.64,397.08,4066.72,214.04,9.76,1065.44,10.2,0.0,4.95,0.0
6b90f847357d8981edd79a1eb1bf0acb,guarulhos,SP,45,45,3322.08,737.65,4059.73,90.22,18.17,361.2,5.58,4.44,4.36,6.67
cfd7ddab722b902f7ac5b5f3ba6d723d,contagem,MG,12,12,3385.03,673.08,4058.11,338.18,16.59,478.75,5.45,0.0,4.75,8.33
f0837c8d71434931d9e38e7b79234797,arvorezinha,RS,22,22,3446.9,602.46,4049.36,184.06,14.88,888.61,11.82,4.55,4.59,0.0
994f04b3718c2bab35c2adfa8afecd2a,jaguariuna,SP,47,47,3289.8,754.65,4044.45,86.05,18.66,444.03,14.03,8.51,4.3,4.26
3bdff180c7e1f6551a643b99c265a120,sao paulo,SP,56,56,3008.2,1003.88,4012.08,71.64,25.02,468.35,10.03,5.36,4.25,9.09
a2b5b6105ea5942300631d2e76f4ffe0,osasco,SP,16,16,3286.69,722.65,4009.34,250.58,18.02,599.52,8.47,12.5,4.75,0.0
3c010235b7345c92f125d14ee232a76b,mandirituba,PR,15,15,3578.0,427.32,4005.32,267.02,10.67,826.61,11.04,0.0,4.67,0.0
df560393f3a51e74553ab94004ba5c87,loanda,PR,26,26,3429.78,570.11,3999.89,153.84,14.25,787.35,18.47,7.69,3.88,7.69
7f2617c58d5d06806987308b45654351,sao paulo,SP,22,22,3656.8,326.47,3983.27,181.06,8.2,815.29,12.48,9.09,3.82,13.64
4da0e408c99d2fdc2126dc9fce518060,cornelio procopio,PR,44,44,3026.0,938.73,3964.73,90.11,23.68,507.74,9.28,0.0,4.41,6.82
1838dd9b8977065acf51d95e0053ea7a,belo horizonte,MG,62,62,2750.5,1212.79,3963.29,63.92,30.6,763.56,12.79,4.84,4.37,11.29
4d600e08ecbe08258c79e536c5a42fee,entre rios do oeste,PR,7,7,3816.17,142.96,3959.13,565.59,3.61,1019.8,12.94,0.0,4.43,14.29
eb4df17aed01d918c65f0f8d650900c0,paulinia,SP,11,11,3739.87,185.59,3925.46,356.86,4.73,461.0,12.9,27.27,3.91,18.18
f4db9b37944bcb8873e6b456ee190bbf,itaquaquecetuba,SP,21,21,3409.78,500.16,3909.94,186.19,12.79,798.43,13.15,9.52,4.57,0.0
ec80e49e69745ab6c14f984bf2149423,limeira,SP,12,12,3709.0,188.31,3897.31,324.78,4.83,467.54,12.85,16.67,4.0,9.09
1d0997ff06b524ce9289ffd75114ecd3,recife,PE,3,3,3747.0,126.57,3873.57,1291.19,3.27,2495.48,17.01,33.33,3.67,33.33
0c7533c71df861ec58ad7ff999ed0e8d,valinhos,SP,61,61,2989.3,874.21,3863.51,63.34,22.63,469.39,10.81,4.92,4.15,14.75
960945e1a9535cbc0cd6ddd35fbe7ae8,sao paulo,SP,28,28,3381.73,479.8,3861.53,137.91,12.43,226.53,6.19,0.0,4.64,0.0
8ff38bc3969e67c36c48343a07090f66,sao paulo,SP,2,2,3472.0,387.56,3859.56,1929.78,10.04,852.82,16.92,0.0,2.5,50.0
aae3bfea055532c57fb453ed3ec80b30,santo andre,SP,48,48,3057.92,799.25,3857.17,80.36,20.72,853.45,12.52,0.0,3.6,21.28
f7ccf836d21b2fb1de37564105216cc1,ibitinga,SP,69,69,2748.4,1107.94,3856.34,55.89,28.73,397.01,11.21,10.14,3.85,19.4
3364a91ec4d56c98e44174de954b94f6,porto velho,RO,6,6,3579.94,273.91,3853.85,642.31,7.11,2565.12,14.83,0.0,3.83,33.33
3b872fd4747f01cc56206f2934198618,ibitinga,SP,25,25,2726.74,1116.37,3843.11,153.72,29.05,375.81,14.49,16.0,3.88,16.0
4677a5437afda5fa7140b927b07be1cc,japira,PR,11,11,3415.7,420.0,3835.7,348.7,10.95,699.28,12.51,9.09,4.36,0.0
e48b04bf1aa1ef711caebeb7aede6180,curitiba,PR,25,25,3187.1,645.63,3832.73,153.31,16.85,578.23,10.54,0.0,4.48,8.0
218f991754f360af9c2daa5e0b8e990c,sao paulo,SP,14,14,3554.32,265.22,3819.54,272.82,6.94,417.36,13.86,14.29,3.64,21.43
f326006815956455b2859abd58fe7e39,fernandopolis,SP,9,9,3147.16,666.02,3813.18,423.69,17.47,668.25,12.9,0.0,4.67,0.0
5f1dc28029d2c244352a68107ec2b542,sao paulo,SP,62,62,2807.3,996.16,3803.46,61.35,26.19,471.66,9.55,6.45,4.43,6.56
c8b3445d737de6befde0c88ede534a5e,sao paulo,SP,30,30,3149.04,651.75,3800.79,126.69,17.15,689.85,11.7,3.33,4.43,6.67
244c2f1bff6afe1f2eaf9bfe9b2aed38,mogi das cruzes,SP,23,23,2580.0,1214.87,3794.87,164.99,32.01,277.17,13.99,8.7,3.65,21.74
a938325a4b357fd23a6a4d5bb126408e,nilopolis,RJ,24,24,3231.0,560.81,3791.81,157.99,14.79,718.99,13.24,4.17,3.83,20.83
a17f621c590ea0fab3d5d883e1630ec6,sorocaba,SP,63,63,2677.92,1094.35,3772.27,59.88,29.01,418.57,11.56,7.94,4.16,14.75
2d50d6282f8aa2257819a77bfaa0efe0,ibitinga,SP,42,42,3008.48,754.17,3762.65,89.59,20.04,560.76,13.65,14.29,3.81,19.05
f2336e113377dd21c744d9c4fc8293a9,sao paulo,SP,4,4,3563.0,199.08,3762.08,940.52,5.29,2088.75,20.25,0.0,4.25,0.0
54c04bdb5ec46762f8f08c7e8f86ed4a,florianopolis,SC,18,18,3281.66,476.12,3757.78,208.77,12.67,1025.78,15.72,11.11,4.33,11.11
5bc24d989e71e93c33e50a7782431b0e,campo do meio,MG,17,17,3148.0,588.53,3736.53,219.8,15.75,549.54,9.19,0.0,4.35,11.76
b1ac6ea7895bc3dd6f0f6f4abbdd2821,canoas,RS,38,38,2962.0,772.36,3734.36,98.27,20.68,964.59,10.18,0.0,4.53,2.63
a0415d9b25ede3c4b1e477e9916ffc03,nova iguacu,RJ,9,9,3544.2,184.94,3729.14,414.35,4.96,1086.76,8.93,0.0,4.22,11.11
52562a9f449c3dc3d53f5f5b9ed74903,parnamirim,RN,14,14,3266.6,444.04,3710.64,265.05,11.97,1682.16,13.36,0.0,4.79,0.0
bce6a5ecf98e99fd2a8868b15c51f04b,guarulhos,SP,14,14,3464.9,241.6,3706.5,264.75,6.52,426.89,11.76,21.43,4.07,21.43
ed46f1eb4a638113deb2a1137b5f22e9,indaial,SC,4,4,3470.0,216.68,3686.68,921.67,5.88,410.94,7.36,0.0,4.0,25.0
0ebd97a106433a45a4aebe57c1799778,contagem,MG,31,31,3046.8,614.88,3661.68,118.12,16.79,795.19,9.44,0.0,4.48,6.45
e89c4adbe7b1d0819dbb636e16461cf1,indaiatuba,SP,24,24,3181.3,454.85,3636.15,151.51,12.51,471.46,15.12,12.5,3.83,16.67
b8555308bfdb4ca1ed54325a58da9a97,sao bernardo do campo,SP,26,26,3047.2,582.83,3630.03,139.62,16.06,642.48,10.22,7.69,4.0,11.54
c64a2aec32cc408a8a4c6d7c46017f91,imbe,RS,9,9,3221.5,406.67,3628.17,403.13,11.21,1541.97,21.51,0.0,3.89,11.11
6750d71153f00fc58829af2a8ef1bcf1,rio bonito,RJ,6,6,3514.0,112.5,3626.5,604.42,3.1,750.53,9.52,0.0,4.17,16.67
d93919c944be9cff128f6c9cb899eacb,mombuca,SP,33,33,2666.7,957.31,3624.01,109.82,26.42,780.83,22.92,18.18,4.0,18.18
977f9f63dd360c2a32ece2f93ad6d306,tabatinga,SP,23,23,2730.07,891.85,3621.92,157.47,24.62,551.73,12.8,13.04,3.87,17.39
822b63912576852aea9a8436d72317b7,mogi guacu,SP,6,6,3465.93,149.34,3615.27,602.54,4.13,638.41,23.3,0.0,4.83,0.0
432c37c9dfba871172ec162e20118b8c,brasilia,DF,44,44,2679.87,934.93,3614.8,82.15,25.86,846.55,14.6,9.09,4.25,11.36
cb3dd9ce66268c7a3ca7241ac70ab58c,sao paulo,SP,48,48,2788.32,820.35,3608.67,75.18,22.73,544.88,14.01,6.25,4.19,12.5
21e83881401b92b49fb09a16d3852291,uberlandia,MG,12,12,3109.06,497.03,3606.09,300.51,13.78,588.54,10.95,0.0,4.83,0.0
afa6714acee029b2dfdf357e5579cc03,descalvado,SP,16,16,3220.76,382.82,3603.58,225.22,10.62,724.03,12.73,12.5,4.25,12.5
585175ec331ea177fa47199e39a6170a,montes claros,MG,1,1,3549.0,53.47,3602.47,3602.47,1.48,453.52,7.92,0.0,5.0,0.0
5c6d4016c2a288f074fa0848a2b653d2,sao paulo,SP,31,31,3100.0,498.13,3598.13,116.07,13.84,518.95,10.63,9.68,4.16,12.9
cce6ab8d1682639fe45ab70234f1665f,curitiba,SP,61,61,2442.7,1136.89,3579.59,58.68,31.76,551.21,15.36,4.92,4.51,4.92
a6fe7de3d16f6149ffe280349a8535a0,franca,SP,50,50,2844.9,729.54,3574.44,71.49,20.41,481.51,14.98,16.0,4.04,16.33
ae7ab174effdead6c241e547e4ca13f0,arapongas,PR,6,6,2778.6,795.46,3574.06,595.68,22.26,472.98,9.57,0.0,4.33,16.67
20d83f3ef0e6925fd74bfd59170babf7,sao paulo,SP,40,40,2903.6,653.61,3557.21,88.93,18.37,433.0,9.07,5.0,4.4,7.5
5b51032eddd242adc84c38acab88f23d,borda da mata,MG,12,12,3280.0,268.95,3548.95,295.75,7.58,279.75,11.75,0.0,4.0,8.33
aeb36d67f1414f234d42a29e27cf1f17,santo andre,SP,4,4,3263.8,284.3,3548.1,887.02,8.01,870.98,19.47,25.0,4.5,0.0
318f287a62ab7ac10b703ac37435a231,sao paulo,SP,51,51,2432.48,1097.04,3529.52,69.21,31.08,431.3,11.52,9.8,3.92,19.61
f61c63d13f7cd800549d5acdd390ae72,pilar do sul,SP,26,26,3072.3,429.39,3501.69,134.68,12.26,359.51,11.75,7.69,4.0,11.54
c9aafcd0621b2207c10e32c649cada4d,sao paulo,SP,40,40,2671.26,817.29,3488.55,87.21,23.43,515.8,8.71,10.0,4.32,10.0
d17f467e4bf608a510c20d82f4ba3b6b,caxias do sul,RS,11,11,2963.78,507.53,3471.31,315.57,14.62,544.29,12.06,18.18,4.27,0.0
1771297ac436903d1dd6b0e9279aa505,guarulhos,SP,28,28,2881.27,585.16,3466.43,123.8,16.88,524.4,9.44,3.57,4.63,0.0
fce62094ffe6a4009188ec44e681dfdd,sao paulo,SP,4,4,2969.7,482.93,3452.63,863.16,13.99,819.9,13.5,25.0,4.0,25.0
2a1348e9addc1af5aaa619b1a3679d6b,belo horizonte,MG,48,48,2697.4,727.37,3424.77,71.35,21.24,582.2,27.31,27.08,3.17,36.17
55f7a3319d80f7fdf078b8f03e6725fe,osasco,SP,22,22,3013.78,406.67,3420.45,155.47,11.89,400.93,6.78,9.09,3.77,18.18
1ce3ae5a399804d1a87e706f8a813c3e,jaguaruna,SC,40,40,2563.0,853.69,3416.69,85.42,24.99,857.87,14.51,10.0,3.75,20.0
430315b7bb4b6e4b3c978f9dfa9b0558,sao paulo,SP,19,19,2864.4,550.16,3414.56,179.71,16.11,562.6,13.56,5.26,3.95,21.05
a1474fd46fd3430168f7ec202da39408,pinhais,SP,12,12,2752.5,661.02,3413.52,284.46,19.36,1514.3,17.98,16.67,4.33,8.33
5bc55dbe2f12b6af6d83ed46023e0dc8,coronel fabriciano,MG,17,17,2992.1,417.28,3409.38,200.55,12.24,618.54,13.93,23.53,2.41,58.82
5cbbd5a299cab112b7bf23862255e43e,pinhais,PR,36,36,2726.06,659.15,3385.21,94.03,19.47,636.72,10.85,0.0,4.28,11.11
d25aa0aaacb370e912f8cf6efeba38b3,massaranduba,SC,17,17,2658.45,714.68,3373.13,198.42,21.19,675.72,8.84,5.88,4.47,5.88
f7720c4fa8e3aba4546301ab80ea1f1b,curitiba,PR,59,59,2043.55,1317.24,3360.79,56.96,39.19,608.91,10.99,5.08,4.25,6.78
5b35136197710e16ac5e7b7c2bd4ea85,rio de janeiro,RJ,7,7,3104.2,246.09,3350.29,478.61,7.35,494.38,18.39,28.57,2.57,57.14
8d79c8a04e42d722a75097ce5cbcf2ef,caucaia,CE,26,26,2627.82,719.43,3347.25,128.74,21.49,1494.56,19.17,15.38,4.58,7.69
dd533b429f380718b70ad9922c294bae,barretos,SP,39,39,2244.88,1091.3,3336.18,85.54,32.71,902.82,17.28,12.82,3.92,15.38
31561f325664a8a7aba4c8d0c3a9b3db,sao paulo,SP,36,36,2702.19,627.17,3329.36,92.48,18.84,572.19,7.39,2.78,4.64,2.78
fd386aa7bed2af3c7035c65506c9b4a3,sao paulo,SP,69,69,2304.15,1012.02,3316.17,48.06,30.52,514.97,8.56,10.14,4.35,14.49
c394e193cda3b4225ff2094d32184849,sao paulo,SP,2,2,3134.89,177.56,3312.45,1656.23,5.36,179.7,11.45,0.0,5.0,0.0
2156f2671501a81034d7d07f217609d0,sp,SP,21,21,2909.5,393.49,3302.99,157.29,11.91,714.38,15.28,14.29,4.0,14.29
3fd1e727ba94cfe122d165e176ce7967,araraquara,SP,35,35,2747.4,548.49,3295.89,94.17,16.64,540.09,15.71,20.0,3.94,17.14
33576ec5412fb5905d876f12f33bfde6,curitiba,PR,31,31,2718.0,569.98,3287.98,106.06,17.34,844.14,14.82,3.23,4.1,9.68
cd06602b43d8800bd0afad514919d35c,sao paulo,SP,43,43,2555.31,732.54,3287.85,76.46,22.28,396.99,12.6,4.65,3.74,25.58
51702dc2a3e106c76dbff722b5bf0726,conchal,SP,13,13,2705.1,581.94,3287.04,252.85,17.7,714.67,14.79,0.0,4.31,7.69
730937bf88cb151eb2eb849f642fc213,rio claro,SP,22,22,2821.2,455.97,3277.17,148.96,13.91,510.12,6.47,4.55,4.41,9.09
f593898ec748b7a8cb81fc04edafd98a,pedreira,SP,19,19,2588.04,684.31,3272.35,172.23,20.91,642.68,16.62,15.79,3.68,26.32
df56d7b40d437f88407c5f78b63bc328,cascavel,PR,22,22,2791.28,460.22,3251.5,147.8,14.15,704.21,12.59,4.55,4.09,13.64
60562ab00b8054280520d390c8c0045c,sao paulo,SP,17,17,2943.0,304.09,3247.09,191.01,9.37,693.81,10.18,0.0,4.76,0.0
e99e927c81e3f51739c94fcdfca9f10f,uberlandia,MG,21,21,2597.85,639.08,3236.93,154.14,19.74,688.32,14.58,19.05,3.71,19.05
d9e8c084b68fe958861d8f2c21202e6b,sao paulo,SP,9,9,3050.0,181.86,3231.86,359.1,5.63,281.25,10.33,0.0,4.33,11.11
d93844a9c55ba7ce353388bcf849ea56,curitiba,PR,12,12,2708.5,521.02,3229.52,269.13,16.13,1100.46,16.8,8.33,4.25,8.33
efcd8d2104f1a05d028af7bad20d974b,aracatuba,SP,46,46,2384.79,840.31,3225.1,70.11,26.06,713.45,10.14,2.17,4.2,8.7
3cfa1358a6caa965278721344c8d76f2,sao bernardo do campo,SP,5,5,3140.28,81.25,3221.53,644.31,2.52,235.86,6.3,0.0,4.8,0.0
49e7217cfe4e427191c378ec626d8737,formiga,MG,12,12,2868.8,352.09,3220.89,268.41,10.93,585.57,16.04,0.0,4.08,8.33
4c8545742faaf58fafd5fd14d25d75cf,fernandopolis,SP,4,4,3020.0,196.31,3216.31,804.08,6.1,584.85,9.97,0.0,4.5,0.0
a369d693961cb93b61ca2cc518872a85,sao jose do rio preto,SP,11,11,2597.0,616.79,3213.79,292.16,19.19,683.32,11.03,0.0,3.91,18.18
6338ea67c41078a46ad99cc009654956,farroupilha,RS,37,37,2286.09,924.3,3210.39,86.77,28.79,1019.0,13.19,0.0,4.6,5.71
8ab42aa58097fd4668d60cc648225d5f,goiania,GO,20,20,2616.75,593.64,3210.39,160.52,18.49,752.19,10.36,0.0,4.2,5.0
bd697db56ff8e7c9cd1abeb7f72029b2,sao paulo,SP,21,21,2869.79,329.14,3198.93,152.33,10.29,857.44,10.88,0.0,4.33,9.52
fec6275253471ace26d209bbaa64cd0f,nova friburgo,RJ,9,9,2840.0,355.67,3195.67,355.07,11.13,1279.5,14.16,0.0,4.56,11.11
974cf2cb8f4b7add98709c30df02fe10,araraquara,SP,30,30,2694.7,497.2,3191.9,106.4,15.58,435.42,11.27,3.33,4.17,10.0
f44b6f775a2b390380e0e30b5c9d3eee,sao paulo,SP,10,10,2930.0,258.24,3188.24,318.82,8.1,340.14,8.69,0.0,4.9,0.0
4992e76a42cb3aad7a7047e0d3d7e729,sao paulo,SP,56,56,2171.2,992.36,3163.56,56.49,31.37,354.59,7.71,7.14,3.96,16.07
612a743d294c27884fb7b80d2b19ba35,curitiba,PR,2,2,3057.7,104.45,3162.15,1581.08,3.3,337.9,9.79,0.0,4.5,0.0
56e361f411e38dcef17cdc2a3d99628b,guarulhos,SP,5,5,1298.0,1857.76,3155.76,631.15,58.87,1038.43,10.31,20.0,4.0,20.0
1987cd4be10fe09ee50454f9c354d1c6,ouro fino,MG,14,14,2877.7,257.53,3135.23,223.94,8.21,533.36,15.32,7.14,4.36,7.14
b494891378bd8f4560abe576c52deacd,sao paulo,SP,19,19,2839.0,295.98,3134.98,165.0,9.44,555.86,5.47,5.26,4.74,5.26
8f54d64f28a993550aa7943f12572959,ipatinga,MG,15,15,2755.5,377.62,3133.12,208.87,12.05,769.13,14.05,6.67,3.73,26.67
157c3e4b42f81ac4a44e8b1ca2fe9876,sao paulo,SP,23,23,2548.5,583.32,3131.82,136.17,18.63,494.54,10.98,8.7,3.7,21.74
9906e7aa42a3c067b7c9a564d01c4320,maringa,PR,12,12,2619.0,496.6,3115.6,259.63,15.94,1003.18,16.47,16.67,4.5,8.33
9c068d10aca38e85c50202e17b4a7e88,coxim,MS,17,17,2658.9,449.93,3108.83,182.87,14.47,1057.48,16.53,17.65,4.12,18.75
d32e3909cfb714fb2a6cb092c85b9c5f,jundiai,SP,10,10,2827.9,251.0,3078.9,307.89,8.15,724.1,22.51,30.0,3.5,30.0
820cc752a266cdc6c1a1e61dd4583330,maringa,PR,15,15,2802.8,275.97,3078.77,205.25,8.96,604.74,13.96,13.33,4.13,6.67
0885aaf116795758dfeb5f1032487bcd,ferraz de vasconcelos,SP,27,27,2573.1,499.04,3072.14,113.78,16.24,327.1,5.99,3.7,4.26,11.11
78744a20ee2f80ba64f6804c25def2b8,recife,PE,6,6,2715.0,353.85,3068.85,511.48,11.53,2278.11,18.96,16.67,4.17,16.67
d3dcf0604eabf0224fbd5948b5e02f69,sao paulo,SP,9,9,2902.3,165.11,3067.41,340.82,5.38,914.39,17.63,33.33,3.89,22.22
082e0bf4cb865a6533b1e8e498cc0255,botucatu,SP,11,11,2073.3,991.03,3064.33,278.58,32.34,749.25,14.37,18.18,3.27,36.36
ede0c03645598cdfc63ca8237acbe73d,ribeirao preto,SP,43,43,2352.15,708.3,3060.45,71.17,23.14,490.14,18.59,34.88,3.57,28.57
ccf8813e5a7d6c84d865cd38bfc2b130,taubate,SP,26,26,2635.5,415.79,3051.29,117.36,13.63,428.6,11.43,7.69,4.38,11.54
f125f3a310c2e5f822d116147de1e474,sao paulo,SP,16,16,2761.4,287.89,3049.29,190.58,9.44,497.93,11.93,12.5,4.19,6.25
bb7a14e229b1c95156719c3d9552eeee,rio de janeiro,RJ,10,10,2760.2,287.41,3047.61,304.76,9.43,572.74,11.6,10.0,4.5,10.0
b335c59ab742f751a85db9c411a86739,araguari,MG,30,30,2494.11,544.93,3039.04,101.3,17.93,618.05,16.15,3.33,4.03,6.67
3504c0cb71d7fa48d967e0e4c94d59d9,maua,SP,53,53,2349.94,687.37,3037.31,57.31,22.63,322.77,7.33,0.0,4.42,3.77
dd58ee93286b0821565574c570e9e1dc,curitiba,PR,2,2,2948.0,75.31,3023.31,1511.66,2.49,270.04,12.04,0.0,5.0,0.0
606ce7768feac12c5e8bd58db8b08f0f,campinas,SP,5,5,2916.6,102.26,3018.86,603.77,3.39,516.83,9.73,0.0,4.8,0.0
ffa6adafb71b807dc13159e26431354c,londrina,PR,17,17,2500.9,516.48,3017.38,177.49,17.12,804.6,9.85,0.0,3.94,11.76
e908c0f3646e8b60375734a350d95d71,sao paulo,SP,1,1,2951.0,58.53,3009.53,3009.53,1.94,1457.02,27.11,0.0,4.0,0.0
4305fe92735c8a43d154ff6dd2b8d927,coronel fabriciano,MG,17,17,2606.1,393.54,2999.64,176.45,13.12,929.99,11.48,0.0,4.18,11.76
b56906f7fd1696e043f1bcce164c487b,echapora,SP,40,40,2148.49,846.93,2995.42,74.89,28.27,856.01,12.87,5.0,4.0,20.0
6f229cc508fc6915ed5c499efd93baa4,rio de janeiro,RJ,13,13,2654.8,333.88,2988.68,229.9,11.17,632.31,9.25,15.38,4.38,15.38
5abb8ea023c77787f2c15da891c8d384,joinville,SC,13,13,2241.0,746.2,2987.2,229.78,24.98,759.96,19.68,23.08,3.92,15.38
f805b96fa705ba7995a221f1749dc141,maringa,PR,7,7,2744.44,242.43,2986.87,426.7,8.12,1239.82,12.98,0.0,4.43,0.0
b74d1c09cb380e1d03a6f859c6f4224b,rio de janeiro,RJ,30,30,2174.61,809.97,2984.58,99.49,27.14,610.83,10.78,13.33,4.3,10.0
fe26f3ecb51a15e6d8335cd92da42562,sao paulo,SP,7,7,2708.96,262.59,2971.55,424.51,8.84,355.75,10.68,14.29,4.43,0.0
f1b93673502375d491780bb49d615dbc,sao jose dos campos,SP,8,8,2638.93,320.35,2959.28,369.91,10.83,247.84,14.44,25.0,3.12,37.5
cac876b37d3abcd6bd76caca30277996,cascavel,PR,27,27,2229.77,729.02,2958.79,109.58,24.64,771.82,9.91,3.7,4.46,3.85
4b0fdb526525f9890eb145bf1534640e,ibitinga,SP,18,18,2419.0,535.21,2954.21,164.12,18.12,507.26,9.19,0.0,4.06,16.67
5a93f3ab0ef4c84ed5e1b5dbf23978bc,monteiro lobato,SP,38,38,2299.28,652.94,2952.22,77.69,22.12,529.65,15.09,2.63,4.79,2.63
116ccb1a1604bc88e4d234a8c23f33de,sao bernardo do campo,SP,61,61,2004.89,943.44,2948.33,48.33,32.0,362.18,9.05,6.56,4.64,3.28
888faa8bfb0b159c37de6d898b961c31,braco do norte,SC,19,19,2418.3,526.7,2945.0,155.0,17.88,737.86,8.45,0.0,4.21,10.53
1d4587203296c8f4ad134dc286fa6db0,sao paulo,SP,40,40,2287.5,654.41,2941.91,73.55,22.24,568.16,9.46,5.0,4.35,10.0
f214d28e8d8e3ef068748498ccc2f813,sao paulo,SP,52,52,2152.43,785.41,2937.84,56.5,26.73,481.66,10.43,7.69,4.27,9.8
bc302730ea8cf49b5c74f579febb5bbf,campinas,SP,11,11,2640.9,289.27,2930.17,266.38,9.87,538.34,11.24,9.09,3.82,18.18
655220df33262c7e0c4949a147366f94,diadema,SP,13,13,2245.0,681.53,2926.53,225.12,23.29,641.88,13.79,15.38,4.08,15.38
0bb738e4d789e63e2267697c42d35a2d,sao roque,SP,29,29,2308.4,616.94,2925.34,100.87,21.09,607.45,12.09,3.57,4.66,0.0
2c4c47cb51acd5ea5db5e0ae0e26542a,buritama,SP,12,12,2575.9,341.47,2917.37,243.11,11.7,443.2,10.74,0.0,4.67,0.0
c4f7fee5b0db50e87766f5a4d1b1b758,sorocaba,SP,5,5,2762.03,152.69,2914.72,582.94,5.24,473.07,11.53,0.0,4.0,20.0
d3f39f05462b79a4562d35893a28f159,mococa,SP,33,33,2363.4,529.97,2893.37,87.68,18.32,335.86,11.97,12.12,3.61,33.33
41ab63a91b8b264e8c8780368bf1dd5b,belo horizonte,MG,12,12,2571.95,302.27,2874.22,239.52,10.52,684.97,16.31,0.0,4.25,16.67
0725b8c0f3f906e58f70cbe76b7c748c,guarulhos,SP,16,16,2161.52,703.95,2865.47,179.09,24.57,363.99,12.98,37.5,3.56,31.25
fdaaf5bfda82b7b80535610c831b8d09,sao jose do rio preto,SP,10,10,2588.9,259.42,2848.32,284.83,9.11,557.89,9.9,10.0,4.2,20.0
bb5bd94c8f59cc050072d2930c869cac,sao paulo,SP,16,16,2543.87,302.77,2846.64,177.92,10.64,499.26,14.67,6.25,4.19,6.25
8603f0038fe0e52fedd3382d266723de,garopaba,SC,10,10,2355.0,490.12,2845.12,284.51,17.23,375.14,21.26,0.0,4.4,10.0
1c40343cc5d18c2d8248ac2f3366de34,limeira,SP,21,21,2461.41,378.01,2839.42,135.21,13.31,574.11,7.48,9.52,4.62,0.0
5160d23075764e18e07c1f4a87fad743,sao bernardo do campo,SP,33,33,2359.0,478.64,2837.64,85.99,16.87,488.25,9.3,3.03,4.36,9.09
7fc87cc3e89b3d1d5cabdca32f8485aa,guarulhos,SP,14,14,2153.9,681.92,2835.82,202.56,24.05,212.96,19.74,28.57,3.57,28.57
7238a95bb63ef7e498389fb863b834a1,limeira,SP,15,15,2265.7,569.41,2835.11,189.01,20.08,562.03,7.96,6.67,4.73,0.0
cea729054f157f5870bdd321a958d994,sao paulo,SP,24,24,2482.1,349.52,2831.62,117.98,12.34,473.76,7.27,4.17,4.12,12.5
ffdd9f82b9a447f6f8d4b91554cc7dd3,curitiba,PR,18,18,2101.2,727.46,2828.66,157.15,25.72,459.28,10.54,0.0,4.33,11.11
c013e57c075a06e5b5c48ee03c525719,sao carlos,SP,42,42,1971.55,857.11,2828.66,67.35,30.3,501.52,9.19,7.14,4.24,9.52
e9511df20ccd82658a30c37b7fb343af,bauru,SP,22,22,2096.6,726.5,2823.1,128.32,25.73,584.83,9.76,0.0,4.32,9.09
458d868c9642f55f18f04e951a3fdde6,porto alegre,RS,2,2,2718.0,104.75,2822.75,1411.38,3.71,1125.76,17.61,0.0,5.0,0.0
1444c08e64d55fb3c25f0f09c07ffcf2,lauro de freitas,BA,1,1,2749.0,69.74,2818.74,2818.74,2.47,1465.75,10.39,0.0,1.0,100.0
6989574bd97d9773f10d232b6c07da59,curitiba,PR,7,7,2478.4,321.1,2799.5,399.93,11.47,392.69,10.96,0.0,4.86,0.0
47efca563408aae19bb7206c2d969ea9,teresina,PI,11,11,2383.0,408.55,2791.55,253.78,14.64,1373.66,13.79,0.0,4.36,9.09
1b7e5006cb25dd23ce8686691013b121,sao paulo,SP,11,11,2636.74,149.22,2785.96,253.27,5.36,700.65,15.49,18.18,4.36,9.09
14a08204d03bb6b6bde8029f801ae0eb,sao paulo,SP,28,28,2185.4,593.7,2779.1,99.25,21.36,712.79,8.84,0.0,3.89,17.86
82bd0703a4aefd6b599e5bfdaed378fb,marilia,SP,20,20,2394.28,378.13,2772.41,138.62,13.64,671.53,11.61,5.0,4.05,15.0
323ce52b5b81df2cd804b017b7f09aa7,sao paulo,SP,29,29,2374.3,393.35,2767.65,95.44,14.21,605.53,17.06,17.24,4.43,7.14
13074f016982ff2bd6c58ced8682f000,bento goncalves,RS,13,13,1977.0,775.66,2752.66,211.74,28.18,773.02,14.89,30.77,4.15,7.69
2e3be8a987a30d7544dbbda6861cc14e,belo horizonte,MG,14,14,2472.86,278.05,2750.91,196.49,10.11,718.54,14.5,7.14,3.79,14.29
0015a82c2db000af6aaaf3ae2ecb0532,santo andre,SP,3,3,2685.0,63.06,2748.06,916.02,2.29,606.56,10.79,0.0,3.67,33.33
0ffa40d54288e4f3499b8780dd0f144f,presidente prudente,SP,33,33,2162.8,583.67,2746.47,83.23,21.25,887.44,13.54,15.15,4.48,9.09
8f78f0903005064036736c7173a5c2ed,tiradentes,MG,13,13,2113.7,632.25,2745.95,211.23,23.02,442.65,17.42,7.69,3.77,23.08
729b2d09b2a0bdab221076327f13d050,mineiros do tiete,SP,48,48,1805.21,934.7,2739.91,57.08,34.11,569.65,12.48,8.33,4.56,4.17
e38db885400cd35c71dfd162f2c1dbcf,brasilia,DF,30,30,2066.8,670.75,2737.55,91.25,24.5,932.77,12.86,13.33,4.47,6.67
04aba03279157f6d4e0fe8ccaf21963c,santo antonio de padua,RJ,15,15,2416.0,319.23,2735.23,182.35,11.67,496.75,11.62,6.67,4.53,6.67
5eeb9c756d9780b96283e5a2ac6da334,ribeirao preto,SP,9,9,2471.0,247.74,2718.74,302.08,9.11,719.4,16.61,22.22,4.22,11.11
850913d59ce317156b00f3705f1c3edb,atibaia,SP,29,29,2183.0,518.9,2701.9,93.17,19.21,366.42,13.54,17.24,3.59,31.03
c2d70ce2c5d0a2eb75e78668236e6dc8,sao paulo,SP,13,13,2470.9,229.02,2699.92,207.69,8.48,481.69,8.32,0.0,4.62,0.0
de0c78824586e9a5f5f04fd84e25df39,vargem grande paulista,SP,14,14,2489.3,208.53,2697.83,192.7,7.73,392.27,6.63,0.0,4.64,7.14
0ed6ce5d87fd9c69eaacaeb778d67235,americana,SP,42,42,2026.52,670.78,2697.3,64.22,24.87,574.49,16.0,14.29,4.39,4.88
4978a02ea9c8be7a9b5480680f40334e,sao paulo,SP,18,18,2356.61,340.23,2696.84,149.82,12.62,188.6,5.28,0.0,3.56,27.78
78c99c6dff4eeae5be99bf635ed21e3f,marilia,SP,31,31,2030.88,664.89,2695.77,86.96,24.66,728.63,13.45,9.68,4.42,9.68
1354d51653f645349064725ed204e85e,sao paulo,SP,18,18,2410.0,284.72,2694.72,149.71,10.57,693.77,9.56,5.56,3.94,16.67
fe49ee029e61e789a1f3a5525f57ba8d,osasco,SP,16,16,2473.69,217.46,2691.15,168.2,8.08,399.77,10.42,6.25,4.25,12.5
fb89df7f89fd1b8f03fa2acca1ba7364,foz do iguacu,PR,22,22,2220.0,467.43,2687.43,122.16,17.39,846.04,16.15,9.09,3.86,18.18
cfe94489ddd337d1e29e12f2a7205d10,sao paulo,SP,20,20,2376.0,296.82,2672.82,133.64,11.11,240.4,6.92,10.0,4.3,5.0
6df688df543f90e9b38f4319e75a9d88,belo horizonte,MG,39,39,1891.76,769.44,2661.2,68.24,28.91,492.05,7.94,0.0,4.56,2.56
a08692680c77d30a0b4280da5df01c5a,sao paulo,SP,6,6,2433.0,227.91,2660.91,443.48,8.57,263.63,9.34,0.0,5.0,0.0
acadd4d36859671cb635527c6c977533,santa rosa de viterbo,SP,12,12,2381.0,265.94,2646.94,220.58,10.05,430.86,17.89,16.67,4.25,8.33
6bbcb8924baf70b7fe2fe2097e8cd407,blumenau,SC,10,10,2382.5,264.33,2646.83,264.68,9.99,788.16,12.09,0.0,4.5,10.0
d06d019f72a04e5497a0b64190af170c,cotia,SP,17,17,2415.93,225.51,2641.44,155.38,8.54,257.43,8.5,5.88,4.53,5.88
9a84ba99f5367fdbd4598363496f1ea2,luziania,GO,15,15,2223.38,415.07,2638.45,175.9,15.73,853.96,10.51,0.0,3.8,13.33
3d39fbf22a665714baf62fae36029e23,campinas,SP,8,8,2504.2,130.63,2634.83,329.35,4.96,375.39,8.57,0.0,4.75,0.0
76833248bbc0e65a0293ec62023e4396,birigui,SP,2,2,2399.98,230.7,2630.68,1315.34,8.77,227.31,18.68,0.0,5.0,0.0
7f7b8245c336066a1f9933c359f11d77,mogi mirim,SP,38,38,2094.36,535.87,2630.23,69.22,20.37,257.52,8.17,2.63,4.55,7.89
7b8e8ec35bad4b0ef7e3963650b0a87b,tubarao,SC,5,5,2244.28,372.02,2616.3,523.26,14.22,469.48,21.9,20.0,4.8,0.0
c6381d2d013342748761e906d45aff76,portao,RS,15,15,2042.98,571.28,2614.26,174.28,21.85,932.0,16.02,0.0,3.87,26.67
77a515caa36327151d1cc6c32a9f00e1,diadema,SP,26,26,2217.39,396.19,2613.58,100.52,15.16,440.35,10.34,11.54,4.42,7.69
cd843d4cf8ef32827de0396605163ba3,juiz de fora,MG,5,5,1915.0,697.56,2612.56,522.51,26.7,519.06,16.08,0.0,3.8,0.0
62c50c1af4dfdc4149d25c5222043d39,sao paulo,SP,12,12,2325.83,281.95,2607.78,217.32,10.81,524.43,12.14,0.0,4.08,16.67
34f563c82a85b99ae9e6d60db5fc2e28,campo bom,RS,8,8,2332.3,246.2,2578.5,322.31,9.55,1261.98,10.74,0.0,4.62,0.0
412a4720f3e9431b4afa1476a1acddbe,campinas,SP,21,21,2058.1,511.06,2569.16,122.34,19.89,492.03,10.53,4.76,4.24,9.52
1996942dc085d7773ba77a529b163cd0,pradopolis,SP,9,9,2383.52,185.28,2568.8,285.42,7.21,875.02,11.79,0.0,4.22,11.11
b83cedfb587e7911540e3f576d6917ce,sao paulo,SP,24,24,2224.95,343.8,2568.75,107.03,13.38,426.8,10.16,8.33,4.21,12.5
723cd880edaacdb998898b67c8f9da30,ibitinga,SP,11,11,2136.53,413.1,2549.63,231.78,16.2,498.51,9.96,9.09,4.09,18.18
3481aa57cd91f9f9d3fa1fa12d9a3bf7,capivari,SP,25,25,1773.03,774.14,2547.17,101.89,30.39,196.2,10.19,0.0,3.88,20.0
91f0eec23d4a61d7d7caeefa3f0ad1ca,tubarao,SC,11,11,2190.8,354.46,2545.26,231.39,13.93,1050.8,26.14,27.27,3.55,27.27
cf2384dd2f1dddea3f838efed0945e65,serra negra,SP,16,16,2101.5,433.44,2534.94,158.43,17.1,662.72,14.25,0.0,3.94,12.5
9bcdfa7b615b3abb9461d9e3ad9886ae,blumenau,SC,14,14,2126.07,397.72,2523.79,180.27,15.76,704.58,12.68,7.14,4.43,7.14
120476eb7a04c149d14772edaf5d9bf2,angra dos reis,RJ,4,4,2368.8,150.83,2519.63,629.91,5.99,633.93,7.8,0.0,4.25,0.0
f1c1ac3f3efc07e659c035008e615e66,sao paulo,SP,3,3,2294.96,214.72,2509.68,836.56,8.56,404.63,10.97,0.0,3.33,33.33
0417b067eeab773d2f7061a726dc477f,sao bento do sul,SC,13,13,1859.18,642.57,2501.75,192.44,25.68,766.17,17.56,30.77,3.92,23.08
17908cf9b444ee34047cadd5c0f4a516,anapolis,GO,11,11,1993.99,501.42,2495.41,226.86,20.09,1157.8,18.88,9.09,4.55,0.0
165b1235e9e9942cb5fae67103576fb0,ribeirao preto,SP,11,11,2085.15,404.65,2489.8,226.35,16.25,374.12,7.83,9.09,4.36,0.0
4391ea5c5990502176a1dcda44a2373d,porto alegre,RS,3,3,2349.0,135.3,2484.3,828.1,5.45,985.31,12.01,0.0,4.67,0.0
2be17df1c49978426251562096c3cc09,tubarao,SC,16,16,2165.0,312.55,2477.55,154.85,12.62,862.86,12.27,6.25,4.19,6.25
f5f2ab9bdb6b30c14c61be68c5ed37da,porto ferreira,SP,18,18,2134.68,339.87,2474.55,137.48,13.73,652.28,13.45,11.11,4.28,11.11
3a734b715d333a2588a3d54a0c9b8746,osasco,SP,15,15,2121.52,348.3,2469.82,164.65,14.1,795.61,12.27,6.67,4.53,0.0
53d00c40e32aeb924a84ce72b1af869d,ibitinga,SP,17,17,2165.85,296.22,2462.07,144.83,12.03,564.49,16.05,23.53,4.35,5.88
8c3b533c63cca56240f94f1e3a6b18ef,belo horizonte,MG,3,3,1849.5,610.32,2459.82,819.94,24.81,780.1,43.63,66.67,2.0,50.0
8fe8786ee000001ab51d030dfd4a7bf1,paulo lopes,SC,5,5,2255.0,201.44,2456.44,491.29,8.2,957.33,15.87,0.0,4.6,0.0
df91910b6a03bb2e3358fa6a35e32f6f,sao paulo,SP,13,13,2093.2,363.02,2456.22,188.94,14.78,760.7,9.19,0.0,4.62,0.0
c004e5ea15737026cecaee0447e00b75,sao paulo,SP,1,1,2350.0,105.12,2455.12,2455.12,4.28,779.23,33.83,100.0,1.0,100.0
daeb5653dd96c1b11860f72209795012,belo horizonte,MG,38,38,1864.1,588.89,2452.99,64.55,24.01,456.21,11.65,7.89,4.21,13.16
e5475dcab1e07b63d7f6e902d8f5eda8,diadema,SP,19,19,2192.0,251.22,2443.22,128.59,10.28,388.56,9.57,5.26,4.11,15.79
8ca1551acf9832a4cf467bbbac15851f,campo largo,PR,11,11,2176.4,266.54,2442.94,222.09,10.91,756.13,13.26,9.09,3.91,18.18
c8467937e403e76a8ee9f0ab13f6f5ef,pocos de caldas,MG,30,30,1853.79,588.95,2442.74,81.42,24.11,552.91,16.95,13.33,4.07,14.29
373ee4a3a775a733770ca3f790b8b9ac,rio de janeiro,RJ,13,13,2141.49,290.32,2431.81,187.06,11.94,199.37,10.01,7.69,3.92,23.08
f615fe7efbef0f4f08fd3086bc7a3e60,atibaia,SP,22,22,2061.37,369.71,2431.08,110.5,15.21,463.23,7.56,9.09,4.5,13.64
07bf9669d84d1f11be443a9dd938f698,sao paulo,SP,18,18,1776.0,646.22,2422.22,134.57,26.68,622.14,8.36,0.0,3.72,27.78
9dda5bbacd45e18d6485fee649205d09,santa rita do sapucai,MG,19,19,1912.6,506.73,2419.33,127.33,20.95,482.23,15.13,10.53,4.11,15.79
1b1ae47a313a825a7ccceb8e2e30fa9d,bocaiuva do sul,PR,10,10,2184.0,229.37,2413.37,241.34,9.5,493.38,10.65,0.0,4.22,22.22
6aa3928696eab49a19a466e665a649fd,nova iguacu,RJ,18,18,2075.0,335.68,2410.68,133.93,13.92,463.1,8.93,5.56,4.61,5.56
72bc2cce903c872fe376a8faaa81d237,sao paulo,SP,17,17,2149.2,255.77,2404.97,141.47,10.64,412.54,8.81,0.0,4.65,5.88
55bb6fe5bebe5012e2d7d9928e1128ff,bauru,SP,15,15,1816.55,576.47,2393.02,159.53,24.09,679.74,15.0,13.33,3.47,40.0
54583ab379489add547fe47b628db589,sao bernardo do campo,SP,10,10,2240.0,151.08,2391.08,239.11,6.32,472.06,5.12,0.0,4.8,0.0
5debea795b07621e1f90532e18f96145,apucarana,PR,25,25,1883.78,504.35,2388.13,95.53,21.12,518.98,10.35,0.0,4.36,8.0
6a38087bc8ad4f89ff453561005f6dea,anapolis,GO,15,15,1833.43,547.92,2381.35,158.76,23.01,734.84,10.23,0.0,4.6,0.0
3a1a1fec38dd360f15fc912e821e169d,sao paulo,SP,15,15,2007.38,371.25,2378.63,158.58,15.61,434.73,14.43,26.67,3.87,20.0
272f092de69afedd4d2969440b37f18f,sao paulo,SP,25,25,1846.33,528.13,2374.46,94.98,22.24,699.66,10.17,0.0,3.96,20.83
93b9a99027bd8bd6af682aff18dd19bf,mairipora,SP,19,19,1916.0,450.79,2366.79,124.57,19.05,402.74,11.56,0.0,4.11,5.56
25cf099de44674fde97473224f9d59ab,cotia,SP,50,50,1654.36,705.19,2359.55,47.19,29.89,504.62,9.39,4.0,4.33,10.2
bf84056e679dbe9c69929847a40e338f,sao paulo,SP,35,35,1918.08,438.5,2356.58,67.33,18.61,267.84,12.68,8.57,3.77,17.14
6b536a23086fba0d58c08d68814397f6,niteroi,RJ,18,18,1996.8,359.74,2356.54,130.92,15.27,598.04,12.09,5.56,4.11,16.67
e5f9e61ceb5f523cc966e0f34095032f,brusque,SC,4,4,2238.0,115.44,2353.44,588.36,4.91,686.46,20.25,25.0,4.0,25.0
3586b8580d9c917874e053a1bb37b5ff,araraquara,SP,36,36,1524.7,827.65,2352.35,65.34,35.18,711.34,13.62,2.78,4.42,5.56
87d30a6a0cbf89356e49324971ab1d24,sao paulo,SP,17,17,2134.13,215.78,2349.91,138.23,9.18,324.01,11.21,5.88,4.35,11.76
747e73c01a4593d4cf60dcf970fd2689,vitoria de santo antao,PE,3,3,2217.99,123.77,2341.76,780.59,5.29,2038.53,10.69,0.0,4.33,0.0
bf100ecb7997df312b285358fb32f92c,sao jose dos pinhais,PR,20,20,1991.9,345.11,2337.01,116.85,14.77,433.25,9.66,0.0,4.44,0.0
65b081a070633e057c462abdd6fb9dd8,morrinhos,GO,19,19,1885.09,441.58,2326.67,122.46,18.98,627.55,12.04,0.0,4.32,10.53
8bdd8e3fd58bafa48af76b2c5fd71974,sao paulo,SP,10,10,2135.83,178.39,2314.22,231.42,7.71,594.86,10.38,11.11,4.9,0.0
95ec4458365c4d11f452ccf538377619,limeira,SP,27,27,1866.76,436.67,2303.43,85.31,18.96,300.3,6.35,3.7,4.62,3.85
ea65d8b58316a6f2362f2a9e4b3e86ad,campinas,SP,9,9,2061.4,230.82,2292.22,254.69,10.07,343.28,8.41,0.0,4.0,22.22
ed859002ad59dbf8cf3602696a6c3000,londrina,PR,6,6,2063.9,225.44,2289.34,381.56,9.85,432.54,18.51,0.0,4.17,16.67
7fdb0720c8d7c9075538b365dc8c3a22,toledo,PR,9,9,1804.0,484.31,2288.31,254.26,21.16,777.04,19.2,11.11,2.44,55.56
1dc2de47ee26a0a5b12dc14fd6dc0dea,ibitinga,SP,25,25,1670.3,617.2,2287.5,91.5,26.98,558.39,14.61,12.0,4.56,4.0
f41ce2e25237f9092cd8e6e7516c7a2f,guarulhos,SP,26,26,1961.9,323.92,2285.82,87.92,14.17,348.92,8.77,0.0,4.42,3.85
bc2ac6b95e1accce9858528ee566c17e,campinas,SP,18,18,2045.0,234.56,2279.56,126.64,10.29,142.4,4.75,0.0,4.56,11.11
d97df38225e5abadaff1e72cb72b823c,sao caetano do sul,SP,28,28,1776.0,501.55,2277.55,81.34,22.02,519.29,12.15,17.86,3.93,22.22
7ade73f1b9b4e965f9009a4c3a7e2c15,bauru,SP,26,26,1835.3,439.45,2274.75,87.49,19.32,451.89,9.67,0.0,4.77,0.0
4c8b8048e33af2bf94f2eb547746a916,ibitinga,SP,19,19,1882.45,385.43,2267.88,119.36,17.0,524.64,18.61,10.53,3.37,31.58
2a6fbeaa7ab9e5d59a35841a8da71ce4,jaragua do sul,SC,30,30,1632.79,632.49,2265.28,75.51,27.92,658.05,14.51,6.67,3.93,17.24
ffeee66ac5d5a62fe688b9d26f83f534,mirassol,SP,14,14,1839.86,419.69,2259.55,161.4,18.57,714.81,18.07,14.29,4.21,14.29
dc8798cbf453b7e0f98745e396cc5616,sao paulo,SP,35,35,1733.0,525.95,2258.95,64.54,23.28,424.57,13.46,5.71,3.37,31.43
e24d3429d294b2eb200b064ebb035879,sao paulo,SP,19,19,1878.58,372.12,2250.7,118.46,16.53,681.57,7.71,5.26,4.26,10.53
7139dc5186aa238b006e066d8fbab2e4,amparo,SP,22,22,1712.0,535.93,2247.93,102.18,23.84,449.39,14.81,13.64,4.0,19.05
f63d8f293af3a6454377546bd9dd19ff,votorantim,SP,17,17,1751.82,495.13,2246.95,132.17,22.04,612.04,16.17,11.76,4.47,11.76
5b33b527da3c5b969cc99dc435cad09a,paranavai,PR,16,16,1872.79,365.55,2238.34,139.9,16.33,796.02,12.71,6.25,4.12,12.5
d6ab728cf30867cf3f1a2e216ae2f9b7,sao paulo,SP,12,12,2002.0,231.82,2233.82,186.15,10.38,590.25,10.84,0.0,4.42,8.33
be9a160a9011f627c3e121d076c1ec7b,jaragua do sul,SC,5,5,2055.0,175.12,2230.12,446.02,7.85,704.73,14.82,0.0,4.6,0.0
4e5725ba188db8252977a4f0227bd462,ribeirao preto,SP,21,21,1865.09,364.27,2229.36,106.16,16.34,539.4,20.97,28.57,3.52,33.33
198c7ea11960a9844b544d9bcdca860c,jacutinga,MG,25,25,1733.75,491.63,2225.38,89.02,22.09,630.13,14.51,12.0,3.88,24.0
fac1a9017ade7bdc94058fc1c969f355,sao paulo,SP,9,9,2010.84,212.07,2222.91,246.99,9.54,216.69,7.71,0.0,4.67,0.0
3bfba5a77604f6dfae7e6dd7aaf65821,londrina,PR,4,4,2095.5,122.69,2218.19,554.55,5.53,838.94,9.36,0.0,5.0,0.0
1782ce2db72c3dda627d5e7c898104e1,taboao da serra,SP,9,9,2010.8,207.37,2218.17,246.46,9.35,1379.13,29.35,11.11,4.33,0.0
5b581417df4480f632484ba681e53944,florianopolis,SC,11,11,1641.6,572.41,2214.01,201.27,25.85,1031.21,18.41,27.27,3.73,18.18
c679fb69a36e1d8349e8c50a217b4d58,caxias do sul,RS,14,14,1825.68,388.21,2213.89,158.13,17.54,758.97,11.07,14.29,3.85,23.08
3d2531eccfbde1d7c8db7a3a12fb267a,contagem,MG,10,10,1999.54,213.06,2212.6,221.26,9.63,793.1,10.0,0.0,4.22,11.11
71592660bbcb6a4664e97b6f8b68babc,sao jose do rio preto,SP,6,6,2027.18,173.37,2200.55,366.76,7.88,984.17,12.46,0.0,4.33,0.0
731ef20c231d9a7103a425e83fd91271,lages - sc,SC,2,2,1692.0,505.6,2197.6,1098.8,23.01,1171.36,12.98,0.0,3.5,0.0
4e8dacf3d38f281ae26c3e0321d92d88,sao paulo,SP,8,8,2055.46,140.58,2196.04,274.5,6.4,360.96,12.03,12.5,3.12,37.5
c8417879a15366a17c30af34c798c332,sao paulo,SP,25,25,1734.7,458.15,2192.85,87.71,20.89,340.68,9.31,12.0,4.29,8.33
1976a05ecf2996d6ffb7b5430e635fe7,assis,SP,8,8,1796.2,394.46,2190.66,273.83,18.01,1068.22,17.63,25.0,3.88,25.0
15cd6eefe58588619aaed41dfa6621b1,ouro preto,MG,16,16,1622.74,566.12,2188.86,136.8,25.86,669.15,15.09,6.25,4.25,18.75
411f3b52d857390502ee4e4d5ceabc2d,ribeirao pires,SP,21,21,1804.01,378.71,2182.72,103.94,17.35,328.0,9.82,14.29,4.11,15.79
a36b125ac6d5fdbc7f50de85c9157bdc,ribeirao preto,SP,23,23,1793.65,373.89,2167.54,94.24,17.25,516.17,12.98,13.04,3.96,13.04
a5a1bfcf728ab0e19182959cf0771ee4,socorro,SP,21,21,1812.96,347.89,2160.85,102.9,16.1,366.11,13.41,9.52,4.33,4.76
30c7f28fd3a5897b2c82d152bb760c17,niteroi,RJ,6,6,1849.38,311.09,2160.47,360.08,14.4,304.7,20.65,50.0,1.4,80.0
8de8fe3af4449ed695d2434c933ed73e,sao paulo,SP,1,1,2090.0,65.35,2155.35,2155.35,3.03,2148.72,10.06,0.0,5.0,0.0
112453736dbe3889cfb74e1aaa0ba0c1,sao paulo,SP,7,7,1890.0,264.77,2154.77,307.82,12.29,714.56,13.34,0.0,4.14,14.29
9449f25aeaf531019b76999ea49a6949,rio de janeiro,RJ,9,9,1979.55,170.49,2150.04,238.89,7.93,537.3,13.61,22.22,4.22,11.11
5ab05b6d86d417796c69ffd6774ec832,assis,SP,10,10,1886.1,256.75,2142.85,214.28,11.98,702.33,13.94,10.0,3.8,20.0
3ca08eeb8d5595949fed424bd3677742,curitiba,PR,13,13,1688.88,449.1,2137.98,164.46,21.01,386.68,10.3,0.0,4.69,0.0
9b00ed88b7fdb95d6ff76e27c1b52d16,sao paulo,SP,46,46,1567.88,567.8,2135.68,46.43,26.59,327.21,9.4,6.52,4.54,6.52
c4fb51fb1c5b7c07bc5e67be6e7e8f6e,curitiba,PR,15,15,1567.9,558.71,2126.61,141.77,26.27,990.3,16.63,13.33,3.53,20.0
dfc475d54e1b6dbeeb7d7d9bdaa63827,curitiba,PR,18,18,1708.37,413.76,2122.13,117.9,19.5,605.54,13.04,5.56,4.5,11.11
91f5779a8731baca4809fdeade81803f,barra mansa,RJ,6,6,1971.46,145.63,2117.09,352.85,6.88,574.61,16.37,0.0,3.83,16.67
d9a84e1403de8da0c3aa531d6d108ba6,sao paulo,SP,53,53,1385.3,723.85,2109.15,39.8,34.32,433.01,7.52,5.66,4.58,5.66
d3674f271c91f824f82d24d92011f669,brasilia,DF,20,20,1718.3,383.52,2101.82,105.09,18.25,776.25,13.77,10.0,4.1,15.0
f9903dd0f812c7e771fcad47b6fff231,blumenau,SC,10,10,1684.85,416.63,2101.48,210.15,19.83,534.51,13.85,0.0,3.2,30.0
3935fe5fe0f82787a9dcb8deb62be09d,sao paulo,SP,16,16,1681.69,419.66,2101.35,131.33,19.97,526.36,11.26,12.5,4.0,6.25
5b85809efd0d0e4dea1a9544e1280ed9,presidente prudente,SP,12,12,1804.6,292.76,2097.36,174.78,13.96,769.87,7.97,0.0,4.25,8.33
d1ef48b38baca7e831711c4a0aeb398f,apucarana,PR,28,28,1439.13,652.64,2091.77,74.71,31.2,661.63,9.91,10.71,4.57,0.0
013900e863eace745d3ec7614cab5b1a,curitiba,PR,23,23,1619.7,469.67,2089.37,90.84,22.48,807.86,12.19,0.0,4.7,4.35
74bafed391319577bce6f4d2acc0589a,sao paulo,SP,3,3,1847.0,237.73,2084.73,694.91,11.4,567.21,7.03,0.0,2.67,66.67
cb5df0dcb9e280b1780e9d589889f2c7,bady bassitt,SP,11,11,1614.88,453.92,2068.8,188.07,21.94,595.28,21.57,18.18,3.4,30.0
c5f7feb04a6a1fb3596322bfc3cf1917,sao caetano do sul,SP,11,11,1720.6,337.86,2058.46,187.13,16.41,413.78,10.02,9.09,4.27,18.18
7ecd59e5e20407131822c1a68ac59c1f,brasilia,DF,24,24,1466.71,587.81,2054.52,85.6,28.61,909.43,17.21,16.67,4.42,8.33
1dfe5347016252a7884b694d4f10f5c4,ibitinga,SP,20,20,1632.5,420.04,2052.54,102.63,20.46,630.61,18.91,25.0,3.4,30.0
3e8bd881d92466e63ba9e3e809cd3c50,rio de janeiro,RJ,8,8,1862.38,187.43,2049.81,256.23,9.14,932.5,13.97,37.5,4.57,0.0
845e8036c3f7bf62099352f5ed910240,rio de janeiro,RJ,21,21,1584.6,460.64,2045.24,97.39,22.52,499.57,7.57,0.0,3.95,23.81
b2a6d334e2833acea353624840e25a0e,sao paulo,SP,25,25,1650.98,387.61,2038.59,81.54,19.01,646.09,10.79,0.0,4.48,8.0
3785b653b1b82de85ab47dd139938091,ampere,PR,21,21,1552.0,481.27,2033.27,96.82,23.67,783.6,11.93,0.0,4.71,0.0
8ec76bb0965af3f007692b26fa9d6623,criciuma,SC,1,1,1999.0,29.75,2028.75,2028.75,1.47,623.09,11.31,0.0,5.0,0.0
a70e9066dbfd10b6b97a3f54a1356762,mandaguari,PR,2,2,1716.0,311.4,2027.4,1013.7,15.36,395.35,18.29,0.0,5.0,0.0
656591be56071d4c9ef4e5fee78a578a,santo andre,SP,7,7,1702.0,319.2,2021.2,288.74,15.79,283.64,14.81,28.57,4.57,0.0
293dee954235e4e4e43f129313625ebe,brasilia,DF,8,8,1778.92,240.3,2019.22,252.4,11.9,1197.71,14.44,0.0,5.0,0.0
901b460cdce0c64e471230d7f2f9f3a3,porto alegre,RS,5,5,1904.0,108.56,2012.56,402.51,5.39,1160.2,15.51,0.0,4.4,20.0
f1ed6bd0a9b11b581f16c851c6a5a527,porto alegre,RS,17,17,1622.77,373.81,1996.58,117.45,18.72,934.4,20.99,5.88,4.47,5.88
002100f778ceb8431b7a1020ff7ab48f,franca,SP,50,50,1216.6,778.56,1995.16,39.9,39.02,530.09,16.39,18.0,3.96,14.0
7586919161935337bf6b6d7ff5779648,rio de janeiro,RJ,11,11,1664.71,330.22,1994.93,181.36,16.55,562.16,17.5,18.18,3.82,27.27
75fbb52eda0cbc24f479d3b2fbfa8d3e,goiania,GO,38,38,1094.19,900.26,1994.45,52.49,45.14,961.16,13.75,5.26,4.45,7.89
abbf6046bbdf1028606a5bc7f00c99e7,xanxere,SC,6,6,1867.25,127.01,1994.26,332.38,6.37,844.47,11.79,0.0,4.67,0.0
5b0cc932433fa5184b5b94bfe6bcc256,ibitinga,SP,12,12,1437.8,556.29,1994.09,166.17,27.9,522.46,11.84,25.0,3.58,33.33
1690cada046eb7e92c12f98b1f8a8167,sao paulo,SP,10,10,1760.0,232.91,1992.91,199.29,11.69,710.18,7.35,10.0,4.9,0.0
058cb5aeb36d7c0fcae20fc85d5e0a59,rio de janeiro,RJ,11,11,1236.0,747.82,1983.82,180.35,37.7,438.13,10.09,9.09,3.82,18.18
15fa791d5e017f66402dc28c44480657,sao paulo,SP,8,8,1802.0,181.29,1983.29,247.91,9.14,274.55,11.57,12.5,4.25,12.5
094ced053e257ae8cae57205592d6712,ribeirao preto,SP,19,19,1519.2,459.03,1978.23,104.12,23.2,557.49,12.16,0.0,4.05,15.79
ca4b77513ac2040591b0d8fae6958380,sando andre,SP,14,14,1772.45,201.17,1973.62,140.97,10.19,396.97,7.76,21.43,4.5,7.14
406740ee611378a662d274c7d8c43c4a,vitoria,ES,8,8,1790.0,182.08,1972.08,246.51,9.23,742.56,15.21,12.5,4.38,12.5
2a61c271b1ac763450d846849783e922,santo andre,SP,17,17,1486.77,482.27,1969.04,115.83,24.49,1290.2,18.6,17.65,4.12,17.65
c3e1abd72a42fe690fcd89cf5720fe29,mogi guacu,SP,13,13,1798.61,168.97,1967.58,151.35,8.59,307.79,4.31,0.0,4.46,7.69
dd4d95ba2d15c071e6c695e2ef6ce169,cachoeiro de itapemirim,ES,4,4,1748.0,214.41,1962.41,490.6,10.93,670.87,14.41,50.0,4.25,0.0
a4bd6e9adf39b63f43dc545d3ca1f53d,rio de janeiro,RJ,4,4,1848.59,112.38,1960.97,490.24,5.73,851.34,10.5,0.0,4.5,0.0
8378eb36b6b70c5734e83ad7b8cdc3b7,itajai,SC,7,7,1714.8,241.87,1956.67,279.52,12.36,440.52,16.57,14.29,3.86,28.57
e2c92f9c1c7746d899d18f2e158bbff7,sao jose do rio preto,SP,12,12,1641.9,314.4,1956.3,163.02,16.07,663.33,9.15,0.0,4.58,0.0
2ff6b7bff164ef05590a52734e1296da,londrina,PR,7,7,1803.59,151.53,1955.12,279.3,7.75,378.59,11.75,0.0,4.71,0.0
fa3a0b5aabb344b9a92e3524b0202123,sao jose dos pinhais,SP,7,7,1789.0,164.41,1953.41,279.06,8.42,490.19,11.64,14.29,4.14,14.29
ffc470761de7d0232558ba5e786e57b7,guarulhos,SP,27,27,1529.13,421.09,1950.22,72.23,21.59,593.86,9.74,3.7,4.44,3.7
df0f42bc4c2142eacf0eaf2cffd0cfbb,itajai,SC,14,14,1654.0,292.45,1946.45,139.03,15.02,615.53,14.02,0.0,4.14,14.29
d5b9a084373da994a6e37f732169a853,santo andre,SP,7,7,1769.0,176.29,1945.29,277.9,9.06,693.79,17.88,28.57,3.57,28.57
0b18d63d0cd1d723567903fd34a07df2,sp,SP,9,9,1678.14,265.89,1944.03,216.0,13.68,491.71,7.11,0.0,4.78,0.0
8a2d12a90e92f012ce5226fc6592b653,curitiba,PR,18,18,1594.65,338.97,1933.62,107.42,17.53,611.99,9.36,0.0,4.59,5.88
e63e8bfa530fb16910dd6956e592bb81,guarulhos,SP,41,41,1282.8,645.41,1928.21,47.03,33.47,295.58,9.38,4.88,4.32,9.76
3a4127e1ba7208ea37044c5092aae170,sao paulo,SP,5,5,1842.7,81.45,1924.15,384.83,4.23,833.1,11.78,0.0,4.0,20.0
26e2c91ef821e1ff8985f408788fe35b,ibitinga,SP,12,12,1649.4,274.47,1923.87,160.32,14.27,812.82,26.22,41.67,3.0,33.33
0ac4201fda2c68ebc0e47cb9423cf3c9,sao paulo,SP,13,13,1676.88,233.99,1910.87,146.99,12.25,864.27,12.65,7.69,4.23,15.38
edc518ba25576a0188a0e8f2c3af186f,guarulhos,SP,6,6,1647.39,262.16,1909.55,318.26,13.73,259.75,6.65,0.0,3.67,33.33
718539d38d07dd351c76db862760e2e2,campinas,SP,35,35,1273.01,634.6,1907.61,54.5,33.27,545.61,8.64,0.0,4.63,2.86
39d54ff918774174706fb065d7f9dc07,sao paulo,SP,22,22,1554.69,348.03,1902.72,86.49,18.29,638.18,13.9,13.64,4.05,22.73
6ddc28b61be28373b4503a1f61cf98a9,sao paulo,SP,11,11,1732.9,167.19,1900.09,172.74,8.8,365.61,6.85,9.09,4.18,9.09
e64d65bc8dbec2accda90c58de5d1246,rio claro,SP,12,12,1678.8,221.16,1899.96,158.33,11.64,495.13,13.49,33.33,3.08,41.67
66fd84ee7528c0c0de85d0f44a73d5ab,campina das missoes,RS,11,11,1438.11,453.19,1891.3,171.94,23.96,1212.49,15.41,9.09,3.36,27.27
52f0fe436a347ddad7ed5f9aa4e27eaa,sao paulo,SP,19,19,1452.49,436.34,1888.83,99.41,23.1,749.09,14.94,15.79,3.74,21.05
8daab2245ebdc277c51098d01c5ad8ef,sao paulo,SP,16,16,1604.59,284.05,1888.64,118.04,15.04,558.99,10.03,6.25,4.62,0.0
77fccaae319668a8ab6cd0fd16aec48c,campos dos goytacazes,RJ,11,11,1667.0,221.44,1888.44,171.68,11.73,484.52,9.41,0.0,4.45,9.09
8a1ff5c35f6595a73fef4c7b96e4908a,sao  jose dos pinhais,PR,2,2,1598.0,284.8,1882.8,941.4,15.13,587.46,10.34,0.0,5.0,0.0
392e0502231ae2f8b29994ef6398cd77,cerqueira cesar,SP,17,17,1572.9,309.89,1882.79,110.75,16.46,637.15,17.71,11.76,4.35,5.88
659e8466eb3ff1b0e8740d74fb7bbedd,eunapolis,BA,11,11,1486.8,393.2,1880.0,170.91,20.91,971.61,9.26,0.0,4.36,9.09
af3ef48d0e13835e529c29ac573c63e5,araraquara,SP,21,21,1405.63,467.5,1873.13,89.2,24.96,288.58,7.93,4.76,3.76,23.81
5075aaa8404020ae6aa8bf4792099b41,pocos de caldas,MG,10,10,1572.88,299.27,1872.15,187.22,15.99,208.58,11.99,0.0,3.9,20.0
5f67c6082caacb26e431a7b17940cece,maringa,PR,13,13,1662.6,208.43,1871.03,143.93,11.14,565.23,22.83,30.77,3.54,23.08
866558b3bccef2dbc6d29a2b5995016f,arapongas,PR,5,5,1519.4,351.35,1870.75,374.15,18.78,535.43,11.55,0.0,4.8,0.0
ec4608a1f76453166bb312b2968aeaf4,porto ferreira,SP,17,17,968.81,894.55,1863.36,109.61,48.01,287.45,15.29,23.53,3.29,29.41
b33aaadd1a8891d2dfef0c4c3bdf0371,limeira,SP,16,16,1504.0,359.04,1863.04,116.44,19.27,439.21,14.02,12.5,3.94,18.75
0887a9f087bcd5d9f6642b52f897fc6c,cananeia,SP,12,12,1642.0,220.35,1862.35,155.2,11.83,752.88,14.24,8.33,4.42,0.0
06bb3a2fe5e7b7a845b13e8fb91bd944,belo horizonte,MG,17,17,1536.19,326.14,1862.33,109.55,17.51,491.94,8.82,0.0,4.59,0.0
7a2d2949aea47fab95fd98d6c9f618b1,curitiba,PR,11,11,1638.99,211.24,1850.23,168.2,11.42,581.94,10.45,0.0,4.27,9.09
3771c85bac139d2344864ede5d9341e3,sorocaba,SP,26,26,1433.3,408.96,1842.26,70.86,22.2,441.63,13.26,15.38,3.85,23.08
d4e12e7884759a14fa0f5f896c791cae,sao paulo,SP,29,29,1400.0,439.67,1839.67,63.44,23.9,373.38,8.42,6.9,4.62,6.9
f918546be4bec7104d117789ba758b2b,sao paulo,SP,20,20,1483.0,347.15,1830.15,91.51,18.97,297.85,12.36,20.0,3.85,20.0
41b86b552e54e3a7009596125aa8b167,sao paulo,SP,10,10,1595.3,234.61,1829.91,182.99,12.82,763.73,13.91,0.0,4.3,10.0
bafc5aa11e413978be29040f51342e70,belo horizonte,MG,9,9,1679.55,149.92,1829.47,203.27,8.19,543.82,13.44,11.11,3.78,33.33
f3c38ab652836d21de61fb8314b69182,sao paulo,SP,15,15,1581.0,247.59,1828.59,121.91,13.54,430.56,8.21,6.67,4.27,6.67
4bf658053d453036c70976bccb2c31b2,sao jose do rio preto,SP,2,2,1742.99,81.57,1824.56,912.28,4.47,1278.72,24.68,0.0,4.5,0.0
1660ad786c27fd935378b6192a90b417,sao bernardo do campo,SP,12,12,1570.0,248.28,1818.28,151.52,13.65,811.16,8.99,8.33,4.58,8.33
cbf09e831b0c11f6f23ffb51004db972,sbc/sp,SP,10,10,1535.2,280.2,1815.4,181.54,15.43,336.32,5.28,0.0,4.4,0.0
138dbe45fc62f1e244378131a6801526,sao paulo,SP,49,49,1125.56,689.24,1814.8,37.04,37.98,358.43,6.53,4.08,4.08,16.33
e256a62e0ac58c0edfba09966142d561,curitiba,PR,12,12,1474.11,335.44,1809.55,150.8,18.54,458.91,7.89,0.0,4.42,8.33
081acf3de680d554796c9cf041be7bc2,vespasiano,MG,4,4,1597.3,205.5,1802.8,450.7,11.4,953.78,15.51,25.0,3.25,25.0
97512d3fc193b2d1dfcdba0f9d1f0f8a,sao paulo,SP,12,12,1458.87,341.55,1800.42,150.04,18.97,288.55,8.47,8.33,4.25,8.33
53b0300ca793f9834cd69c0678d35ee8,indaiatuba,SP,5,5,1662.15,137.31,1799.46,359.89,7.63,339.17,5.94,0.0,5.0,0.0
d354c38a7182125a748cb10474fe963b,aperibe,RJ,17,17,1500.34,293.37,1793.71,105.51,16.36,467.26,13.72,5.88,4.38,0.0
a23266650e7c84bb93fbbba502137478,porto alegre,RS,11,11,1512.4,279.04,1791.44,162.86,15.58,1015.24,11.29,0.0,3.82,18.18
cb810bd318f51b3dc3c753944d61a1fa,niteroi,RJ,1,1,1750.0,39.02,1789.02,1789.02,2.18,2072.75,12.3,0.0,4.0,0.0
244b04680fdbded0acf5aebd9c92b44a,jundiai,SP,2,2,1701.8,86.99,1788.79,894.4,4.86,289.35,38.01,50.0,1.0,100.0
d8c7ba53e7e38711eaef8c2849d6d2e1,floresta,PR,22,22,1190.87,597.47,1788.34,81.29,33.41,772.04,8.11,0.0,4.5,0.0
817f85dbb65aa3e70831d90fe75cdf89,tiete,SP,11,11,1552.27,231.62,1783.89,162.17,12.98,585.04,18.12,0.0,4.55,0.0
01fd077212124329bac32490e8ef80d9,ribeirao preto / sao paulo,SP,31,31,1208.0,575.36,1783.36,57.53,32.26,490.84,8.15,3.23,4.16,16.13
6806dad1da97bfb5a9038eac6881f706,guaratuba,PR,10,10,1477.0,306.26,1783.26,178.33,17.17,827.99,16.81,10.0,4.1,10.0
d2e753bb80b7d4faa77483ed00edc8ca,porto seguro,BA,14,14,1320.7,454.24,1774.94,126.78,25.59,944.85,12.98,7.14,3.71,7.14
02c988090b766852e088c69d7fb3b551,americana,SP,12,12,1564.37,206.57,1770.94,147.58,11.66,268.54,9.48,0.0,4.58,8.33
78a4d36f65a019172c6154468831a69f,bauru,SP,7,7,1545.5,223.4,1768.9,252.7,12.63,885.97,15.51,14.29,4.29,14.29
6b1c4d4d9ccf0be3d8544eb0e71e5318,porto alegre,RS,1,1,1699.0,60.04,1759.04,1759.04,3.41,838.34,12.22,0.0,5.0,0.0
83b08de96980757220871b31bf6cffca,rio de janeiro,RJ,5,5,1304.17,454.21,1758.38,351.68,25.83,929.26,13.86,40.0,4.0,20.0
b0f2a6122a90a93eb03e68653dd960e3,curitiba,PR,6,6,1620.3,137.98,1758.28,293.05,7.85,333.4,7.87,0.0,4.83,0.0
0eaa7e33d73809f1f925f7d07c506cbd,santo andre,SP,15,15,1552.0,194.9,1746.9,116.46,11.16,298.03,5.9,0.0,4.71,7.14
7813ea3ebd9411dc600b4dd01f7a97b9,osasco,SP,9,9,1599.4,146.59,1745.99,194.0,8.4,870.98,13.03,11.11,3.89,22.22
5e105f5c9f63f5f1fd75d6cb942e55b1,sao jose do rio preto,SP,8,8,1471.9,273.83,1745.73,218.22,15.69,642.84,9.29,12.5,4.5,12.5
5f3ae9136c875522250f8184f253413a,sao paulo,SP,42,42,1143.05,596.72,1739.77,41.42,34.3,499.0,7.86,7.14,4.64,2.38
7e26c750b4cb9f6766f58265ff9ebe95,belo horizonte,MG,23,23,1344.3,388.88,1733.18,75.36,22.44,504.75,9.23,0.0,4.43,4.35
2709af9587499e95e803a6498a5a56e9,sao paulo,SP,25,25,1180.56,549.73,1730.29,69.21,31.77,502.48,11.05,12.0,3.96,20.83
d4ffeb15b67e81ff9af2b4252d99fb7e,atibaia,SP,11,11,1400.4,324.41,1724.81,156.8,18.81,765.14,9.35,0.0,4.3,0.0
2e1a7d075abe038c1b2743005fe42ff1,sao paulo,SP,18,18,1366.8,344.89,1711.69,95.09,20.15,381.36,12.49,16.67,4.22,16.67
b6e1504972665f739dec4facb9943775,piracicaba,SP,14,14,1484.48,225.89,1710.37,122.17,13.21,461.61,11.15,7.14,4.36,14.29
70f84699be677ec988d1fa824aef7d90,sete lagoas,MG,5,5,1588.3,116.14,1704.44,340.89,6.81,1123.55,17.53,0.0,4.6,0.0
3a490ba60afa30ece0e7d50cfe74a4f0,belo horizonte,MG,8,8,1529.2,165.87,1695.07,211.88,9.79,715.7,11.93,0.0,4.62,0.0
a414555ce331b8c8aea4a9cb8395194d,sao paulo,SP,7,7,1450.95,242.64,1693.59,241.94,14.33,156.81,6.99,0.0,3.33,33.33
a1040efe9ff4a6f93c28b0499eada8f5,jundiai,SP,1,1,1658.83,34.48,1693.31,1693.31,2.04,1126.57,17.28,0.0,5.0,0.0
427165bf50f8ca07efc7bdc2bfcf1688,americana,SP,5,5,1603.5,89.4,1692.9,338.58,5.28,455.72,38.57,60.0,3.2,40.0
671585f5a2af58b6e276bc01003c0d2b,curitiba,PR,27,27,1244.0,448.11,1692.11,62.67,26.48,521.5,5.59,0.0,4.7,3.7
b8114f2f589a6804810f04f99b36b498,sao bernardo do campo,SP,8,8,1399.62,292.41,1692.03,211.5,17.28,337.74,4.99,0.0,4.75,0.0
f5f1f2c5f923f36ad79ea1d07185ddc9,taruma,SP,10,10,1517.77,173.73,1691.5,169.15,10.27,510.39,13.05,10.0,3.7,20.0
4d232b78ab7ef10393dc3807d827bc0d,belo horizonte,MG,5,5,1475.0,214.99,1689.99,338.0,12.72,977.06,6.17,0.0,4.4,0.0
9a03a4e9eb0b947652fae4f6121a3f5e,catanduva,SP,7,7,1497.0,185.22,1682.22,240.32,11.01,598.09,13.86,14.29,3.86,14.29
b9ca8e8baa5d4aa038394a700f63e69f,sao paulo,SP,14,14,1289.77,388.18,1677.95,119.85,23.13,415.47,9.67,7.14,4.21,7.14
8ff1a9df749e454105c55cda13e79143,marilia,SP,13,13,1400.6,277.21,1677.81,129.06,16.52,561.58,12.5,0.0,3.73,27.27
9f50216bfd01913736a55a11b55ea842,taubate,SP,17,17,1354.0,317.1,1671.1,98.3,18.98,422.03,10.24,17.65,4.41,5.88
4ba52dfeba874da5b9ee7b17c7494f04,mogi das cruzes,SP,11,11,1463.0,204.91,1667.91,151.63,12.29,797.07,10.62,9.09,4.36,9.09
542917da124346b47ea1ac79a93ce454,curitiba,PR,20,20,1303.9,363.18,1667.08,83.35,21.79,801.12,11.58,5.0,4.15,15.0
ec933281fb017b5020d06df29c3f77e8,sao paulo,SP,8,8,1432.0,230.85,1662.85,207.86,13.88,625.9,9.48,0.0,5.0,0.0
c5f7e746b7e6d07def6c0dae9903279b,curitiba,PR,10,10,1429.0,229.92,1658.92,165.89,13.86,541.91,5.69,0.0,4.4,0.0
714b9a1332840f257b49f476bea4e341,monte alto,SP,6,6,1499.94,158.15,1658.09,276.35,9.54,1201.91,32.3,33.33,3.33,50.0
5145090ab595c0d0b8557199f5701fbf,curitiba,PR,4,4,1459.6,197.85,1657.45,414.36,11.94,994.33,15.68,0.0,4.25,0.0
42ef3192a9ff87a22d1867b74b3ee205,santo andre,SP,23,23,1354.09,301.88,1655.97,72.0,18.23,248.43,9.31,0.0,4.65,4.35
f5f46307a4d15880ca14fab4ad9dfc9b,rio do sul,SC,9,9,1422.94,231.38,1654.32,183.81,13.99,637.31,13.35,11.11,4.11,11.11
134285d1f41da5c13a756ee8142c8a4e,sao paulo,SP,3,3,1572.7,80.93,1653.63,551.21,4.89,635.91,8.02,0.0,3.33,33.33
1b8b75e227c9a9c100d0c210fb6176ce,sao paulo,SP,15,15,1444.87,203.62,1648.49,109.9,12.35,374.74,15.0,6.67,3.93,20.0
01bcc9d254a0143f0ce9791b960b2a47,uruacu,GO,10,10,1393.21,251.48,1644.69,164.47,15.29,978.69,12.79,0.0,4.4,0.0
b9a03475e6447e631b6799ec8274800f,formosa do oeste,PR,10,10,1349.1,294.98,1644.08,164.41,17.94,982.26,10.85,0.0,4.2,10.0
e7f3bf1ecd8526eb7f3b18059e6716e5,ubatuba,SP,17,17,1382.04,260.77,1642.81,96.64,15.87,536.18,8.98,0.0,4.65,5.88
921323538c9f1c4e816f2720eac02bea,sao paulo,SP,15,15,1401.84,240.36,1642.2,109.48,14.64,567.77,8.53,20.0,3.93,13.33
1dd33b8119b3cb1056ed5dc88cd0aaf4,sao paulo,SP,8,8,1513.0,128.74,1641.74,205.22,7.84,843.4,10.91,12.5,3.75,12.5
850857dfac77488c307e2b1cbd84ab5a,cascavel,PR,1,1,1599.0,39.72,1638.72,1638.72,2.42,281.65,2.93,0.0,5.0,0.0
47648caee88ccfe951fbb27fbf7b4cbe,diadema,SP,3,3,1564.99,68.0,1632.99,544.33,4.16,483.16,13.72,33.33,3.67,33.33
81336a0f57a33776419727a300249e90,sao carlos,SP,15,15,1351.9,277.8,1629.7,108.65,17.05,374.03,17.48,20.0,4.07,13.33
20cb7c2fde3e5bf10f0bbe7394e1c6a9,andira-pr,PR,31,31,845.0,780.15,1625.15,52.42,48.0,506.59,12.37,9.68,4.1,12.9
02dcd3e8e25bee036e32512bcf175493,contagem,MG,13,13,1341.9,281.59,1623.49,124.88,17.34,544.67,17.09,30.77,4.08,23.08
2dcf93836ae3ce0d7c93e2f10876467a,sao jose dos campos,SP,9,9,1443.8,178.64,1622.44,180.27,11.01,255.17,6.5,22.22,4.11,11.11
49cdc90518a4f82676b38b3c1aa43ff6,sao paulo,SP,5,5,1539.5,82.61,1622.11,324.42,5.09,622.87,5.73,0.0,3.8,20.0
49067458c68f7701fd334ce326accbe0,juiz de fora,MG,17,17,1047.65,573.85,1621.5,95.38,35.39,392.67,12.2,5.88,3.35,35.29
a5259c149128e82c9d6d46e0c1c812bb,ji parana,RO,8,8,1182.26,438.87,1621.13,202.64,27.07,2182.96,19.35,0.0,3.88,25.0
57c764b4a836300be881e2ff86e449f9,ribeirao preto,SP,28,28,1156.1,457.39,1613.49,57.62,28.35,592.61,15.41,14.29,4.22,11.11
9da1ca0bef29ee170e541927a5aeabdc,votuporanga,SP,6,6,1484.4,127.63,1612.03,268.67,7.92,744.82,16.8,33.33,3.0,33.33
9b522ba7eae9e1d04082f267144583cc,sao paulo,SP,3,3,1478.6,132.95,1611.55,537.18,8.25,47.73,40.18,33.33,4.67,0.0
186cdd1b2df32caa72cfb410bba768d3,rio negrinho,SC,6,6,1341.45,268.28,1609.73,268.29,16.67,477.22,8.9,0.0,5.0,0.0
88cf19ec1fc2c58f161aee259d57142c,sao carlos,SP,14,14,1372.97,234.71,1607.68,114.83,14.6,348.89,6.44,0.0,4.5,0.0
985c92cc412091f8529c12d7f23d3fef,sao joao del rei,MG,12,12,1368.5,238.13,1606.63,133.89,14.82,435.49,7.55,8.33,4.75,0.0
863d2ebcd347ce4922de7a0f9a5581d6,rio de janeiro,RJ,17,17,1312.36,293.22,1605.58,94.45,18.26,651.79,11.51,17.65,4.06,11.76
f08c008c8a8d31417763738a1788a2a8,santa terezinha de itaipu,PR,20,20,1211.92,392.08,1604.0,80.2,24.44,1192.81,19.36,15.0,3.42,26.32
8185694b58b2ba6de20fd41ae608bbea,tabao da serra,SP,8,8,1372.3,230.27,1602.57,200.32,14.37,402.77,11.06,0.0,4.5,0.0
a7c88262832dfc683781d6a421edefae,mogi das cruzes,SP,5,5,1520.0,82.42,1602.42,320.48,5.14,580.57,11.18,0.0,4.2,0.0
36890be00bbfc1cdb9a4a38a6af05a69,osasco,SP,13,13,1361.3,239.58,1600.88,123.14,14.97,728.05,9.42,23.08,4.23,15.38
adcf50477d6a1f5d91bb9d54c4903cb5,claudio,MG,16,16,981.86,615.77,1597.63,99.85,38.54,520.1,23.49,18.75,3.56,25.0
11fb6f6d341adbe19e81733701704635,sao paulo,SP,3,3,1197.0,399.66,1596.66,532.22,25.03,451.27,5.36,0.0,5.0,0.0
6426d21aca402a131fc0a5d0960a3c90,ribeirao preto,SP,23,23,1209.64,384.18,1593.82,69.3,24.1,644.48,10.96,4.35,4.17,8.7
5a425cc503b39b262a847fd6212bf53b,londrina,PR,14,14,1340.6,251.28,1591.88,113.71,15.79,562.77,6.82,7.14,4.46,7.69
6eb94e1466490d327a09abf8f3552a50,jundiai,SP,9,9,1372.95,214.27,1587.22,176.36,13.5,645.48,8.17,11.11,4.75,0.0
0aea4c6ae1505b3228ddf3dd7822ee5b,sorocaba,SP,8,8,1427.91,151.75,1579.66,197.46,9.61,958.39,18.43,25.0,3.88,12.5
141440cad9341e553f8401c574a2aa38,pitanga,PR,11,11,1288.2,290.8,1579.0,143.55,18.42,603.89,6.66,0.0,4.45,9.09
fe701d88b67eaca109dffd464d1be9f9,marica,RJ,10,10,1359.0,219.02,1578.02,157.8,13.88,950.96,12.42,10.0,4.3,10.0
431050a06a317f2b38168dec3dcd2b46,sao paulo,SP,10,10,1370.0,206.15,1576.15,157.62,13.08,579.2,8.92,0.0,4.5,0.0
dace965ca58120f92f8d742a9fa1864b,sao paulo,SP,8,8,1442.0,131.77,1573.77,196.72,8.37,344.25,8.05,0.0,4.62,12.5
5bf397d04035b5f45cc41e82ec106803,sao paulo,SP,3,3,1525.0,47.28,1572.28,524.09,3.01,143.39,4.02,0.0,4.33,0.0
25e47381a6c510ddeb36084e33b89f0c,praia grande,SP,16,16,1289.6,282.11,1571.71,98.23,17.95,619.64,10.0,0.0,4.25,6.25
b1aaae6b66ad3c40f54b389d7ea4bee0,sao paulo,SP,15,15,1176.5,392.74,1569.24,104.62,25.03,547.66,8.02,0.0,4.4,6.67
0ad80de75c811326389cfb1daba7d45e,rio de janeiro,RJ,6,6,1449.4,115.32,1564.72,260.79,7.37,415.1,9.0,0.0,5.0,0.0
52f9db5cfb423382a2fa5c9e39303202,echapora,SP,21,21,1218.78,345.75,1564.53,74.5,22.1,573.11,10.17,0.0,4.29,9.52
a13580f0e8f782b7a543885a0ef99f08,rio de janeiro,RJ,10,10,1304.9,258.78,1563.68,156.37,16.55,1294.95,25.05,20.0,4.4,0.0
093805f8f2aeb63881444571e1f48f30,osasco,SP,22,22,1215.79,343.94,1559.73,70.9,22.05,446.6,8.27,4.55,4.18,13.64
c8c1bea22194a4eefa2dc9a9fa89f536,porto belo,SC,7,7,1266.0,292.73,1558.73,222.68,18.78,814.31,8.5,0.0,5.0,0.0
d101c6da914ae3d53f7bee42283f2fe2,sao paulo,SP,13,13,1297.4,260.15,1557.55,119.81,16.7,375.68,13.33,7.69,3.62,30.77
0afccdb8a34ee5c79f7c06faf2b4d56e,uberlandia,MG,24,24,1185.6,371.49,1557.09,64.88,23.86,602.94,13.47,8.33,4.09,13.04
d7827b2af99326a03b0ed9c7a24db0d3,londrina,SP,1,1,1455.0,101.7,1556.7,1556.7,6.53,398.86,13.85,0.0,5.0,0.0
f4a04f7be452aa3bb31760bf00055dd0,santo andre,SP,18,18,1312.1,241.85,1553.95,86.33,15.56,440.31,9.14,5.56,4.67,0.0
fcf16b7a8697e559f0123190bb30177d,sao paulo,SP,3,3,1052.8,499.77,1552.57,517.52,32.19,301.95,15.58,66.67,3.33,33.33
0b0ddbc7b9d9584f442c7ac92b0ff6c9,guarulhos,SP,3,3,1416.76,133.88,1550.64,516.88,8.63,1386.59,11.94,0.0,4.67,0.0
2646baaf662d4d92ac48f047e35db92d,sao paulo,SP,15,15,1263.05,286.34,1549.39,103.29,18.48,205.2,5.73,13.33,4.47,13.33
e439f7176d763f92de325271111b2fd5,joinville,SC,6,6,1320.9,226.8,1547.7,257.95,14.65,429.28,9.93,0.0,5.0,0.0
1284de4ae8aa26997e748c851557cf0e,laranjeiras do sul,SP,3,3,1459.97,86.87,1546.84,515.61,5.62,1153.29,19.27,0.0,2.67,66.67
7357b52d27cbaa90f81a96cbc1279396,lagoa santa,MG,12,12,1328.02,217.81,1545.83,128.82,14.09,494.59,9.85,8.33,4.33,8.33
c794dab4928dd97beb41d05514441e86,artur nogueira,SP,16,16,1312.4,232.19,1544.59,96.54,15.03,648.72,13.79,12.5,4.38,6.25
2d518637f53161b973e01f56ea4bb88e,sao paulo,SP,13,13,1219.89,319.81,1539.7,118.44,20.77,1381.42,13.66,0.0,4.92,0.0
113e3a788b935f48aad63e1c41dac1bd,aparecida,SP,39,39,847.35,686.6,1533.95,39.33,44.76,510.64,13.2,5.13,4.32,5.26
01ed254b9ff8407dfb9d99ba1e17d923,mogi das cruzes,SP,5,5,1465.99,67.72,1533.71,306.74,4.42,362.3,6.68,0.0,5.0,0.0
8e2b3afb420011ef0c88c9d5f11ea526,campinas,SP,11,11,1384.5,147.93,1532.43,139.31,9.65,239.85,10.56,9.09,4.27,9.09
1caf283236cd69af44cbc09a0a1e7d32,nova iguacu,RJ,33,33,917.6,612.65,1530.25,46.37,40.04,644.39,13.81,9.09,4.61,6.06
b43d8b707f887a30f4675391098354a0,ipira,SP,3,3,1342.0,184.76,1526.76,508.92,12.1,899.47,24.61,33.33,3.0,33.33
3f8034bfc6b8b4135534975d49f04c63,curitiba,PR,11,11,1273.9,249.03,1522.93,138.45,16.35,909.5,10.89,0.0,4.0,18.18
bb135baca94c82fcb731335ad5b04a03,sao paulo,SP,18,18,1049.8,472.88,1522.68,84.59,31.06,342.4,9.28,0.0,3.06,38.89
128f9bfbe4c7d5185033914b1de3d39a,atibaia,SP,13,13,1267.39,251.98,1519.37,116.87,16.58,348.37,11.83,7.69,4.77,0.0
c35672b10ad50968f567ea3f4b91e877,mesquita,RJ,18,18,1150.57,364.78,1515.35,84.19,24.07,744.71,11.61,5.56,4.5,5.56
2bd05d410a8fd26dc4184a15f4f2f588,belo horizonte,MG,6,6,1316.73,198.54,1515.27,252.54,13.1,557.74,10.18,0.0,5.0,0.0
0bebbb2cea103a4a020c95d43fd7d754,sao paulo,SP,9,9,1367.2,147.14,1514.34,168.26,9.72,430.22,5.91,0.0,4.89,0.0
4e06067cc08b3f41d837768d392c3ee3,betim,MG,31,31,941.72,572.53,1514.25,48.85,37.81,536.48,10.26,3.23,4.13,19.35
1464afc72f696af775557a821c2e253f,nova friburgo,RJ,29,29,1059.36,454.42,1513.78,52.2,30.02,549.81,11.55,3.45,4.24,10.34
c7b7db6c8f3c64a7cc1afa634db21d50,sao paulo,SP,1,1,1489.0,22.86,1511.86,1511.86,1.51,104.49,33.21,100.0,1.0,100.0
7a425d299613df3e613bcf9d2eaf5c49,rio de janeiro,RJ,18,18,1218.8,286.67,1505.47,83.64,19.04,685.97,11.79,5.56,4.11,16.67
da7039f29f90ce5b4846ffc0fcc93beb,santo andre,SP,17,17,1259.1,244.45,1503.55,88.44,16.26,664.28,9.27,5.88,4.53,5.88
1ca4bdb0cd7fc48e949bac066188ed26,cataguases,MG,3,3,1140.0,363.45,1503.45,501.15,24.17,800.1,14.3,33.33,5.0,0.0
8629c241b3622ac12cd4118afdc8d394,ribeirao preto,SP,13,13,1167.66,334.36,1502.02,115.54,22.26,844.18,15.12,7.69,4.08,15.38
9a1aea68d3efa00862ec88c0768037d0,catanduva,SP,7,7,1309.2,192.51,1501.71,214.53,12.82,784.96,13.02,0.0,4.43,0.0
b8578d2d823bd8e251f6fdd02b40902d,blumenau,SC,9,9,1255.6,244.0,1499.6,166.62,16.27,826.46,9.92,0.0,4.44,11.11
3092c0b297aacfb4bb6e056ebe13b9b8,aruja,SP,16,16,1184.3,313.98,1498.28,93.64,20.96,713.14,13.22,0.0,4.12,12.5
51ed72984a04e5dd35c2b27e77179038,sao jose do rio preto,SP,7,7,1294.3,198.93,1493.23,213.32,13.32,620.04,16.58,14.29,3.57,28.57
c3ee2331a724e6fc02c4b698b57a73f3,sao paulo,SP,2,2,1347.0,140.88,1487.88,743.94,9.47,85.3,6.26,0.0,3.0,0.0
f205b1a3ca9a34e0f8a228bae6e4c7b3,cachoeirinha,RS,8,8,1088.0,396.9,1484.9,185.61,26.73,1278.27,8.6,0.0,4.88,0.0
1dcfa3835714681d4ba4a93bc1e0fd41,birigui,SP,12,12,1186.6,296.88,1483.48,123.62,20.01,1084.52,15.08,0.0,4.27,9.09
5151aea44289d6c6b090ee31c2132508,marilia,SP,7,7,1315.3,167.17,1482.47,211.78,11.28,963.0,17.38,0.0,1.83,66.67
402916f742e5c740cc751493d9cf5053,guanhaes,MG,9,9,1252.0,226.43,1478.43,164.27,15.32,614.24,6.39,0.0,4.67,0.0
d1c7fa84e48cfa21a0e595167c1c500e,jacutinga,RS,12,12,1156.03,321.35,1477.38,123.12,21.75,870.77,11.88,0.0,4.33,16.67
f1b854361f4e15d5851b494df66f22b2,rio de janeiro,RJ,3,3,1168.8,306.44,1475.24,491.75,20.77,613.52,7.4,0.0,3.33,33.33
04843805947f0fc584fc1969b6e50fe7,ivoti,RS,1,1,1400.0,74.76,1474.76,1474.76,5.07,827.63,15.04,100.0,5.0,0.0
4eb61f060e7dcc1d5a80d806c35cc541,sao paulo,SP,8,8,1313.0,153.12,1466.12,183.26,10.44,279.49,6.2,0.0,3.88,12.5
6b89abe95848c850399130d149a39b63,piracanjuba,GO,8,8,1135.2,330.53,1465.73,183.22,22.55,523.31,11.26,0.0,4.38,12.5
2f73e04d12cdf0c945ded66bb3fcf6c7,cachoeiro de itapemirim,ES,3,3,1359.0,101.85,1460.85,486.95,6.97,653.31,13.6,0.0,3.33,33.33
2d378dbb39815785238c0139c7647fb7,sao francisco do sul,SC,2,2,1154.0,300.44,1454.44,727.22,20.66,636.7,19.64,0.0,5.0,0.0
a478c7961d6a992065b24e63b366f90b,blumenau,SC,8,8,1281.5,170.06,1451.56,181.44,11.72,550.61,9.86,0.0,4.88,0.0
4736e9d642ef4257cd7622516931eb51,piracicaba,SP,16,16,1078.87,370.9,1449.77,90.61,25.58,190.43,4.8,0.0,4.12,12.5
556a6409838156ea299c9d1f9e2dde43,curitiba,PR,4,4,1362.8,86.84,1449.64,362.41,5.99,511.92,7.4,0.0,3.25,50.0
010543a62bd80aa422851e79a3bc7540,sao paulo,SP,2,2,1416.0,31.95,1447.95,723.98,2.21,220.47,9.09,0.0,4.5,0.0
091065b789659bc3cd9af9cb3a6253ff,canoas,RS,2,2,1359.0,85.37,1444.37,722.18,5.91,1331.69,11.26,0.0,3.5,50.0
c273175f7c6c80fb02f051e2fc6d0d72,sao paulo,SP,14,14,1188.23,255.22,1443.45,103.1,17.68,805.31,10.59,7.14,3.79,21.43
9140bd1d9de28b197dce077bdd687438,amparo,SP,6,6,1258.87,184.06,1442.93,240.49,12.76,216.43,6.24,0.0,4.17,0.0
3faf68a3b0af94b10bac70d86077be49,holambra,SP,7,7,1322.93,119.16,1442.09,206.01,8.26,222.23,16.16,0.0,4.57,0.0
89c127985a8b130cfa45c1d36764017a,osasco,SP,6,6,1334.67,107.02,1441.69,240.28,7.42,882.02,10.99,0.0,3.4,40.0
5795aebfe331fbcd02a2c4b679fb7952,palhoca,SC,6,6,1280.0,156.09,1436.09,239.35,10.87,1555.34,12.2,0.0,3.83,16.67
7f40d06aa0b5f1aa4f41af8c0480e2ef,rio claro,SP,6,6,1309.94,125.68,1435.62,239.27,8.75,330.22,4.13,16.67,4.83,0.0
491a5ada3aa1678414e990262c4bbdc1,sao paulo,SP,1,1,1420.0,15.58,1435.58,1435.58,1.09,11.41,6.89,0.0,5.0,0.0
5ee7fd217d08dfe5d3e2f51f96a12c9a,vargem grande do sul,SP,9,9,1165.5,269.68,1435.18,159.46,18.79,521.21,16.86,22.22,3.44,33.33
325f3178fb58e2a9778334621eecdbf9,taboao da serra,SP,36,36,981.7,451.67,1433.37,39.82,31.51,214.64,6.41,0.0,4.44,8.33
b566ab0ef88016e00422755e305103c6,extrema,MG,5,5,1208.0,220.22,1428.22,285.64,15.42,565.48,13.05,20.0,3.2,40.0
3fac58ce0ad699020c7944d53c41329c,sao paulo,SP,10,10,1244.95,183.02,1427.97,142.8,12.82,164.89,4.89,20.0,4.4,10.0
334cab711dee080b079fa5779b584783,santo andre,SP,11,11,1069.7,351.67,1421.37,129.22,24.74,542.4,8.11,0.0,4.91,0.0
cda598c48d7c614bc1cad7d8ff6f0010,mirassol,SP,17,17,1118.6,301.6,1420.2,83.54,21.24,537.47,7.95,0.0,4.06,5.88
8ea394aed8138685abe1eb9f25e1021d,sorocaba,SP,2,2,1340.0,77.6,1417.6,708.8,5.47,438.71,11.29,0.0,4.0,0.0
269cff2d3c8d205c11f37a52402ea93b,catanduva,SP,4,4,1281.59,133.41,1415.0,353.75,9.43,356.59,7.13,0.0,4.5,0.0
30a81d8cf85fb2ada1b1b094c9583a95,sao paulo,SP,17,17,1245.42,168.1,1413.52,83.15,11.89,119.49,4.29,0.0,4.82,0.0
e48cc16ab70bfa09e1401740dce0b3d7,aracatuba,SP,14,14,1084.83,326.3,1411.13,100.79,23.12,866.34,14.69,7.14,3.57,28.57
439a47cc365d6e3bd526812ea9de3c29,mogi das cruzes,SP,8,8,1186.5,224.43,1410.93,176.37,15.91,412.8,7.24,12.5,4.25,12.5
5d76d80a2f5f39c891b996a1bf4c9853,sao paulo,SP,6,6,1238.5,171.25,1409.75,234.96,12.15,1021.31,10.23,0.0,4.83,0.0
8c5e007d7bd5693fa1386ffefbc99f6c,indaiatuba,SP,9,9,1029.11,378.3,1407.41,156.38,26.88,859.67,10.24,0.0,4.33,11.11
bc07d855eac23aab5ac8a120f21d16b2,mogi das cruzes,SP,11,11,1202.62,204.74,1407.36,127.94,14.55,674.06,13.38,18.18,4.45,9.09
e3d3b3efac954a60d61be70b7e05b49b,sao paulo,SP,3,3,1282.05,123.78,1405.83,468.61,8.8,327.67,11.12,0.0,4.33,0.0
7ff588a03c2aeae4fbd23f9ae64b760d,guarulhos,SP,14,14,1182.2,221.18,1403.38,100.24,15.76,497.08,4.79,0.0,4.64,7.14
a425f92c199eb576938df686728acd20,curitiba,PR,16,16,1106.3,293.39,1399.69,87.48,20.96,455.3,17.15,0.0,4.5,12.5
7daca0837f033a41a6f3428c18657533,tanabi,SP,7,7,1228.98,168.16,1397.14,199.59,12.04,519.76,14.33,28.57,3.57,28.57
8a9260f2b0340411d6d2a56bcf4f7378,contagem,MG,8,8,1256.0,140.94,1396.94,174.62,10.09,528.07,10.0,12.5,4.75,0.0
788e857f317e53de488d393e65a80f45,sao paulo,SP,11,11,1210.0,184.95,1394.95,126.81,13.26,349.69,7.41,0.0,4.91,0.0
67225bff54a172ff67579aaf583efd78,marechal candido rondon,PA,8,8,1238.0,155.11,1393.11,174.14,11.13,672.32,13.43,12.5,4.5,0.0
a36ac007a4d18f865c8d32c3b2402c2d,barueri,SP,8,8,1229.79,161.17,1390.96,173.87,11.59,517.18,9.65,0.0,2.75,50.0
626ab1cd96932367f0eeec2e47046c12,sao paulo,SP,3,3,1310.0,80.47,1390.47,463.49,5.79,972.54,7.19,0.0,4.67,0.0
b55638ad525e906c698fa2ce742c1742,imbituba,SC,11,11,1094.8,290.87,1385.67,125.97,20.99,875.26,23.43,18.18,4.18,0.0
2cb6eb1b7185064167657fa09f541105,sabara,MG,6,6,1217.9,164.78,1382.68,230.45,11.92,371.83,8.2,0.0,4.33,16.67
4324dd16853115efb0fd9d0d131ba6f4,sao jose do rio pardo,SP,12,12,1052.25,327.22,1379.47,114.96,23.72,573.33,13.36,8.33,4.08,16.67
fec8cd45395b3cb0c2b173d7739706a1,jambeiro,SP,4,4,1280.0,96.94,1376.94,344.24,7.04,103.01,10.45,0.0,3.75,0.0
c0098efcf800861dcae589affca31408,ribeirao preto,SP,9,9,1189.28,187.46,1376.74,152.97,13.62,342.05,11.42,11.11,4.78,0.0
b586cd24c010a13916af621b0325fbba,rio do sul,SC,6,6,1108.94,263.99,1372.93,228.82,19.23,482.95,5.27,0.0,3.83,16.67
5d9f3746e112e696f98ea22c56b3e912,sao paulo,SP,1,1,1322.64,47.77,1370.41,1370.41,3.49,1518.22,7.07,0.0,5.0,0.0
8fdca8e349553f99bc738833a62c8802,sao paulo,SP,22,22,989.34,380.88,1370.22,62.28,27.8,504.75,10.55,4.55,4.19,9.52
d4910f1cdcfdabd48d6b316e395d4a23,santo andre,SP,11,11,1146.88,215.04,1361.92,123.81,15.79,397.23,6.13,9.09,4.91,0.0
6562efe88ce0826a4ca4f189f03b4b84,maringa,PR,8,8,1076.0,282.32,1358.32,169.79,20.78,548.69,17.81,12.5,3.75,12.5
5f26c1408a65b42a7224cd463bdf3292,arapongas,PR,10,10,1139.8,217.29,1357.09,135.71,16.01,683.37,6.43,0.0,4.8,0.0
fa74b2f3287d296e9fbd2cc80f2d1cf1,presidente prudente,SP,5,5,1274.49,76.18,1350.67,270.13,5.64,680.96,30.38,40.0,3.2,40.0
f9d010e39375d9c91dce3f40b73a2f84,lorena,SP,4,4,1212.0,138.14,1350.14,337.54,10.23,709.73,17.35,25.0,3.5,25.0
d1b9d4be4b6f9ebd85f8acd6745ba612,nova lima,MG,11,11,1154.35,194.18,1348.53,122.59,14.4,684.37,10.81,0.0,4.18,9.09
04e38a233f726ef161074ab1c9b0399a,sao paulo,SP,19,19,991.6,355.67,1347.27,70.91,26.4,269.1,11.99,15.79,4.11,10.53
a066df7361163e7ddc5d7452dd17448b,franca,SP,15,15,1078.3,266.32,1344.62,89.64,19.81,587.25,15.74,20.0,4.4,13.33
9ed65337433adfbedefd23dd76eaa494,sao paulo,SP,6,6,1262.6,81.05,1343.65,223.94,6.03,479.88,7.4,0.0,4.83,0.0
5b2e94f2c22b39ccc24d34ad0f669672,sao paulo,SP,10,10,949.78,390.36,1340.14,134.01,29.13,578.71,9.98,10.0,4.9,0.0
5b97c06a046398e7005b2b7c0d707a92,joao pinheiro,MG,3,3,1139.97,198.44,1338.41,446.14,14.83,1158.96,26.18,66.67,4.0,0.0
3f2af2670e104d1bcb54022274daeac5,terra boa,PR,6,6,973.6,360.58,1334.18,222.36,27.03,779.18,19.51,16.67,3.33,33.33
ecccfa2bb93b34a3bf033cc5d1dcdc69,curitiba,PR,12,12,1120.85,212.47,1333.32,111.11,15.94,482.7,32.12,16.67,2.83,41.67
9d7a1d34a5052409006425275ba1c2b4,franca,SP,13,13,1054.82,277.05,1331.87,102.45,20.8,540.05,14.33,7.69,4.38,7.69
6bef34c5be6f2bbd70aa5165f6df94b1,timbo,SC,2,2,1198.0,132.88,1330.88,665.44,9.98,2455.49,16.19,0.0,2.0,50.0
e504a4e2efaa45cbff7e268a2c58c956,sao pedro,SP,10,10,1088.9,240.8,1329.7,132.97,18.11,298.38,12.95,30.0,3.8,30.0
abc015ebac1d283a323ca9db35ede4b9,ribeirao preto,SP,12,12,1106.8,222.85,1329.65,110.8,16.76,832.93,10.81,0.0,4.42,8.33
bb5d956dece964a06c12bceb66b923ae,rio de janeiro,RJ,2,2,1278.36,50.14,1328.5,664.25,3.77,848.72,10.38,0.0,5.0,0.0
700f03c207639c22d933381ff60b35c2,barretos,SP,4,4,1189.86,136.45,1326.31,331.58,10.29,515.23,29.77,50.0,4.0,25.0
45a3d05fb00435e52a28859dd03703b3,guarulhos,SP,1,1,1299.0,24.79,1323.79,1323.79,1.87,1225.63,25.72,0.0,5.0,0.0
00720abe85ba0859807595bbf045a33b,guarulhos,SP,13,13,1007.5,315.98,1323.48,101.81,23.87,420.35,11.79,15.38,3.62,23.08
4eeb99008a0f59d2c7759c59f9a346eb,embu das artes,SP,2,2,1282.0,38.95,1320.95,660.48,2.95,398.8,7.66,0.0,4.5,0.0
5b07547f10dd980738a1a27f685af669,guarulhos,SP,13,13,1134.6,185.47,1320.07,101.54,14.05,275.66,6.26,15.38,4.46,7.69
89f69225956f951295ca4c7fb1266553,vassouras,RJ,11,11,1041.3,277.41,1318.71,119.88,21.04,616.68,9.72,9.09,4.27,9.09
76ea5315acb3f5f7ade3cd261faf922a,sao paulo,SP,15,15,1087.06,224.02,1311.08,87.41,17.09,464.84,8.68,6.67,4.27,6.67
4091f77d8c768fc3e81c20761471761d,sao paulo,SP,8,8,1079.0,230.87,1309.87,163.73,17.63,495.14,18.03,25.0,2.75,37.5
973f21788dfab357250f69a8dcb7ddee,claudio,MG,9,9,819.0,490.03,1309.03,145.45,37.43,324.32,23.76,55.56,2.11,66.67
b18871c324516afa228a13e8f1ef0ae9,sao paulo,SP,9,9,1064.6,243.8,1308.4,145.38,18.63,235.19,8.93,11.11,3.44,44.44
c878515173c84a492ebe50d6b493230b,itaipulandia,PR,9,9,1118.84,189.2,1308.04,145.34,14.46,1072.92,16.8,22.22,4.11,22.22
bc47d5d1490df2b36add65d733eafaba,santo andre,SP,21,21,929.8,372.06,1301.86,61.99,28.58,729.28,12.85,9.52,3.52,28.57
119d1aef1b4144adba89163f6cd9f5d4,pedreira,SP,4,4,1094.0,204.24,1298.24,324.56,15.73,110.72,4.48,0.0,4.75,0.0
4ebdc7e6cd6102a022dadc49156d4ea8,sao paulo,SP,29,29,928.7,369.2,1297.9,44.76,28.45,339.09,9.97,3.45,3.79,20.69
4fb41dff7c50136976d1a5cf004a42e2,feira de santana,BA,3,3,1230.0,66.77,1296.77,432.26,5.15,781.14,66.75,33.33,4.0,0.0
b5e3e38609125694d2ea2417522a60b7,florianopolis,SC,16,16,995.04,301.14,1296.18,81.01,23.23,1023.69,18.2,25.0,4.31,6.25
7c5b05cbdb5542049f38d90d7815b97d,sao paulo,SP,21,21,993.97,298.92,1292.89,61.57,23.12,364.25,7.55,4.76,4.52,9.52
10ff823eda2b032e2c93d17a7d294736,pederneiras,SP,8,8,1144.98,147.88,1292.86,161.61,11.44,442.23,9.77,0.0,4.25,12.5
1cbd32d00d01bb8087a5eb088612fd9c,sp / sp,SP,11,11,1045.47,244.06,1289.53,117.23,18.93,831.89,12.53,9.09,4.18,9.09
dbec9a0a7efeff029d4d9dce7dc4cc95,belo horizonte,MG,3,3,1170.0,118.59,1288.59,429.53,9.2,647.32,11.93,0.0,4.0,33.33
3dbbce181edfaa4a597ec858c382d2ec,curitiba,PR,17,17,848.3,440.27,1288.57,75.8,34.17,717.6,14.0,11.76,4.24,11.76
577719699805dd125d5b6fdde5943bba,nova petropolis,RS,8,8,1077.8,209.56,1287.36,160.92,16.28,1030.64,10.28,12.5,4.38,12.5
5fd924b4836098a5be0ecf81ba054ce0,sao paulo,SP,7,7,1148.8,135.54,1284.34,183.48,10.55,633.15,7.99,0.0,4.0,14.29
734def04b237117a09321dd6d8f3f2a2,araras,SP,2,2,1252.43,28.8,1281.23,640.62,2.25,82.97,2.29,0.0,5.0,0.0
4a1f694197d05fe70026b016a7316b41,pedreira,SP,14,14,907.77,370.98,1278.75,91.34,29.01,637.75,9.06,7.14,4.57,7.14
ef2fbc2b607d8492bcffe657a4645434,rio de janeiro,RJ,19,19,920.9,353.61,1274.51,67.08,27.74,601.28,7.04,10.53,4.0,21.05
e84ad2127668df3aafc6b73531a0beb8,sao paulo,SP,19,19,987.0,286.73,1273.73,67.04,22.51,683.58,10.56,5.26,4.37,10.53
c8e135e7b21ecbc36c1153a29d2f5a06,sao paulo,SP,7,7,1165.5,101.98,1267.48,181.07,8.05,106.0,8.15,0.0,4.86,0.0
9c4d31c7e46ab03a43fc06e3142afd4e,rio de janeiro,RJ,2,2,1218.9,43.82,1262.72,631.36,3.47,406.3,6.89,0.0,4.5,0.0
327b89b872c14d1c0be7235ef4871685,manaus,AM,3,3,1177.0,81.8,1258.8,419.6,6.5,2327.61,47.84,66.67,2.33,66.67
6c6cc59a5c00cacc5054ca06d65cc282,santa maria,RS,1,1,1107.0,148.71,1255.71,1255.71,11.84,1342.35,9.25,0.0,5.0,0.0
1b65c144b17e607c0f37f10bb7dfec8d,rio do sul,SC,5,5,1109.5,144.85,1254.35,250.87,11.55,717.77,8.77,0.0,2.0,60.0
03a2a6dcbe45d639c4dc2a0d24769c40,maua,SP,9,9,1078.41,172.25,1250.66,138.96,13.77,594.98,10.45,11.11,4.11,11.11
7238f877570096ae403c51898fa64566,santana de parnaiba,SP,3,3,1200.0,49.52,1249.52,416.51,3.96,561.83,8.92,0.0,5.0,0.0
f235413f677777a0738ff215d0184901,bariri,SP,2,2,1191.98,55.83,1247.81,623.9,4.47,411.56,6.28,0.0,5.0,0.0
980640c45d7a4635885491d077167e4d,rio claro,SP,14,14,1004.29,242.37,1246.66,89.05,19.44,540.64,7.61,7.14,4.64,0.0
76c47a299e4a8fe992316a85865acbe9,ribeirao preto,SP,6,6,1024.46,221.88,1246.34,207.72,17.8,641.83,20.24,33.33,4.67,0.0
457fe919b032a3f7dadba6fb92cf7855,paulinia,SP,9,9,1104.89,141.22,1246.11,138.46,11.33,360.64,5.51,11.11,4.78,0.0
226b05fe067266c59c15dae208213d06,curitiba,PR,10,10,1056.9,188.68,1245.58,124.56,15.15,529.32,9.98,0.0,4.5,10.0
83645b1645cdee8953ee54c29ceed564,santa terezinha de itaipu,PR,14,14,978.9,266.2,1245.1,88.94,21.38,938.37,10.4,0.0,4.43,0.0
26785a546900236d66f2e4197c211158,sao paulo,SP,15,15,1019.2,225.45,1244.65,82.98,18.11,287.1,5.77,0.0,4.67,6.67
8fbd63429be6d3e5e6d1a709b6464802,santo andre,SP,6,6,1061.4,179.57,1240.97,206.83,14.47,504.09,8.41,0.0,4.83,0.0
a20d8058c866dbaeca014d2cd20ac62e,sao jose dos campos,SP,2,2,1194.0,44.9,1238.9,619.45,3.62,886.8,23.56,50.0,5.0,0.0
41da412d33e8da4f22baf55cb1bde82c,domingos martins,ES,15,15,862.9,374.16,1237.06,82.47,30.25,569.97,10.25,0.0,4.67,0.0
5b664594895aefb418afaee6d40a9a23,petropolis,RJ,16,16,1008.8,226.38,1235.18,77.2,18.33,315.78,10.41,0.0,3.94,18.75
343e716476e3748b069f980efbaa294e,campinas,SP,17,17,922.6,312.1,1234.7,72.63,25.28,519.25,13.04,6.25,4.31,12.5
71dc18fd8cbf5fd77f45dd8b427abb34,curitiba,PR,4,4,1080.0,149.4,1229.4,307.35,12.15,841.28,10.73,0.0,5.0,0.0
4b39558c138930b9e5489c93b6df5fe3,aracaju,SE,4,4,1096.7,132.4,1229.1,307.27,10.77,1747.12,12.83,0.0,4.5,0.0
6a8a889bde935bafa76d7848782dfaf9,sao paulo,SP,26,26,860.82,367.8,1228.62,47.25,29.94,381.77,7.89,7.69,4.04,11.54
1d2732ef8321502ee8488e8bed1ab8cd,rio de janeiro,RJ,4,4,1148.0,80.18,1228.18,307.04,6.53,220.65,12.17,25.0,3.0,25.0
1710c3aaa9c6b44ec3883ee0fe300e21,sao caetano do sul,SP,2,2,1188.9,37.65,1226.55,613.28,3.07,483.78,6.13,0.0,5.0,0.0
fb3cfbc8a86f5d7fbb4d36b8df63f60d,rio de janeiro,RJ,10,10,1007.3,217.76,1225.06,122.51,17.78,503.84,7.53,0.0,4.2,10.0
5011f0d93373a4c5753adf58ca77af8d,santos,SP,11,11,859.52,363.67,1223.19,111.2,29.73,342.75,10.8,9.09,4.09,9.09
596849622429351f47b32e6cae1055ff,mogi das cruses,SP,13,13,1069.8,153.1,1222.9,94.07,12.52,371.73,5.48,0.0,4.08,16.67
4200ddf1967c5e41e48db62bc6d4b5ac,sao bernardo do campo,SP,22,22,734.8,487.93,1222.73,55.58,39.9,456.19,10.26,4.55,4.26,10.53
3d4b1ae7539303b5704493798893e82c,sao paulo,SP,6,6,1076.0,145.69,1221.69,203.62,11.93,437.54,12.08,0.0,4.83,0.0
4cf490a58259286ada5ba8525ba9e84a,tabatinga,SP,7,7,1075.3,142.55,1217.85,173.98,11.71,807.49,24.77,0.0,3.43,28.57
9261d76c62caaf0b24677c2ceb7f8f20,palhoca,SC,6,6,968.7,247.54,1216.24,202.71,20.35,695.13,7.9,0.0,3.83,0.0
fe87f472055fbcf1d7e691c00b1560dc,campinas,SP,6,6,1085.8,130.16,1215.96,202.66,10.7,181.32,6.0,16.67,4.5,0.0
08d2d642cf72b622b14dde1d2f5eb2f5,marilia,SP,16,16,909.0,306.16,1215.16,75.95,25.2,650.32,15.32,18.75,4.31,0.0
b2eecf5ea250510da76590ca79d60e5d,sao paulo,SP,9,9,1060.0,153.15,1213.15,134.79,12.62,281.86,6.17,0.0,5.0,0.0
713e3a23ca5e47786eb6f0d99f94cfac,curitiba,PR,4,4,1126.0,87.03,1213.03,303.26,7.17,721.02,10.1,0.0,4.75,0.0
18e694e0e48ed6f7aa3f24aade5fd697,varzea paulista,SP,31,31,701.54,504.23,1205.77,38.9,41.82,237.57,6.01,3.23,4.68,0.0
e250d617a0ad591ba9bd663e584a895d,guarulhos,SP,8,8,904.12,300.79,1204.91,150.61,24.96,441.35,8.82,0.0,3.5,37.5
2d42ebcda99fd55f6f4bc2f1ca035d50,uruacu,GO,10,10,921.5,282.47,1203.97,120.4,23.46,668.17,9.6,0.0,4.3,10.0
ea6b12bf9ffe2bac34602ec631d97a47,guarulhos,SP,9,9,1047.3,154.89,1202.19,133.58,12.88,701.4,16.56,0.0,4.33,11.11
10089e9f2fd0c668a8fd4e52e1698888,sao jose do rio preto,SP,3,3,1139.9,59.41,1199.31,399.77,4.95,333.16,7.63,0.0,4.33,0.0
10076e5788b8ee532724bcd460baf762,batatais,SP,23,23,821.48,377.3,1198.78,52.12,31.47,462.41,10.03,4.35,4.57,4.35
c03121937e54a93fcc1825c3098bbb6e,curitiba,PR,7,7,1043.0,154.94,1197.94,171.13,12.93,892.5,11.16,0.0,5.0,0.0
48328ec9a579151d9cc6a86d4a59336c,canoas,RS,1,1,1099.0,97.78,1196.78,1196.78,8.17,1482.6,21.23,0.0,2.0,100.0
de9727ca376d1be6ec121b110aa7954c,sarandi,PR,9,9,997.8,197.84,1195.64,132.85,16.55,555.58,11.99,11.11,3.67,33.33
365e445f796710c3431557e85caa25db,sao paulo,SP,4,4,1115.0,79.3,1194.3,298.58,6.64,540.55,8.39,0.0,4.5,0.0
bf00385a5f7fc1ef39a13c2e9ee50a5f,sao paulo,SP,28,28,855.4,333.85,1189.25,42.47,28.07,278.38,5.77,0.0,4.43,7.14
28f10b1c5e5abb9d4857745bede6147c,sao paulo,SP,28,28,835.0,350.42,1185.42,42.34,29.56,458.28,7.64,21.43,4.0,17.86
eb72802c83dc7547529c9546d1a9b8ef,rio claro,SP,8,8,1063.92,117.71,1181.63,147.7,9.96,271.13,6.21,0.0,4.62,12.5
167fd940acebc789debd6eb418c46e38,franca,SP,5,5,1077.58,100.9,1178.48,235.7,8.56,375.52,15.5,20.0,3.0,40.0
8f2b51a30523cdecddc2f179f351c7d6,sao paulo,SP,7,7,1027.9,148.33,1176.23,168.03,12.61,468.5,13.13,0.0,4.14,14.29
51e4e89242cbb846c2deff3dc015650e,rio grande,RS,16,16,822.58,353.17,1175.75,73.48,30.04,1099.42,9.21,0.0,4.62,0.0
39f776d2974049026ff531fc42ef2a3e,goiania,GO,3,3,1084.04,90.37,1174.41,391.47,7.69,863.17,16.38,0.0,3.67,33.33
edd066cd02126d7800f9b66e980e9931,brasilia,DF,6,6,987.7,186.23,1173.93,195.66,15.86,701.08,11.9,16.67,5.0,0.0
7df1fc11cc5cbc518b39faa60cf5d67c,campo grande,MS,5,5,1037.6,134.36,1171.96,234.39,11.46,957.34,7.72,0.0,4.2,20.0
05730013efda596306417c3b09302475,criciuma,SC,4,4,952.0,216.67,1168.67,292.17,18.54,621.87,9.45,0.0,5.0,0.0
e58a5b390e28abc0b216cfb0e07d27d7,rio de janeiro,RJ,7,7,1022.6,144.63,1167.23,166.75,12.39,705.62,7.6,0.0,4.86,0.0
55dedd83e501d8248880557d9073cbfd,rio de janeiro,RJ,8,8,1055.3,110.79,1166.09,145.76,9.5,285.3,4.78,0.0,4.88,0.0
d66c11a9572221d92fbb8c4897db5f9b,rio de janeiro,RJ,16,16,776.56,387.82,1164.38,72.77,33.31,595.97,8.55,0.0,4.56,0.0
8b655f0855926bcb49f5835d38dfddf6,osasco,SP,5,5,1089.5,73.31,1162.81,232.56,6.3,188.32,5.61,20.0,4.8,0.0
82cb9f452fe8334df74b22d37824b431,caxias do sul,RS,14,14,838.2,317.06,1155.26,82.52,27.44,649.28,8.53,0.0,4.71,0.0
515d781150feed28a6ac091bb0e3cb8c,campo grande,MS,6,6,1002.35,152.37,1154.72,192.45,13.2,974.58,9.78,0.0,4.17,0.0
db46ca7bce82b11f7e247539271fc390,rio de janeiro,RJ,16,16,933.97,215.89,1149.86,71.87,18.78,343.0,8.15,0.0,4.56,6.25
e1dc0754bada9ee4cfe9713f22f61292,duque de caxias,RJ,12,12,885.0,264.78,1149.78,95.82,23.03,712.73,8.28,0.0,3.83,25.0
f8201cab383e484733266d1906e2fdfa,palhoca,SC,10,10,889.0,255.83,1144.83,114.48,22.35,1424.17,13.05,20.0,4.1,10.0
70849ca4f400aaabb62cb7462a6f1428,belo horizonte,MG,12,12,909.58,233.66,1143.24,95.27,20.44,506.31,10.92,16.67,4.42,8.33
1bc2e21de46adfea6b98cc96b00f3b40,joinville,SC,3,3,1039.95,102.6,1142.55,380.85,8.98,294.72,16.51,0.0,3.33,33.33
c54679b132454625907c773d273d4126,guaruja,SP,7,7,1032.0,107.93,1139.93,162.85,9.47,308.2,6.16,0.0,4.86,0.0
c4fabeea6e569d42d02993bb1f4f1cbc,fortaleza,CE,11,11,859.3,277.22,1136.52,103.32,24.39,2129.24,21.73,9.09,4.0,18.18
33cbbec1e7e1044aaf11d152172c776f,bento goncalves,RS,15,15,730.67,398.83,1129.5,75.3,35.31,998.82,8.43,0.0,4.73,0.0
07017df32dc5f2f1d2801e579548d620,joao pessoa,PB,8,8,946.49,181.75,1128.24,141.03,16.11,1388.38,10.08,0.0,4.0,25.0
e21a1e8be4715b0fcfd5385643bc49c4,jaguaruna,SC,20,20,673.7,454.51,1128.21,56.41,40.29,986.57,16.62,0.0,3.7,25.0
2379bdc3888025689a9deb7b141507d5,mogi mirim,SP,9,9,999.5,126.11,1125.61,125.07,11.2,227.39,18.43,33.33,4.33,11.11
633ecdf879b94b5337cca303328e4a25,sao paulo,SP,6,6,1037.6,87.89,1125.49,187.58,7.81,515.66,25.72,66.67,1.8,80.0
d1582f4043306e6b91afa6a8a884f898,sao paulo,SP,9,9,990.0,131.92,1121.92,124.66,11.76,585.77,12.11,11.11,4.11,11.11
daf565f087a52def0fd5c5825b3661bc,brusque,SC,9,9,813.9,307.93,1121.83,124.65,27.45,882.58,9.31,11.11,3.62,37.5
9c690ceacd5c66731bf443ea810195cb,camanducaia,MG,10,10,871.8,249.22,1121.02,112.1,22.23,241.5,7.59,0.0,4.3,10.0
ddd51ae8cda92f3995a51fc0f0f3eec7,rio de janeiro,RJ,8,8,842.7,276.92,1119.62,139.95,24.73,239.49,8.14,0.0,4.62,0.0
7aa538dd6e114e503a2e6154ea352253,catanduva,SP,5,5,1016.68,101.92,1118.6,223.72,9.11,364.58,8.88,0.0,4.4,0.0
e0eabded302882513ced4ea3eb0c7059,campinas,SP,8,8,978.4,138.79,1117.19,139.65,12.42,631.65,11.45,0.0,4.62,0.0
7ecef8194babfec876ca720714327841,campinas,SP,7,7,990.5,123.76,1114.26,159.18,11.11,320.76,10.14,14.29,4.29,0.0
d9442042130b7fe579d1295f9f4a248f,sao paulo,SP,19,19,772.16,338.88,1111.04,58.48,30.5,275.22,10.68,5.26,4.37,10.53
41c9d3997dd3c072c31139dc5bb5761f,araxa,MG,3,3,998.8,111.74,1110.54,370.18,10.06,1371.21,22.21,0.0,4.33,0.0
557f22c76691849db52d2abccf0015d0,morrinhos,GO,12,12,799.87,308.67,1108.54,92.38,27.84,799.77,14.51,0.0,3.27,27.27
3c3017960b2dbd72711a61f0400aab8f,jaragua do sul,SC,9,9,878.9,228.72,1107.62,123.07,20.65,1359.09,12.52,0.0,3.89,22.22
670a9dda115b5a88b18cfadee8de2332,ribeirao preto,SP,11,11,918.9,183.09,1101.99,100.18,16.61,570.09,12.3,0.0,4.45,0.0
f0e103c63864d5405b958d984b6e94c9,osasco,SP,11,11,951.7,149.71,1101.41,100.13,13.59,504.52,8.82,0.0,4.73,0.0
91543f9849d68d023e17194926598543,blumenau,SC,4,4,834.0,266.57,1100.57,275.14,24.22,1755.28,12.87,0.0,4.5,0.0
7a9c12e235c36247c3c81f50d6ea9cea,sao caetano do sul,SP,5,5,983.9,115.69,1099.59,219.92,10.52,1493.07,12.84,0.0,4.6,0.0
7d7d2b7a51328016102d4528c411d630,ibitinga,SP,7,7,918.8,180.05,1098.85,156.98,16.39,512.26,10.28,14.29,4.14,14.29
6025c79c035c3d772133b8b8238463b2,pinhais/pr,PR,2,2,989.74,108.59,1098.33,549.16,9.89,856.34,8.45,0.0,5.0,0.0
ffad1e7127fb622cb64a900751590acd,americana,SP,10,10,884.3,206.53,1090.83,109.08,18.93,532.22,7.67,0.0,4.8,0.0
4221a7df464f1fe2955934e30ff3a5a1,bahia,BA,5,5,849.5,239.54,1089.04,217.81,22.0,1762.35,16.57,0.0,4.8,0.0
ef9952469137ff190bacafe117f51537,uberaba,MG,5,5,1002.66,83.94,1086.6,217.32,7.73,554.19,10.25,0.0,4.8,0.0
a13aaf2d2886ab9fb30fb9a920160b8f,joinville,SC,4,4,1011.52,74.31,1085.83,271.46,6.84,243.36,9.35,25.0,4.5,0.0
a0d7fbb07bb5ebc3b05980e750db56f3,ferraz de vasconcelos,SP,3,3,848.99,236.19,1085.18,361.73,21.77,949.73,16.22,0.0,2.33,66.67
1f867308a0ce13133a4e639ff4de0c02,curitiba,PR,7,7,875.1,209.82,1084.92,154.99,19.34,386.06,11.27,0.0,4.14,14.29
8e670472e453ba34a379331513d6aab1,juiz de fora,MG,1,1,975.0,108.96,1083.96,1083.96,10.05,1823.27,86.0,100.0,1.0,100.0
0e982cff76cc0579f632cea8a0e38c9d,itajai,SC,6,6,971.9,109.26,1081.16,180.19,10.11,353.86,8.63,0.0,4.33,0.0
cb4a705d00e100b9732d0ca34817d441,florianopolis,SC,1,1,998.0,82.56,1080.56,1080.56,7.64,2201.38,24.13,0.0,1.0,100.0
8602a61d680a10a82cceeeda0d99ea3d,sao paulo,SP,17,17,826.99,252.91,1079.9,63.52,23.42,471.1,7.84,5.88,4.41,11.76
010da0602d7774602cd1b3f5fb7b709e,sao bernardo do campo,SP,1,1,849.5,230.25,1079.75,1079.75,21.32,527.53,26.11,0.0,1.0,100.0
dc7192adf8ba09569261f4a8d576afe0,itapeva,SP,7,7,917.0,161.43,1078.43,154.06,14.97,622.21,6.23,0.0,3.86,28.57
5a05a16bb50629ee31afab8a6d4c2674,caxias do sul,RS,14,14,794.3,281.18,1075.48,76.82,26.14,332.11,7.04,7.14,4.21,7.14
9bc484c87d79cd4874e05ca182658045,sao paulo,SP,8,8,970.0,105.12,1075.12,134.39,9.78,151.48,13.12,25.0,4.25,12.5
79a679c36c08d606b3fd47ead9de109b,sao paulo,SP,3,3,935.0,137.22,1072.22,357.41,12.8,264.78,11.68,33.33,2.0,66.67
4f1f1c8666cdb6442f775c4e8caed465,belo horizonte,MG,2,2,944.98,125.41,1070.39,535.2,11.72,1861.18,19.96,0.0,5.0,0.0
ae45df84722b1d15c5f32b23a095746c,sao paulo,SP,9,9,901.83,163.66,1065.49,118.39,15.36,469.38,7.42,0.0,4.78,0.0
13511db12ac61e2f89c53b72a944a60b,caxias do sul,RS,6,6,798.0,265.97,1063.97,177.33,25.0,683.69,9.17,16.67,3.5,33.33
c37b2059d4f90d4feead554e5246565e,sao paulo,SP,12,12,839.3,221.98,1061.28,88.44,20.92,501.72,17.34,25.0,3.33,41.67
9d681c7e12db302cb261e721040dde65,curitiba,PR,13,13,785.6,273.08,1058.68,81.44,25.79,772.34,9.3,0.0,4.92,0.0
8a43128d7f9a3db592b866e6861a6cce,sao paulo,SP,3,3,990.6,67.89,1058.49,352.83,6.41,294.85,6.24,0.0,2.33,66.67
6e4f5ff6b086632ba8dcb558fb10249e,flores da cunha,RS,5,5,838.9,214.35,1053.25,210.65,20.35,737.99,10.73,0.0,3.4,40.0
b81e3a6c866a764974fe849821abeebd,maua,SP,8,8,836.15,216.86,1053.01,131.63,20.59,288.52,6.14,0.0,4.62,0.0
9198786624eaeb375793215cad26cfa6,rodeio,SC,8,8,854.4,198.3,1052.7,131.59,18.84,461.06,12.97,0.0,4.0,25.0
c1ed9e3daf6154542826a6996af0fb8c,itajai,SC,8,8,757.5,292.57,1050.07,131.26,27.86,643.2,16.93,12.5,4.25,12.5
1bb3812d5f0747a3ab7348f199001a10,sao paulo,SP,9,9,834.4,215.17,1049.57,116.62,20.5,1155.22,12.76,0.0,4.89,0.0
74636e24f01da9268b0ed88dacd8513e,sao paulo,SP,4,4,776.0,272.61,1048.61,262.15,26.0,1127.94,13.13,25.0,4.0,25.0
e3a386fc36e22064434e1fa256f6a9fa,engenheiro coelho,SP,16,16,793.9,253.25,1047.15,65.45,24.18,397.53,10.07,18.75,4.19,12.5
20b54c376b794ed028df09a3cd88e8dc,sao caetano do sul,SP,7,7,927.87,114.2,1042.07,148.87,10.96,661.07,21.16,28.57,3.71,14.29
a67780aba9dd436e7ac0aa1f889e73ec,presidente prudente,SP,6,6,863.0,178.04,1041.04,173.51,17.1,762.97,21.63,33.33,3.67,16.67
9e9b539eb2806acee3f5c28085c1db9f,contagem,MG,3,3,967.0,72.47,1039.47,346.49,6.97,1142.15,24.79,33.33,3.67,33.33
28872dc528e978a639754bc8c2ce5a4c,caxias do sul,RS,1,1,1009.9,29.0,1038.9,1038.9,2.79,1254.17,4.04,0.0,5.0,0.0
04fdea0c111866e6cf812f1570d6b5bd,sao paulo,SP,8,8,865.0,173.35,1038.35,129.79,16.69,1071.2,18.0,12.5,3.5,25.0
caa9bc43a9fe8cf9c564ddd8a03cc4a6,jacarei,SP,13,13,803.87,233.87,1037.74,79.83,22.54,587.74,9.55,7.69,4.67,0.0
e8dba4d70f7f2b20e775d09cae01142d,santa barbara d oeste,SP,9,9,855.91,176.48,1032.39,114.71,17.09,406.24,8.81,11.11,4.33,11.11
d8cf3b6a2151949f930d0252b180ec42,mandaguacu,PR,6,6,623.7,406.48,1030.18,171.7,39.46,532.48,7.14,0.0,3.5,33.33
4b1eaadf791bdbbad8c4a35b65236d52,ribeirao preto,SP,5,5,960.09,68.95,1029.04,205.81,6.7,338.57,22.55,20.0,2.6,60.0
0791d9fc1e30678ecf03d3e55fa108d3,belo horizonte,MG,5,5,842.0,186.99,1028.99,205.8,18.17,479.89,7.81,0.0,4.0,20.0
48985c61529077fa4f1e38bcff0f2ed3,porto alegre,RS,7,7,879.3,148.07,1027.37,146.77,14.41,1478.0,10.34,0.0,4.43,0.0
3d5d0dc7073a299e31fa718ce1bc00b6,rio de janeiro,RJ,21,21,674.8,352.32,1027.12,48.91,34.3,644.68,8.49,9.52,4.43,14.29
a99504ac23ed125aaf5302af6cc30af9,batatais,SP,1,1,978.0,47.24,1025.24,1025.24,4.61,768.13,16.26,0.0,5.0,0.0
0ff83046c3fa22efee8ecf291888b191,caxias do sul,RS,10,10,768.9,254.48,1023.38,102.34,24.87,1283.14,12.54,0.0,4.8,0.0
63a79f5a7eb5cb48a7e5787b141c7993,patos de minas,MG,11,11,815.1,200.83,1015.93,92.36,19.77,443.18,6.37,0.0,4.55,0.0
3f9c56764fabca627406093dcb3ef0b4,rio de janeiro,RJ,7,7,909.3,105.65,1014.95,144.99,10.41,174.51,8.49,0.0,4.71,0.0
cac63f48c38cd7d002a7e846dcd99a23,sumare,SP,10,10,874.0,140.62,1014.62,101.46,13.86,433.85,7.23,0.0,4.8,0.0
528bcf6680c36dddf07620bd35b33a6f,sao paulo,SP,2,2,969.98,43.86,1013.84,506.92,4.33,1115.82,21.28,50.0,4.5,0.0
bd4431c1a8dfa744b59e1e2a8bc99b9e,rio de janeiro,RJ,7,7,809.5,204.09,1013.59,144.8,20.14,296.62,7.12,0.0,4.57,0.0
cb6c9f5888a7a090c75beaf615925792,vila velha,ES,11,11,779.89,229.08,1008.97,91.72,22.7,816.53,10.16,9.09,3.82,18.18
1cbd50a8c52e6cf8e315c5709fab386f,fazenda rio grande,PR,9,9,785.97,220.69,1006.66,111.85,21.92,1346.04,19.02,11.11,3.78,11.11
134a288e7de827ec5ec62e3ec9c3a295,sao paulo,SP,9,9,877.45,126.55,1004.0,111.56,12.6,532.34,9.45,0.0,4.78,0.0
f783a638e9c6af4a7d0dbfde811e7a81,sao paulo,SP,5,5,849.8,153.1,1002.9,200.58,15.27,1027.14,17.65,20.0,4.0,20.0
c6a7539d424a8402232c2228d7a03c5e,sao paulo,SP,10,10,607.5,393.82,1001.32,100.13,39.33,689.96,14.27,10.0,3.1,40.0
d4f117125b59ce73c3302f88ee40c458,sao paulo,SP,17,17,783.29,215.32,998.61,58.74,21.56,383.25,7.73,0.0,4.82,0.0
3d621842b2ed28e2b474132480edac3c,sao paulo,SP,8,8,873.93,123.21,997.14,124.64,12.36,389.17,9.9,0.0,4.62,0.0
e51f22821f0c12a16ad5c020cdcd55e9,carapicuiba,SP,4,4,898.71,98.13,996.84,249.21,9.84,709.05,10.32,0.0,4.75,0.0
fe1b067411b8c5066e962aa146ccee03,presidente prudente,SP,8,8,847.78,143.1,990.88,123.86,14.44,860.52,8.78,0.0,4.62,0.0
0aa2205ca24f113f4658a5c536667426,sao paulo,SP,4,4,815.62,172.48,988.1,247.02,17.46,337.91,8.79,0.0,4.0,25.0
69b5eaa096c3f9d1e5c398c597f567d6,birigui,SP,2,2,938.0,49.02,987.02,493.51,4.97,459.18,6.58,0.0,5.0,0.0
d9e7e7778b32987280a6f2cb9a39c57d,sao paulo,SP,11,11,722.5,263.89,986.39,89.67,26.75,1432.71,18.47,36.36,3.55,27.27
6f83d9e4da896daae20b9b6b2d3ff8d2,pinhalao,PR,11,11,765.19,219.85,985.04,89.55,22.32,606.38,15.02,0.0,4.36,9.09
b19c48688808720822399ffa9f2dbe2f,sao paulo,SP,1,1,959.99,24.82,984.81,984.81,2.52,899.92,6.3,0.0,5.0,0.0
da6a60cc8cc724fe51be021ff8be779c,sao pedro da aldeia,RJ,12,12,728.79,255.79,984.58,82.05,25.98,528.16,7.83,0.0,4.75,0.0
39c763cca83e654764b7a4a650fb9b7c,goiania,GO,11,11,761.0,223.21,984.21,89.47,22.68,660.32,13.49,18.18,3.82,27.27
808d4348b916efa08e766ebad39f61eb,sao paulo,SP,20,20,712.95,268.59,981.54,49.08,27.36,610.79,7.96,5.0,4.6,5.0
160e4f13fd3a64b1b86807be88b5ffb0,colombo,PR,4,4,886.0,94.45,980.45,245.11,9.63,621.94,14.3,0.0,4.25,25.0
e9729944ba65dc3ce425e0c5a22ae7b2,petropolis,RJ,4,4,916.7,61.73,978.43,244.61,6.31,214.92,10.14,25.0,3.75,0.0
297d5eccd19fa9a83b2630071ff105e4,curitiba,PR,8,8,834.97,141.76,976.73,122.09,14.51,542.91,6.88,0.0,5.0,0.0
5c3460cd3e8a984382ae254e7dd20d9f,sao jose do rio preto,SP,9,9,775.76,198.54,974.3,108.26,20.38,689.13,9.91,0.0,4.67,0.0
ca77545ca4d2dfd1431bf61334e2fa3c,maringa,PR,6,6,760.0,213.71,973.71,162.28,21.95,864.99,13.24,0.0,4.67,0.0
efff9341f3f8f5237b44ff67ed36a7bf,vitoria,ES,5,5,872.99,99.66,972.65,194.53,10.25,1055.91,11.93,0.0,4.4,0.0
41c2bad7229b0c25e6becf179ebf63ff,natal,RN,20,20,782.0,189.92,971.92,48.6,19.54,8.52,4.69,0.0,4.95,0.0
c8025364abeecb115431bf95c11a747f,porto alegre,RS,2,2,928.0,43.28,971.28,485.64,4.46,480.04,7.96,50.0,4.5,0.0
c89cf7c468a48af70aada384e722f9e2,petropolis,RJ,14,14,745.0,226.01,971.01,69.36,23.28,522.77,14.19,7.14,4.0,15.38
b5abf4f36adc043117b4fca82c22984c,brasilia,DF,8,8,803.1,166.84,969.94,121.24,17.2,716.65,19.7,25.0,3.12,37.5
b45d7ebfb7378630f1bcd74b6ff86ff7,belo horizonte,MG,3,3,899.7,68.44,968.14,322.71,7.07,502.09,29.7,0.0,4.33,0.0
562f8cfc51f265411f487d07e9c40e7f,belo horizonte,MG,13,13,766.92,199.33,966.25,74.33,20.63,706.58,14.03,15.38,4.54,0.0
e8a85b5f3df47be0984c55fd4064dbb4,brasilia,DF,8,8,743.0,222.99,965.99,120.75,23.08,637.83,10.68,12.5,4.5,12.5
d0d70d21e2234dd7cd3cf63fe414148a,sao bento,PB,8,8,598.4,366.59,964.99,120.62,37.99,1439.96,9.14,0.0,4.25,12.5
68f86ba270525243e68ae74044f992b9,rio de janeiro,RJ,10,10,777.5,186.7,964.2,96.42,19.36,831.68,10.09,10.0,4.5,0.0
b2c97074649f92197d9387d9033dda5f,botucatu,SP,10,10,684.71,279.37,964.08,96.41,28.98,1085.55,12.23,10.0,4.7,0.0
87d3c3aeb3ead335511b3ce315eb341e,sao paulo,SP,15,15,749.35,213.71,963.06,64.2,22.19,390.7,6.57,6.67,3.5,21.43
ba5daa4041e1f15cdf34b76e3e18a450,sao paulo,SP,15,15,806.8,152.55,959.35,63.96,15.9,299.63,5.69,0.0,4.27,13.33
3492e68f37fd1df87f4f2f2ea247f445,salto,SP,8,8,787.86,169.4,957.26,119.66,17.7,427.72,9.32,12.5,3.88,25.0
17eea220a40cc0d2c0c5346379682398,sao paulo,SP,3,3,875.98,76.0,951.98,317.33,7.98,1609.54,25.36,66.67,3.67,33.33
6861de0f40cacb0602e473c51639f980,curitiba,PR,5,5,674.0,275.73,949.73,189.95,29.03,753.33,13.84,20.0,3.6,20.0
7dc9a3355bae96dd82008b313d3a456c,dores de campos,MG,1,1,899.0,50.62,949.62,949.62,5.33,447.94,12.49,0.0,5.0,0.0
a1544b9ea0b2390e020537d4daa89049,jundiai,SP,8,8,841.2,107.33,948.53,118.57,11.32,780.33,10.92,0.0,3.88,12.5
6d22a1fcebb6dd08c9cd90b92a93e8d0,joinville,SC,12,12,723.7,222.73,946.43,78.87,23.53,564.56,15.4,0.0,4.25,8.33
8a40ae794fa3f9892cee24bd5af0488b,curitiba,PR,6,6,739.85,206.41,946.26,157.71,21.81,2253.03,27.8,33.33,3.17,33.33
6b9b80d53ba3676eafe60268a810b5a1,belo horizonte,SP,9,9,783.7,157.51,941.21,104.58,16.73,725.78,12.04,0.0,4.22,11.11
e5cbe890e679490127e9a390b46bbd20,sao paulo,SP,2,2,908.99,28.72,937.71,468.86,3.06,442.27,5.92,0.0,4.5,0.0
725af026f869236a8dd0ceb98564d156,claudio,MG,5,5,810.72,125.95,936.67,187.33,13.45,229.25,13.67,0.0,4.4,0.0
2b03ac196f5ed62ac483960fe0fa3b65,sao paulo,SP,7,7,843.1,92.09,935.19,133.6,9.85,303.22,12.89,14.29,4.14,14.29
a72c2f59332659e361d647515c698798,flores da cunha,RS,5,5,802.9,131.03,933.93,186.79,14.03,1046.94,10.2,0.0,4.8,0.0
0d33a55da925bbf1ff02af5f6059fc7f,sao paulo,SP,22,22,547.3,385.61,932.91,42.41,41.33,353.62,8.48,4.55,4.45,9.09
5a413ade68e8f8d93071a7f52a64cb9e,sao paulo,SP,14,14,778.9,153.77,932.67,66.62,16.49,133.51,4.12,14.29,4.64,7.14
6e864f5c4669eff3d98140a07cc50202,sao paulo,SP,13,13,740.59,191.77,932.36,71.72,20.57,515.48,9.84,7.69,4.46,7.69
eba88037e1dca898cd02881f67ced679,sao paulo,SP,6,6,838.1,93.47,931.57,155.26,10.03,338.84,11.49,16.67,4.33,16.67
52a52b9f656520e99716f5bc40f661c8,sao carlos,SP,7,7,783.1,148.12,931.22,133.03,15.91,302.81,10.71,0.0,4.0,28.57
2c43fb513632d29b3b58df74816f1b06,belo horizonte,MG,3,3,858.0,72.17,930.17,310.06,7.76,388.47,4.59,0.0,3.67,33.33
e644cbadf7eeb30d0d29f335ce7d52ec,sao paulo,SP,7,7,768.91,161.12,930.03,132.86,17.32,367.72,6.88,0.0,4.0,0.0
e1c76f339ebd5460999f25a2aa8c92c5,sao paulo,SP,1,1,899.9,28.8,928.7,928.7,3.1,2210.2,29.84,0.0,5.0,0.0
11eac105f3f90a9b87b19c89d91e24f3,sao paulo,SP,5,5,802.89,124.94,927.83,185.57,13.47,282.4,9.12,0.0,3.6,20.0
32e5635e63cb374eb63afdd242fb6134,rio de janeiro,RJ,1,1,910.0,17.82,927.82,927.82,1.92,23.3,7.31,0.0,5.0,0.0
75a4764c108403a7a0575140cb22287c,caxias do sul,RS,5,5,716.9,210.15,927.05,185.41,22.67,1189.92,11.55,0.0,4.6,0.0
1cd9e0cc1839d55516843def5600816d,sao paulo,SP,5,5,825.0,101.72,926.72,185.34,10.98,306.75,7.78,0.0,5.0,0.0
14ee35374a7876217954b5fa08e50463,sao jose do rio preto,SP,6,6,809.0,114.05,923.05,153.84,12.36,452.25,17.17,16.67,4.33,0.0
134b867a0f7f8bbe6abf10f91874891e,valinhos,SP,1,1,789.89,132.95,922.84,922.84,14.41,1996.05,12.93,0.0,4.0,0.0
9c7fd21e0aa159b20da593371f08ff7c,osasco,SP,7,7,798.3,123.5,921.8,131.69,13.4,468.03,7.39,14.29,3.29,42.86
4deebb3199eeafb282ae33229144f94b,sao paulo,SP,4,4,779.7,141.79,921.49,230.37,15.39,15.92,10.16,25.0,4.0,25.0
a3b42d266fa8afc874b909422ce88582,orlandia,SP,1,1,839.4,81.84,921.24,921.24,8.88,295.44,3.51,0.0,5.0,0.0
024b564ae893ce8e9bfa02c10a401ece,sao paulo,SP,2,2,706.4,212.0,918.4,459.2,23.08,2168.97,15.34,0.0,4.5,0.0
c8cc60ffd415254af5d9b9f34f32c369,sorocaba,SP,8,8,722.2,194.03,916.23,114.53,21.18,246.39,5.48,0.0,4.75,0.0
ba6b4a237f92479743cf0ca06b67a9ac,rio de janeiro,RJ,8,8,801.89,111.82,913.71,114.21,12.24,553.75,12.6,12.5,4.25,12.5
a1bea7061f61f6fdd9a85a6325ba1033,carapicuiba / sao paulo,SP,9,9,810.95,99.93,910.88,101.21,10.97,219.04,4.49,11.11,4.44,0.0
1099a00e0ee3a50935e6c2447ca090c5,rio de janeiro,RJ,3,3,849.7,61.13,910.83,303.61,6.71,520.36,15.04,33.33,3.67,33.33
39d61be7a92eb77b7da367bd4845bc0e,sao paulo,SP,7,7,700.59,209.03,909.62,129.95,22.98,569.76,10.78,0.0,4.0,14.29
7c51de0ab286204ce75ff42bf7c10d92,picarras,SC,4,4,759.0,149.64,908.64,227.16,16.47,996.03,9.79,0.0,4.5,0.0
4c61e37f664c3c88aff092aa5ac779d7,niteroi,RJ,7,7,788.31,119.86,908.17,129.74,13.2,361.77,15.79,28.57,4.0,16.67
d29ba1220fb8634fa3a107e54497b8a4,sao carlos,SP,9,9,724.94,182.92,907.86,100.87,20.15,328.16,6.49,0.0,3.22,33.33
c00396cbdd2e088fe4281baa5920aef1,campo magro,PR,1,1,832.41,73.44,905.85,905.85,8.11,364.48,12.1,0.0,5.0,0.0
dc64d75cc406bb0697be983831430e60,belo horizonte,MG,4,4,813.0,92.55,905.55,226.39,10.22,756.57,10.21,0.0,4.75,0.0
49383af7ab774e4e8f3000f49c83dc4b,taubate,SP,8,8,660.0,242.23,902.23,112.78,26.85,517.39,8.09,0.0,4.38,0.0
4ef4c39cf3c24f326434cf0b2e48046a,sao paulo,SP,7,7,792.0,109.51,901.51,128.79,12.15,395.54,13.28,14.29,3.71,28.57
59cea8e446d3834393058e7e0666b6fb,maringa,PR,10,10,696.6,204.54,901.14,90.11,22.7,639.79,7.27,0.0,4.6,0.0
b16d3dadc47d4eb18be3d88bad0775ce,estancia velha,RS,10,10,722.1,178.44,900.54,90.05,19.81,579.84,6.43,10.0,4.3,10.0
28ea411b354f14b1a494be4e79f0ce02,sao paulo,SP,6,6,820.0,76.93,896.93,149.49,8.58,221.86,8.92,16.67,4.67,0.0
365e4bce19bda0082c3d15d83fdb8bcd,sao caetano do sul,SP,6,6,796.4,98.62,895.02,149.17,11.02,509.14,10.38,0.0,4.67,0.0
ef30892870c278497523264be1be2241,araraquara,SP,9,9,783.2,109.34,892.54,99.17,12.25,262.9,8.08,0.0,4.56,11.11
0d4c8269e7f0401201794deef160edd6,ribeirao preto,SP,3,3,792.64,99.39,892.03,297.34,11.14,833.19,17.42,0.0,3.67,33.33
253f95b3a0e6983ae18aed49fbc2b845,sao paulo,SP,5,5,799.5,91.44,890.94,178.19,10.26,499.04,9.21,0.0,4.4,0.0
07de60b03d150fb3ea09eab5da5e4c8b,ibitinga,SP,9,9,719.1,169.9,889.0,98.78,19.11,458.11,13.42,11.11,4.33,11.11
1430239a858e7682bbc43b20758af153,sao paulo,SP,17,17,633.99,254.65,888.64,52.27,28.66,333.03,7.67,0.0,4.18,11.76
5acd070dd3fe441bbb2ec1f1ede515ee,jundiai,SP,7,7,764.17,122.2,886.37,126.62,13.79,416.82,26.11,42.86,3.0,42.86
9485a23c0430ba1d58d359391606fce6,santo andre,SP,4,4,830.9,54.96,885.86,221.46,6.2,354.83,13.41,25.0,3.75,0.0
5f06030071324cc52bf0304014ac7234,marilia,SP,4,4,783.96,100.35,884.31,221.08,11.35,610.1,10.36,0.0,4.0,25.0
fd435faa3c0422b60440ea3480d0e77c,joao pessoa,PB,1,1,749.0,133.87,882.87,882.87,15.16,1971.18,9.47,0.0,5.0,0.0
5996cddab893a4652a15592fb58ab8db,presidente prudente,SP,1,1,810.0,70.75,880.75,880.75,8.03,548.13,5.08,0.0,5.0,0.0
f435898e493ba0356019a0b1cb8b55b1,curitiba,PR,10,10,649.76,230.92,880.68,88.07,26.22,1001.75,10.87,0.0,4.4,10.0
cd3d09fbe6e3e9ff0c0ac0c300e93ae7,nova odessa,SP,12,12,651.04,229.19,880.23,73.35,26.04,933.68,11.71,8.33,4.17,16.67
80f2cf9abf6b5a0e5c612b5eea6646e6,sao jose do rio preto,SP,6,6,654.08,225.84,879.92,146.65,25.67,769.09,10.58,16.67,5.0,0.0
014d9a685fd57276679edd00e07089e5,maringa,PR,11,11,729.88,146.93,876.81,79.71,16.76,534.72,9.15,0.0,3.73,18.18
81783131d2a97c8d44d406a4be81b5d9,sorocaba,SP,8,8,761.84,113.15,874.99,109.37,12.93,477.21,7.25,12.5,4.5,12.5
ba6ce6de456f6c11d08c17701ba5c26f,sorocaba,SP,6,6,744.35,130.16,874.51,145.75,14.88,221.19,12.41,16.67,4.17,16.67
7210cd29727d674c00741e5e387b3ccd,sao paulo,SP,9,9,729.09,145.09,874.18,97.13,16.6,52.2,3.78,11.11,4.44,11.11
e560e4022d8f7aebf155db95946c5c0f,belo horizonte,MG,2,2,780.0,90.21,870.21,435.1,10.37,814.45,10.13,0.0,5.0,0.0
70bf57d811208f8923b41bbd499a67a4,franco da rocha,SP,7,7,780.8,88.93,869.73,124.25,10.23,151.7,4.82,0.0,4.14,14.29
c6218512d16fcac0af02fe92691cf274,contagem,MG,8,8,674.0,194.64,868.64,108.58,22.41,554.29,14.87,12.5,4.0,12.5
8b87cd0d43d49b9bdf40f56229364d59,sao paulo,SP,2,2,729.0,135.88,864.88,432.44,15.71,1098.24,15.34,0.0,5.0,0.0
05a940b4ecae36cadfd8e93bd9c43257,goiania,GO,9,9,695.1,169.0,864.1,96.01,19.56,844.89,14.25,0.0,4.22,11.11
458c6fa920810ce2492da71bc26d9eec,catanduva,SP,2,2,756.76,105.61,862.37,431.18,12.25,1564.47,25.4,0.0,2.5,50.0
fe1bbc5feda5c8979a8a1b3b2512d5a6,arinos,MG,9,9,724.72,137.53,862.25,95.81,15.95,728.08,11.93,11.11,3.89,0.0
9aa388272ee334b6ae07bc73706e254a,muriae,MG,6,6,678.0,183.46,861.46,143.58,21.3,573.59,8.41,0.0,4.33,16.67
aac51c486b672a9850d59f3e84b1cf88,sao paulo,SP,10,10,728.28,131.29,859.57,85.96,15.27,251.36,4.65,0.0,4.8,0.0
52956b80ae65fda598f06f6b9943e7a9,maringa,PR,3,3,792.0,66.85,858.85,286.28,7.78,840.91,25.61,33.33,4.0,0.0
3d68c634a99a1ba46dbca3967a69c623,nova trento,SC,2,2,594.0,263.7,857.7,428.85,30.75,867.62,9.19,0.0,5.0,0.0
6b15924333bd1a741595fe981ea04822,sao caetano do sul,SP,21,21,614.32,240.14,854.46,40.69,28.1,366.92,7.78,9.52,4.67,0.0
89a51f50b8095ea78d5768f34c13a76f,brasilia,DF,10,10,677.16,177.1,854.26,85.43,20.73,581.32,7.42,0.0,4.7,0.0
bdae679a9b282249bc23b9b69dae9a99,brasilia,DF,6,6,663.15,188.83,851.98,142.0,22.16,787.44,10.4,0.0,3.5,33.33
ac6417315ae5da8f9a38ee11de6f7780,aruja,SP,7,7,716.4,134.72,851.12,121.59,15.83,139.06,11.47,14.29,4.14,14.29
3969863bb8af7f72580b3b1ffd3a17b3,sao paulo,SP,12,12,623.15,226.87,850.02,70.83,26.69,480.97,10.24,0.0,4.08,8.33
4a1917ef994878940e1fb03eeb787ad7,brasilia,DF,2,2,768.0,78.62,846.62,423.31,9.29,797.23,10.31,0.0,3.0,50.0
be8e909810184b9b19e886129149d8e5,piracicaba,SP,15,15,629.85,216.23,846.08,56.41,25.56,612.27,15.36,20.0,3.73,20.0
a2deecd5398f5df4987110c80a1972a3,sao paulo,SP,13,13,623.81,221.99,845.8,65.06,26.25,667.61,8.31,0.0,4.23,7.69
6bb62a4912377c7bfe7cb17b406bc7e6,jundiai,SP,4,4,739.52,105.87,845.39,211.35,12.52,362.73,4.57,0.0,4.25,25.0
9dc79dd988ac42f4d56c340d7048420a,sao paulo,SP,4,4,749.6,94.33,843.93,210.98,11.18,844.16,6.52,0.0,4.75,0.0
da03c298e3999e9d828591fc2179d109,sao paulo,SP,4,4,787.7,54.78,842.48,210.62,6.5,330.29,9.59,0.0,4.75,0.0
21c62b998a043ebe31161d38f84929fc,fortaleza,CE,4,4,750.49,90.84,841.33,210.33,10.8,995.78,13.3,0.0,4.5,0.0
2ba91c7ad80ff88b23b7db823b43c233,itu,SP,6,6,740.4,99.93,840.33,140.06,11.89,610.67,18.65,33.33,3.83,16.67
e73bf2cea7fe4b0b4d287a7568ed1099,chapeco,SC,4,4,737.7,100.13,837.83,209.46,11.95,689.19,5.5,0.0,5.0,0.0
236585a4ddb5fea9fa40233e2249ed91,caxias do sul,RS,11,11,649.53,188.14,837.67,76.15,22.46,865.5,13.14,9.09,4.09,9.09
7354220fb240bde543b3c40c060d41e7,brasilia,DF,7,7,672.0,165.13,837.13,119.59,19.73,937.41,11.1,0.0,4.57,0.0
851773c885feb5e2da3b4f82bc2b17ce,lencois paulista,SP,10,10,585.3,251.83,837.13,83.71,30.08,971.28,16.66,20.0,4.2,10.0
43402bdf22aa2310e8f99e2f94f78628,ribeirao pires,SP,4,4,649.95,187.15,837.1,209.28,22.36,156.7,16.57,0.0,2.5,50.0
5f7300535881cef3b625fd683cf7d145,canoas,RS,10,10,665.98,170.85,836.83,83.68,20.42,595.06,8.81,0.0,4.4,10.0
6524b847b982cd56bb5d4b02b776ee42,campinas,SP,1,1,779.8,55.14,834.94,834.94,6.6,703.99,42.33,100.0,4.0,0.0
f9eedec3129e8cc6b6429c42d0808c5b,"rio de janeiro, rio de janeiro, brasil",RJ,2,2,789.8,43.35,833.15,416.58,5.2,1115.92,6.76,0.0,4.5,0.0
ba6b68b55fe8704377a7d43c8e5c0185,belo horizonte,MG,5,5,739.77,92.45,832.22,166.44,11.11,597.21,10.59,0.0,4.2,20.0
2305ab43e846518f58dd9d59f3f54e96,sao paulo,SP,3,3,788.89,42.37,831.26,277.09,5.1,237.2,11.83,0.0,3.67,33.33
11742f81550ac064cc9a40f67151d9ad,catanduva,SP,2,2,781.9,49.11,831.01,415.5,5.91,309.32,9.1,0.0,5.0,0.0
ad273c9eb54ecb4532de4bf75bae9e4e,curitiba,PR,10,10,645.0,184.75,829.75,82.98,22.27,352.24,12.21,0.0,4.1,10.0
de09d00cfc265b8804c7df34075a68fa,sao paulo,SP,3,3,784.0,43.97,827.97,275.99,5.31,314.99,6.15,0.0,3.33,33.33
55c26bcb609f480eb7868594245febb5,tabatinga,SP,6,6,664.4,161.83,826.23,137.71,19.59,376.22,9.69,0.0,4.0,16.67
bd1d49a326abfa9b1036772e40445430,bauru,SP,12,12,637.7,188.5,826.2,68.85,22.82,424.01,12.41,8.33,4.08,8.33
a56e351445e5863fc8960640ba9190c7,itajai,SC,3,3,760.92,65.06,825.98,275.33,7.88,388.6,11.72,33.33,4.33,0.0
c7fdb77fdbff3c41981bc52f787e959e,santo andre,SP,9,9,658.48,166.68,825.16,91.68,20.2,848.87,16.81,22.22,3.56,33.33
94231344608e603693b0a8891143f65d,porto alegre,SP,3,3,722.0,102.18,824.18,274.73,12.4,1246.52,12.53,0.0,4.0,0.0
5ef131ac72773e5b3f6c0d63cf424657,ribeirao preto,SP,10,10,575.79,246.2,821.99,82.2,29.95,557.25,5.93,0.0,4.1,20.0
13f57c12a00ed4610db646b913a7f5c6,santos,SP,7,7,645.2,175.95,821.15,117.31,21.43,448.36,12.37,14.29,4.86,0.0
0d83f8e03188682112cc0d93523705cc,porto alegre,RS,4,4,696.26,124.31,820.57,205.14,15.15,1046.5,16.91,25.0,3.75,25.0
2063dd1b9f568df1c16741ea7d3e6adb,guarapuava,PR,3,3,763.1,57.17,820.27,273.42,6.97,820.63,12.65,0.0,5.0,0.0
9535a841eecebed61a9fb1ac1cbb5597,sao paulo,SP,2,2,784.9,33.43,818.33,409.16,4.09,63.6,9.5,0.0,3.0,50.0
8d46553a36e68f95350a200c12f8f2e2,campinas,SP,9,9,660.0,157.21,817.21,90.8,19.24,314.75,17.57,0.0,4.22,0.0
ed8cb7b190ceb6067227478e48cf8dde,santos,SP,15,15,573.5,242.71,816.21,54.41,29.74,340.33,7.31,6.67,3.4,33.33
8e29d051f810eb22959ede205b462b9f,mirassol,SP,2,2,599.8,213.48,813.28,406.64,26.25,698.51,31.75,50.0,4.0,0.0
191d55f7edb8524d525ed01b20fe32e8,brasilia,DF,3,3,747.0,65.8,812.8,270.93,8.1,895.59,22.53,33.33,2.33,66.67
a254c682cc01e119f83530446f1df9a9,cafelandia,SP,6,6,569.4,240.02,809.42,134.9,29.65,935.9,15.07,16.67,4.0,16.67
0a85ebe4e328db81ac9109781205e2f7,jundiai,SP,12,12,667.9,137.75,805.65,67.14,17.1,149.92,5.25,8.33,4.58,0.0
638cba8be1fb599bbb76fd6948351eb3,sao jose dos campos,SP,16,16,535.4,268.27,803.67,50.23,33.38,308.07,8.14,0.0,4.69,6.25
38e6dada03429a47197d5d584d793b41,sao paulo,SP,7,7,596.14,206.91,803.05,114.72,25.77,476.0,10.12,14.29,4.43,14.29
d79e8478eed9999493990b44955fb22e,rio de janeiro / rio de janeiro,RJ,5,5,721.89,80.72,802.61,160.52,10.06,444.17,8.2,20.0,4.0,25.0
fac35d150712afb921ec59ac5f39bb11,bonfinopolis de minas,MG,5,5,696.0,104.64,800.64,160.13,13.07,377.34,10.14,0.0,4.4,0.0
179d859f51292aac5c10806a356f7af9,ribeirao pires,SP,18,18,404.47,395.8,800.27,44.46,49.46,775.06,8.99,16.67,4.39,5.56
8d899e15a5925f097cca50faa49b15e3,sao roque,SP,4,4,645.0,150.98,795.98,199.0,18.97,350.39,6.07,25.0,3.75,25.0
8759e7aedd644f487315e5860962f162,santo andre,SP,3,3,627.0,166.34,793.34,264.45,20.97,1055.82,32.8,33.33,3.67,33.33
56db5c0782e8f7ddc9343f9576ff6d16,palhoca,SC,2,2,734.8,57.15,791.95,395.98,7.22,508.78,9.92,0.0,3.0,50.0
6cf476a4ca74498db55cbccdaa9dcfb6,sao paulo,SP,5,5,624.94,166.66,791.6,158.32,21.05,800.25,34.35,40.0,3.4,40.0
2059c39f76271d4ca3f15b5ffaccc8b8,curitiba,PR,12,12,604.9,186.39,791.29,65.94,23.56,519.94,9.59,0.0,4.5,0.0
1d29dfba02015238dfbe2449a5eaa361,vicosa,MG,12,12,612.8,177.12,789.92,65.83,22.42,389.22,15.37,8.33,4.5,8.33
cf654707ed6a99f112c7ec3d6f314b8b,sao paulo,SP,3,3,756.0,33.54,789.54,263.18,4.25,37.22,5.25,0.0,4.67,0.0
b7ed9fb14c8eadb37adb9c45d67ab0fb,jacarei,SP,7,7,566.0,221.75,787.75,112.54,28.15,1039.48,12.56,0.0,3.29,42.86
e4ebd3f87bf70440014f07ddda7fbe03,presidente epitacio,SP,7,7,671.5,115.76,787.26,112.47,14.7,1041.03,17.89,14.29,4.57,0.0
8c91bfea4263b8fba54081460693e2a1,horizontina,RS,2,2,739.0,46.75,785.75,392.88,5.95,918.79,12.13,0.0,5.0,0.0
5bba18b40e8c973b0f32e748004775b0,itajobi,SP,1,1,739.98,44.82,784.8,784.8,5.71,779.82,7.07,0.0,5.0,0.0
e6a69c4a27dfdd98ffe5aa757ad744bc,sao paulo,SP,21,21,508.51,275.83,784.34,37.35,35.17,271.07,10.74,0.0,4.29,9.52
6824a69c9ea0313eba299dd4a2dba09a,formiga,MG,6,6,666.9,117.18,784.08,130.68,14.94,270.59,4.81,0.0,4.67,0.0
0b36063d5818f81ccb94b54adfaebbf5,jaragua do sul,SC,1,1,765.0,18.0,783.0,783.0,2.3,1083.39,14.54,0.0,5.0,0.0
d558ebe531605a1285ab2b1bc3256dfb,divinopolis,MG,3,3,709.0,73.23,782.23,260.74,9.36,732.48,9.42,0.0,4.67,0.0
2aa3443d7bf9d9bb11133f420d75e083,rio de janeiro,RJ,10,10,647.0,134.12,781.12,78.11,17.17,494.91,10.57,20.0,3.0,40.0
b4b447d715f9ab302a188fb43d3e96b3,sao paulo,SP,5,5,685.93,93.73,779.66,155.93,12.02,204.0,3.62,20.0,4.8,0.0
6e1862e15f33d9994bc25922a85e1efc,rio claro,SP,7,7,668.49,110.83,779.32,111.33,14.22,299.43,3.79,0.0,4.43,14.29
7b98de631987e26dd6d803490c43a13c,loanda,PR,8,8,634.2,144.43,778.63,97.33,18.55,612.34,10.58,0.0,4.62,0.0
c447f8dd3ed213f291d65ef074a268eb,assis,SP,7,7,655.0,122.23,777.23,111.03,15.73,681.36,11.03,0.0,3.71,28.57
b64d51f0435e884e8de603b1655155ae,garulhos,SP,17,17,416.18,357.36,773.54,45.5,46.2,193.61,7.4,17.65,4.29,11.76
54aa8463e87776b5612f4bdc4bd5d4de,belo horizonte,MG,7,7,649.3,123.53,772.83,110.4,15.98,752.4,13.48,0.0,3.86,14.29
26af45f5dfd967225a832838aa4e24a3,curitiba,PR,10,10,573.1,198.51,771.61,77.16,25.73,583.74,9.77,0.0,4.1,20.0
b0398568231ba5e6734af1881671a317,colatina,ES,4,4,656.77,113.35,770.12,192.53,14.72,804.48,13.21,0.0,4.0,25.0
228e4c1a0be164f613d41c24345f9d2c,bandeirantes,PR,5,5,539.7,229.74,769.44,153.89,29.86,929.93,11.12,0.0,5.0,0.0
f3295428338a40977a03f555246a70f4,vitoria,ES,7,7,644.98,124.4,769.38,109.91,16.17,847.21,14.83,28.57,3.57,28.57
768a86e36ad6aae3d03ee3c6433d61df,sao paulo,SP,17,17,587.46,180.24,767.7,45.16,23.48,183.18,5.08,17.65,4.65,0.0
61c36f0fc4a47f9532e5512b66668e62,guarulhos,SP,1,1,750.0,17.69,767.69,767.69,2.3,109.75,12.31,0.0,1.0,100.0
2dd1fb6f0e42a2243b8a01e40cd41216,curitiba,PR,3,3,686.89,80.43,767.32,255.77,10.48,1032.41,13.61,0.0,3.67,33.33
5962468f885ea01a1b6a97a218797b0a,curitiba,PR,6,6,674.0,91.74,765.74,127.62,11.98,,10.91,0.0,4.67,0.0
9cad4b68bb993ee401a3c5aaa2bc26dd,birigui,SP,5,5,649.3,114.03,763.33,152.67,14.94,855.68,18.7,20.0,2.8,40.0
9d5604a1f112324ad6b2aa552122e0fb,florianopolis,SP,13,13,421.5,340.48,761.98,58.61,44.68,1178.79,12.49,0.0,3.54,30.77
2fb25ab44bdbeae6a4d816e0d0c9d500,volta redonda,RJ,5,5,683.08,78.21,761.29,152.26,10.27,493.63,8.52,0.0,4.8,0.0
72c38a04bd6a1c3dbc5298425a0db86d,cascavel,PR,4,4,647.3,113.35,760.65,190.16,14.9,1151.23,8.81,0.0,3.75,25.0
07d75e33f2750d97d467fb57e4dfdd8a,sao paulo,SP,2,2,722.4,37.19,759.59,379.8,4.9,576.97,11.8,0.0,2.5,50.0
ac51cac5e20d69ff485a54746488ef48,ribeirao preto,SP,3,3,700.0,58.7,758.7,252.9,7.74,1000.89,16.31,0.0,3.67,33.33
01c97ebb5cdac52891c0ed1c37ba0012,catanduva,SP,9,9,577.5,178.5,756.0,84.0,23.61,649.04,13.93,0.0,4.22,11.11
acf974e4d5950ad143a247471b831eb9,caxias do sul,RS,5,5,423.8,329.82,753.62,150.72,43.76,1239.51,11.85,0.0,4.75,0.0
6c99c983ce3b6ba0ab813e6790e81691,uberlandia,MG,9,9,546.75,205.76,752.51,83.61,27.34,535.71,6.13,0.0,3.78,22.22
2f09f7d37a97956d11cc1a7cadd5262b,ribeirao preto,SP,7,7,625.0,126.91,751.91,107.42,16.88,234.92,12.84,14.29,4.0,14.29
0570350b23eda5444f8d1d9544932058,sao paulo,SP,6,6,626.9,124.86,751.76,125.29,16.61,288.88,5.07,0.0,5.0,0.0
3d3ccf2b2f8134b10dce9dd446f0e075,ibitinga,SP,3,3,608.6,141.93,750.53,250.18,18.91,985.04,16.77,33.33,3.33,33.33
6e0908ef4d4efadbc3cc2b74ea477cb0,rio de janeiro,RJ,8,8,589.45,160.83,750.28,93.78,21.44,580.33,12.32,12.5,3.75,25.0
262237171f48e85819065498cac80d7b,brusque,SC,4,4,599.0,150.0,749.0,187.25,20.03,484.7,11.07,0.0,4.25,0.0
02b72cdeb9cfcc429f1af6f4e3f3b737,ibitinga,SP,4,4,522.65,225.99,748.64,187.16,30.19,1262.92,12.51,0.0,4.75,0.0
916748bc99315c2d202898ae58b1617e,sorocaba,SP,25,25,369.4,377.11,746.51,29.86,50.52,348.65,10.47,0.0,4.28,8.0
95b293867b5862941c9cd74f756a3c68,sao paulo,SP,9,9,648.1,98.12,746.22,82.91,13.15,191.96,21.46,44.44,3.56,33.33
26bad72add1f86e08a776ce4ffdaf1ca,pedregulho,SP,7,7,622.0,123.92,745.92,106.56,16.61,568.57,10.94,0.0,4.43,0.0
aae5e7b457a3c72ee230a47d98fceda5,sao jose dos pinhas,PR,5,5,604.8,140.77,745.57,149.11,18.88,1011.37,11.92,0.0,4.2,0.0
d9cd369bffa979d1634f8e1318bf2f1b,bady bassitt,SP,3,3,678.0,66.81,744.81,248.27,8.97,822.5,11.25,0.0,5.0,0.0
f52c2422904463fdd7741f99045fecb6,santo andre/sao paulo,SP,12,12,567.79,177.01,744.8,62.07,23.77,519.79,5.67,8.33,4.25,8.33
3ef37b7ca6dd2b80bd8af81a62504996,sao paulo,SP,2,2,700.0,40.97,740.97,370.48,5.53,757.86,14.35,0.0,4.5,0.0
4e6015589b781adaa5ce7f1892d06bb1,guaruja,SP,3,3,684.0,56.5,740.5,246.83,7.63,124.29,5.89,0.0,3.67,0.0
c522be04e020c1e7b79f3acff36513d5,santana de parnaiba,SP,6,6,649.94,90.48,740.42,123.4,12.22,791.5,15.65,33.33,4.0,16.67
6d988d6174a2c27441597174f8905515,maringa,PR,19,19,371.73,365.47,737.2,38.8,49.58,577.42,20.59,10.53,4.11,15.79
11938fcc75f6902fea1d0a6f72b54a57,sao miguel d'oeste,SC,2,2,594.98,142.16,737.14,368.57,19.29,746.92,22.36,0.0,3.0,50.0
ab3e0c171fe84a7ba7de130f19cfb485,colorado,PR,6,6,623.45,112.88,736.33,122.72,15.33,599.08,20.71,33.33,4.0,16.67
328acb143b4a73aad6bee8e734f5d20d,foz do iguacu,PR,2,2,699.98,34.77,734.75,367.38,4.73,996.79,12.06,0.0,4.0,0.0
b274baf5bbd142410eb2958cf685d684,montenegro,RS,7,7,585.9,148.67,734.57,104.94,20.24,1146.27,6.35,0.0,4.29,14.29
be3b4b0f050a6aa1b2d901c4b77e979f,imbituva,PR,3,3,578.2,155.52,733.72,244.57,21.2,538.44,8.3,0.0,4.0,33.33
39a5005f2605cbdb4f9ac14485cabfd1,barretos,SP,3,3,501.07,232.59,733.66,244.55,31.7,1177.27,9.62,0.0,5.0,0.0
8a207b6080964f3c1fc9d35bd6096ba4,jaci,SP,2,2,553.7,176.34,730.04,365.02,24.15,785.97,22.71,50.0,5.0,0.0
052577151711aec5c744fe12e66db3e1,rodeio,SC,1,1,687.0,42.65,729.65,729.65,5.85,608.26,14.03,0.0,5.0,0.0
eb5b6204dde3a6e03b5f1bb8479f055b,embu guacu,SP,19,19,452.2,275.13,727.33,38.28,37.83,347.97,10.45,5.26,3.95,10.53
38102b031c2a15e54623d711bfc753d3,mucambo,CE,8,8,418.0,308.21,726.21,90.78,42.44,2257.94,21.18,0.0,4.0,0.0
b12cfd255810394b60caef18ae163547,cascavel,PR,2,2,560.0,166.15,726.15,363.08,22.88,680.32,15.84,0.0,4.5,0.0
2f74af7a0ee5636f12c2336f9fffed47,sao paulo,SP,13,13,560.7,163.77,724.47,55.73,22.61,490.57,9.7,0.0,4.31,7.69
bfd938b22bc99bce1ae60dc602889f52,rio de janeiro,RJ,4,4,623.4,100.47,723.87,180.97,13.88,643.68,11.56,0.0,5.0,0.0
68ca56ce86830f3d31b1b7ec6a54da3e,guaratuba,PR,5,5,599.69,123.34,723.03,144.61,17.06,414.06,4.89,0.0,4.0,20.0
c157bdeedcbc9a8e3c8bf0d87ff24428,mairinque,SP,7,7,514.27,208.7,722.97,103.28,28.87,560.84,12.14,0.0,4.43,0.0
1d503743d2526f03f0c2c89540ee008c,sao paulo,SP,12,12,516.04,204.49,720.53,60.04,28.38,609.23,10.8,8.33,3.92,16.67
525e75a6fb1454a2325ab1734bcec221,barueri,SP,9,9,607.17,112.22,719.39,79.93,15.6,274.83,6.37,0.0,3.89,11.11
9c1c0c36cd23c20897e473901a8fb149,praia grande,SP,6,6,544.97,172.07,717.04,119.51,24.0,185.92,6.22,0.0,5.0,0.0
1b4b28463457a256e9a784ebe2a8f630,piracicaba,SP,1,1,699.42,15.92,715.34,715.34,2.23,190.78,14.14,100.0,1.0,100.0
5d043cd5512d4bd2f88e5ccdd5736c38,sao paulo,SP,1,1,650.0,64.91,714.91,714.91,9.08,82.02,9.57,0.0,2.0,100.0
5a6a02f419701fc8c605af71d4fc57a4,americana,SP,10,10,600.5,113.91,714.41,71.44,15.94,234.85,5.59,10.0,4.8,0.0
a513150f33f99a06569e9cd5c4bb889b,sao paulo,SP,2,2,677.0,34.25,711.25,355.62,4.82,348.38,9.66,0.0,4.5,0.0
8c0de775f52fe41590b376a3b7c50f68,sumare,SP,8,8,594.8,112.72,707.52,88.44,15.93,383.96,6.21,0.0,4.25,0.0
cb9fb4ca75d7ba8437480e8dde64fe98,sao paulo,SP,10,10,532.14,173.42,705.56,70.56,24.58,366.31,9.25,0.0,4.0,20.0
4de6e4ba574aa9dfdc824bc44dc47fdd,colombo,PR,14,14,451.1,253.32,704.42,50.32,35.96,628.22,9.37,7.14,4.07,21.43
e601b04acf48b4576e73ddca9481f0dc,sao paulo,SP,15,15,491.94,211.0,702.94,46.86,30.02,256.94,6.85,0.0,4.07,20.0
3f9be91358837bff69df67edfa3e42e8,londrina,PR,7,7,569.7,132.36,702.06,100.29,18.85,561.84,9.84,0.0,4.43,14.29
c84592044b180dec206770c38603814b,sao paulo,SP,14,14,491.94,209.03,700.97,50.07,29.82,586.12,12.92,0.0,4.43,7.14
8a87611c08849ffeeccab52aa798b6c7,curitiba,PR,6,6,587.9,113.05,700.95,116.82,16.13,555.86,8.86,0.0,4.67,0.0
d94ba08b99bedd6a5f6c875ecc4a6fac,apucarana,PR,8,8,539.1,161.6,700.7,87.59,23.06,767.4,12.5,0.0,4.75,0.0
7a91bf945c6fae0779f1c61ce97fe45c,mesquita,RJ,4,4,634.6,65.17,699.77,174.94,9.31,756.26,43.85,25.0,4.5,0.0
89ad3263c0931c47f976d7c5778e60f6,sao paulo,SP,6,6,568.2,131.54,699.74,116.62,18.8,550.3,6.55,0.0,4.17,16.67
b44dbfbf62e52125f3c15d230569ea91,sao paulo,SP,4,4,609.37,89.69,699.06,174.76,12.83,269.44,5.0,0.0,4.75,0.0
1961c3e1272bfeceb05d0b78b5bbfdaf,guarulhos,SP,2,2,657.0,39.01,696.01,348.0,5.6,392.79,6.74,0.0,4.5,0.0
6e4a902d1054e4e17aa6eab87fac1c75,sorocaba,SP,7,7,586.57,109.13,695.7,99.39,15.69,323.67,6.74,28.57,4.14,14.29
c53bcd3be457a342a97e39e5a9f0be22,neopolis,SE,5,5,509.5,186.09,695.59,139.12,26.75,1045.2,12.38,0.0,3.2,40.0
b26741d31a563d769b4af0465ab20c56,florianopolis,SC,2,2,648.0,47.03,695.03,347.52,6.77,1806.57,12.68,0.0,4.0,0.0
af7cdac9d9897cddead9c6b08976c642,laranjal paulista,SP,6,6,543.54,150.47,694.01,115.67,21.68,500.16,15.23,16.67,3.67,16.67
c458e2045a8aa8964f8879af03fdcce6,sao caetano do sul,SP,4,4,494.91,196.79,691.7,172.92,28.45,1290.14,16.04,0.0,2.75,50.0
4be6b962d83299498bae2190f95d6566,sao carlos,SP,11,11,508.8,182.29,691.09,62.83,26.38,425.99,7.9,9.09,4.1,10.0
270d3ef21830ad0ecf3a6c53d08a533a,carapicuiba,SP,5,5,471.0,217.61,688.61,137.72,31.6,184.37,11.54,0.0,2.6,40.0
3be5841cdcc46de4ed3f9116f104b2c5,barueri,SP,4,4,599.6,88.35,687.95,171.99,12.84,412.41,8.01,0.0,4.75,0.0
c33a5c3c983090c8b78a28e65052a20d,criciuma,SC,8,8,559.2,128.13,687.33,85.92,18.64,378.46,11.57,0.0,4.12,25.0
70b52a4cfc823994561b00bad161b4ed,sao paulo,SP,8,8,585.0,100.35,685.35,85.67,14.64,134.02,12.89,0.0,4.38,0.0
26d6bbee02420494d471c9f6436929c0,curitiba,PR,12,12,434.51,247.19,681.7,56.81,36.26,954.43,8.37,0.0,4.67,0.0
48fb026ed7455a42f5d3e9390ed5088e,barra mansa,RJ,9,9,489.73,191.54,681.27,75.7,28.12,984.13,11.89,0.0,2.89,44.44
3968920b9aa752ab98f7d5888c9252f2,bauru,SP,8,8,523.3,157.71,681.01,85.13,23.16,468.51,9.64,12.5,3.88,25.0
c52c644cc0dc85121207a27013efc6af,tiradentes,MG,1,1,397.8,283.16,680.96,680.96,41.58,366.56,7.15,0.0,5.0,0.0
6879c4d287a8dd06b11f54ea8f78e4da,osasco,SP,6,6,527.67,149.46,677.13,112.86,22.07,389.58,6.82,0.0,4.33,16.67
6eeed17989b0ae47c9f11ece6f38ea90,sao paulo,SP,3,3,557.0,119.01,676.01,225.34,17.6,716.43,6.5,0.0,3.67,33.33
53336f97ddbe53e2a617d07b17447b95,sao paulo,SP,1,1,599.5,75.33,674.83,674.83,11.16,1760.77,19.43,0.0,5.0,0.0
83353a83fd769dfafa4f21a72b15e3e5,sao paulo,SP,5,5,579.5,94.83,674.33,134.87,14.06,375.26,18.56,20.0,3.8,20.0
71271995e85f5b8530be99ed54a91b89,porto alegre,RS,6,6,582.0,92.15,674.15,112.36,13.67,441.23,12.31,16.67,3.0,33.33
eddd1991bd6d9309995a480c39b95137,ponta grossa,PR,2,2,601.0,71.55,672.55,336.28,10.64,324.46,14.75,0.0,3.5,0.0
685b870da5b52a710782c9c0fefbeb5b,sao bernardo do campo,SP,2,2,627.0,43.98,670.98,335.49,6.55,360.75,39.61,100.0,2.0,50.0
ff4e2d38692ce827b1a4f4b8196e680d,sao paulo,SP,11,11,518.9,150.28,669.18,60.83,22.46,362.98,9.21,0.0,4.27,9.09
48efc9d94a9834137efd9ea76b065a38,curitiba,PR,33,33,345.6,320.4,666.0,20.18,48.11,62.74,10.79,0.0,5.0,0.0
bf961104a38e01b9062ee026bb657dee,ribeirao preto,SP,4,4,585.56,79.9,665.46,166.36,12.01,295.7,9.06,0.0,4.5,0.0
63ffcb71394dd8ea3872ed9ffda17c74,itaborai,RJ,17,17,399.0,264.72,663.72,39.04,39.88,498.6,13.25,5.88,3.18,29.41
768de2a4fc06aacecb9a586ccc30746a,brasilia,DF,13,13,442.7,221.01,663.71,51.05,33.3,814.62,14.86,0.0,4.38,7.69
4170f6a9367e6b5d6401d03ce6d54569,brasilia df,DF,4,4,568.78,93.03,661.81,165.45,14.06,927.99,24.8,25.0,4.0,25.0
b5bb2b985208834bd5bd86c7a402bbad,venancio aires,RS,2,2,621.06,38.66,659.72,329.86,5.86,1109.97,11.34,0.0,5.0,0.0
c7a0a13cbcf29d5ce51c8f80afdc0b89,laurentino,SC,8,8,483.08,174.72,657.8,82.22,26.56,524.12,10.87,0.0,4.12,12.5
4e326052e5dbba8adcd512f3450a307e,sao paulo,SP,3,3,570.0,85.96,655.96,218.65,13.1,606.23,17.97,0.0,2.33,66.67
73b8eb4a9a729d4019b24ed1be748cbf,campinas,SP,7,7,568.9,86.6,655.5,93.64,13.21,228.66,4.14,0.0,4.86,0.0
9e6967d3cf386d284251784b18ccb485,sao caetano do sul,SP,9,9,517.67,137.23,654.9,72.77,20.95,382.92,7.25,11.11,3.89,22.22
f5b44895715ddfe3087dc414f30268f3,sorocaba,SP,19,19,378.8,275.64,654.44,34.44,42.12,567.28,12.5,5.26,4.0,15.79
13c2ed7698b3ca92dad49e849219da59,ponta grossa,PR,8,8,498.61,154.68,653.29,81.66,23.68,545.48,10.89,0.0,4.38,12.5
bbaff50f3b708fda865918715276cd87,atibaia,SP,12,12,449.7,202.07,651.77,54.31,31.0,397.09,10.2,16.67,4.75,0.0
3ea00e1dea2b0659dbaf654735929220,curitiba,PR,7,7,505.0,144.97,649.97,92.85,22.3,981.46,11.45,0.0,4.86,0.0
a35ef466c6fd6d052f5d241240d3c5e2,novo hamburgo,RS,3,3,569.9,79.65,649.55,216.52,12.26,1246.2,11.83,0.0,4.67,0.0
7c1fea10b5b006671d608b1d7c446ec4,boituva,SP,14,14,423.6,224.15,647.75,46.27,34.6,733.29,16.23,7.14,4.0,14.29
2e7ea2aafec5835e781b21d6d1faf1f1,sao paulo,SP,7,7,528.4,118.22,646.62,92.37,18.28,241.9,7.16,14.29,4.5,0.0
1588ac4010787100dddef64568f0ae35,maringa,PR,3,3,599.97,46.0,645.97,215.32,7.12,529.3,19.87,0.0,3.0,33.33
bb2afe2061d53c6968aa0cffa233a8ec,sao paulo,SP,5,5,549.4,94.62,644.02,128.8,14.69,409.23,4.43,0.0,4.8,0.0
8b2d4ab22f42c5cfc338b846decfda60,fazenda rio grande,PR,6,6,458.0,185.32,643.32,107.22,28.81,782.25,15.66,0.0,4.83,0.0
c3aad7dc65449ae90a5e9c3c6c1e78e0,auriflama/sp,SP,6,6,510.0,130.36,640.36,106.73,20.36,631.76,7.49,0.0,4.67,0.0
1fe61aa5494bd3ae92a2c13e067c810f,santa cecilia,SC,1,1,537.76,100.82,638.58,638.58,15.79,530.14,7.99,0.0,4.0,0.0
f9ec7093df3a7b346b7bcf7864069ca3,sao paulo,SP,9,9,519.2,118.93,638.13,70.9,18.64,441.99,6.32,11.11,4.78,0.0
8bd0e3abda539b9479c4b44a691be1ec,tres de maio,RS,6,6,425.75,212.27,638.02,106.34,33.27,841.46,23.69,33.33,2.5,50.0
74871d19219c7d518d0090283e03c137,sao paulo,SP,6,6,550.04,87.87,637.91,106.32,13.77,116.8,3.87,0.0,5.0,0.0
b87a7ea0c30fad2dd6781b74a0064859,sao paulo,SP,9,9,515.4,122.35,637.75,70.86,19.18,676.42,15.24,33.33,3.44,33.33
1f7fd2a6fcd5a6fa5d8a4dabc72aaae0,venancio aires,RS,3,3,531.8,100.88,632.68,210.89,15.94,561.66,7.11,0.0,5.0,0.0
2953ce3a88f5e3c3b696d77fc9e4c8eb,sao paulo,SP,14,14,470.0,161.32,631.32,45.09,25.55,263.81,8.22,21.43,4.64,7.14
d197aa8fbc64087f61984deef05f6227,sao jose dos campos,SP,6,6,519.09,111.56,630.65,105.11,17.69,340.04,7.41,0.0,4.83,0.0
89bc797e2e29667aa035d4368f9b7f92,sao paulo,SP,16,16,392.4,238.04,630.44,39.4,37.76,283.35,15.39,18.75,3.88,18.75
9599519be538b98748162a2b48248960,sao paulo,SP,1,1,570.0,60.06,630.06,630.06,9.53,2466.97,22.62,0.0,1.0,100.0
b0b346d3a89f5eb4c2968af3f083cd43,campinas,SP,9,9,469.0,160.7,629.7,69.97,25.52,621.4,23.35,44.44,3.78,22.22
70125af26c2d6d4ef401a1d02ae7701f,goiania,GO,5,5,371.2,258.42,629.62,125.92,41.04,670.76,10.58,40.0,4.6,0.0
6c17baf138731a4aaacc3210adf2037b,franca,SP,4,4,538.8,89.92,628.72,157.18,14.3,391.32,7.55,0.0,5.0,0.0
c42fd8e4d47dfb18ce5222f2dd7752f9,osasco,SP,7,7,466.99,161.64,628.63,89.8,25.71,452.27,26.34,28.57,3.8,20.0
5f5a58930c3c35f3b5af264f34fb8c85,ribeirao preto,SP,3,3,560.0,68.59,628.59,209.53,10.91,688.31,7.96,0.0,5.0,0.0
385799a1cddbd26dfeb9157356a42282,sao paulo,SP,4,4,551.94,74.78,626.72,156.68,11.93,260.14,8.5,0.0,4.75,0.0
d4e4b5192cba4e0e66eb12a9d347239d,toledo,PR,11,11,431.9,193.5,625.4,56.85,30.94,1243.34,13.38,0.0,4.45,9.09
cd2169d9f31ff6fbb9ca3373b0c9e354,nova friburgo,RJ,1,1,569.0,56.33,625.33,625.33,9.01,2203.1,15.16,0.0,4.0,0.0
3d0cd21d41671c46f82cd11176bf7277,joinville,SC,9,9,447.8,174.58,622.38,69.15,28.05,445.81,12.85,0.0,4.67,0.0
7b7f91e98f8c6def45a1407923304402,osasco,SP,11,11,417.47,203.02,620.49,56.41,32.72,493.68,13.37,9.09,4.18,18.18
d7485b33791774c36108f8c69602d48d,curitiba,PR,10,10,399.82,219.32,619.14,61.91,35.42,312.04,8.89,10.0,3.7,10.0
32fdd5d44ecb43dfd6a24b9369eca144,carmo do cajuru,MG,8,8,479.2,138.68,617.88,77.24,22.44,926.92,16.07,0.0,4.38,0.0
33cbda8716511e27e556dff9d8418bf2,blumenau,SC,5,5,507.4,108.17,615.57,123.11,17.57,500.57,12.71,0.0,4.8,0.0
312ba1d77e9c332ef21f9598b7f64cd7,guarulhos,SP,7,7,513.0,102.41,615.41,87.92,16.64,349.84,25.7,57.14,3.14,42.86
4a82168aaef173cbb6e46ae88728f919,irati,PR,4,4,512.0,100.39,612.39,153.1,16.39,504.16,6.72,0.0,4.0,25.0
eb9cd5b35d95206585e2185318cb5c61,sao paulo,SP,2,2,550.0,61.55,611.55,305.77,10.06,1036.08,16.27,50.0,3.0,50.0
f524ad65d7e0f1daab730ef2d2e86196,soledade,RS,1,1,578.0,31.5,609.5,609.5,5.17,172.86,24.9,100.0,1.0,100.0
b248792ac0b60ec3f93d80af1b4fae47,sao caetano do sul,SP,7,7,454.5,153.85,608.35,86.91,25.29,588.96,6.65,14.29,3.86,14.29
fc59392d66ef99377e50356ee4f3b4e1,salvador,BA,5,5,519.99,86.97,606.96,121.39,14.33,378.99,7.95,0.0,3.6,40.0
a06c8ff043abea0528ee44171e2140a2,divinopolis,MG,8,8,514.5,92.43,606.93,75.87,15.23,278.4,3.88,0.0,4.75,0.0
08084d990eb3f53af056ccbc1730c8a7,sao paulo,SP,12,12,372.5,234.29,606.79,50.57,38.61,339.48,8.5,0.0,4.45,0.0
35b96509602ec4b7da831b5cd73ff2c2,sao leopoldo,RS,2,2,558.9,47.55,606.45,303.23,7.84,1296.49,9.13,0.0,4.5,0.0
08d1c9478fb0d7d7fcac9c0da4e82fc7,belo horizonte,MG,1,1,538.0,67.57,605.57,605.57,11.16,599.63,10.39,0.0,5.0,0.0
bc503e244f187939d10c92a5c8e378ce,birigui,SP,6,6,430.31,173.41,603.72,100.62,28.72,708.38,11.93,16.67,3.5,33.33
e1b12447a7563944843191754aeb5562,guarulhos,SP,9,9,472.46,126.67,599.13,66.57,21.14,520.12,14.48,22.22,4.44,11.11
97e995629983723d11830a829bc2b246,lorena,SP,5,5,499.5,99.37,598.87,119.77,16.59,934.74,17.01,0.0,4.8,0.0
6e13dd869aa7185f601c941423abcc8f,sao paulo,SP,5,5,522.0,76.08,598.08,119.62,12.72,370.19,4.28,0.0,4.8,0.0
e3dd723429d1b23614b7fa85e2c7a853,sao bernardo do campo,SP,7,7,471.05,126.57,597.62,85.37,21.18,299.34,13.62,28.57,3.71,14.29
7994b065a7ffb14e71c6312cf87b9de2,cariacica / es,ES,5,5,453.0,144.34,597.34,119.47,24.16,541.79,9.01,0.0,5.0,0.0
e433f5fd4050e3352b5d83522b7fe24b,arapongas,PR,1,1,548.06,48.71,596.77,596.77,8.16,502.78,7.45,0.0,4.0,0.0
20a7efa9721046319bdde5d60b6b5365,laguna,SP,3,3,501.2,95.39,596.59,198.86,15.99,928.26,19.37,0.0,5.0,0.0
ccbd753e6863fe7314dc6c0ca5a074e7,blumenau,SC,1,1,495.0,101.56,596.56,596.56,17.02,2599.29,11.86,0.0,4.0,0.0
bd15ee794d5e640d9dd71b665b2ab15b,ribeirao preto,SP,12,12,374.8,219.33,594.13,49.51,36.92,698.96,14.47,16.67,4.0,16.67
ce616e1913288884e7742faac9d981db,cotia,SP,14,14,333.3,260.15,593.45,42.39,43.84,190.16,6.78,7.14,4.43,0.0
651fe66032c9520ee5587f694908040d,alvorada,RS,7,7,464.0,128.73,592.73,84.68,21.72,991.69,6.71,0.0,4.0,14.29
b7cc6c5e001441ae8cdd5c69a480cbe4,curitibanos,SC,5,5,452.8,137.25,590.05,118.01,23.26,621.13,12.83,0.0,4.6,0.0
55029529919c0123526150bd26ca8f20,contagem,MG,7,7,453.95,134.88,588.83,84.12,22.91,806.97,8.7,0.0,4.71,0.0
35fb511489d9ee3ee27a76debce9df06,londrina,PR,7,7,414.5,172.29,586.79,83.83,29.36,775.88,16.81,14.29,3.57,14.29
7402d13c03a7e91366337cd1de471144,cambe,PR,3,3,473.89,110.9,584.79,194.93,18.96,416.42,9.9,0.0,4.33,0.0
2009a095de2a2a41626f6c6d7722678d,sao jose do rio preto,SP,8,8,388.89,193.54,582.43,72.8,33.23,458.02,8.68,0.0,4.38,12.5
e59e489e2ea74bd409b798b5daf49de3,maringa,PR,3,3,495.0,86.76,581.76,193.92,14.91,802.15,15.36,0.0,1.67,66.67
0951a6e282947e09cd47969f4ed0b47f,taboao da serra,SP,7,7,492.3,88.02,580.32,82.9,15.17,504.53,4.72,0.0,4.86,0.0
7e79d65b5c6f1f544b7daea036acf720,sao caetano do sul,SP,4,4,517.8,62.09,579.89,144.97,10.71,595.57,8.57,0.0,4.5,0.0
820c7c9eaf76d2b226b6c242bcf3f34d,sao paulo,SP,1,1,559.0,18.0,577.0,577.0,3.12,443.53,17.76,0.0,4.0,0.0
3d4824f20035949c710eaf111f869d39,sorocaba,SP,8,8,449.97,125.6,575.57,71.95,21.82,375.77,8.63,12.5,4.0,25.0
acb6c2ca5c82411c1fdb88d5fd5eb95e,sao paulo,SP,10,10,413.88,161.61,575.49,57.55,28.08,348.34,10.17,0.0,3.9,20.0
2493dc3f20131696a0ecdb9948051a8d,brasilia,DF,4,4,504.38,70.69,575.07,143.77,12.29,997.41,9.17,0.0,4.75,0.0
f22a247b79dd22ecd91dc8e3b2a1b07c,itaquaquecetuba,SP,8,8,439.94,134.9,574.84,71.85,23.47,548.85,18.03,25.0,4.0,12.5
25be943a321c8938947bdaabca979a90,sao bernardo do campo,SP,3,3,479.0,95.63,574.63,191.54,16.64,35.52,3.2,0.0,4.33,0.0
4e480be820e37de1444325ff358c9296,tres coracoes,MG,1,1,430.3,143.44,573.74,573.74,25.0,1965.67,12.11,0.0,5.0,0.0
35857757f553273b1056c1cabdace7fb,ribeirao preto,SP,6,6,454.6,118.74,573.34,95.56,20.71,567.86,18.21,33.33,4.0,16.67
b9c0ffa92f3ff9a5a3d45ef7213c0842,sao paulo,SP,3,3,490.0,82.17,572.17,190.72,14.36,1766.74,21.18,0.0,5.0,0.0
979e9f8b5b39dd243a2550c8b05aecf0,sao paulo,SP,3,3,525.0,46.88,571.88,190.63,8.2,316.7,9.34,0.0,5.0,0.0
9fc70243fb26800cba56e8f014797004,belo horizonte,MG,6,6,466.6,104.7,571.3,95.22,18.33,422.14,9.7,0.0,4.5,0.0
4cc4fd4fdd406a85bbdc1f824b731bd7,toledo,PR,1,1,539.98,31.24,571.22,571.22,5.47,300.51,8.3,0.0,5.0,0.0
2b2fed75b8e5ea3a052fc4c0825da485,juiz de fora,MG,3,3,510.9,59.93,570.83,190.28,10.5,210.89,5.57,0.0,5.0,0.0
fadb07c842a2aef5d5a676b85f220e71,sao jose do rio preto,SP,7,7,398.75,171.62,570.37,81.48,30.09,575.01,6.43,0.0,4.71,0.0
ff314fa6033cc68ec451c47aee2d6ba4,sao paulo,SP,2,2,537.9,32.44,570.34,285.17,5.69,189.13,10.69,0.0,5.0,0.0
b3f19518fcec265b2e97af287725f981,tanabi,SP,8,8,444.92,124.88,569.8,71.23,21.92,707.9,10.67,0.0,4.38,0.0
59cd88080b93f3c18508673122d26169,praia grande,SP,10,10,392.33,175.38,567.71,56.77,30.89,724.17,13.02,20.0,4.7,0.0
b080809eaacb49e5ca07290981472431,belo horizonte,MG,11,11,424.0,143.4,567.4,51.58,25.27,352.65,10.54,0.0,4.82,0.0
0c7f30ae9b147eca07affbef92832a6a,ponta grossa,PR,5,5,479.5,87.61,567.11,113.42,15.45,551.26,8.54,0.0,5.0,0.0
64cc804291f90c81f02bfc2bb58ff55a,curitiba,PR,2,2,517.6,46.54,564.14,282.07,8.25,676.49,14.76,0.0,5.0,0.0
a8739afb32aaa45e01815ca76f76f54b,sao bernardo do campo,SP,13,13,298.83,264.73,563.56,43.35,46.97,538.61,9.57,7.69,3.77,23.08
4342d4b2ba6b161468c63a7e7cfce593,rio de janeiro,RJ,2,2,528.9,34.54,563.44,281.72,6.13,952.39,15.68,50.0,1.0,100.0
09bad886111255c5b5030314fc7f1a4a,sao paulo,SP,5,5,487.5,72.86,560.36,112.07,13.0,438.93,6.47,0.0,5.0,0.0
5e49e3a44bdeb5aab2684258bbd4f525,balenario camboriu,SC,3,3,507.0,52.77,559.77,186.59,9.43,397.79,16.66,33.33,4.67,0.0
bac692d6c0ed08467878018e6cc9c26c,blumenau,SC,1,1,477.0,82.23,559.23,559.23,14.7,598.36,7.2,0.0,4.0,0.0
29e6e05b65f93bc224c644319dc52ecf,juiz de fora,MG,4,4,475.6,83.32,558.92,139.73,14.91,658.97,6.92,0.0,4.75,0.0
f1198c871e0171278b63f40d112caeec,sao paulo,SP,2,2,475.8,82.27,558.07,279.03,14.74,151.35,11.4,0.0,4.5,0.0
ea00f977a203ff88adf7057cb7806998,santos,SP,18,18,381.73,176.29,558.02,31.0,31.59,134.97,5.42,11.11,4.28,5.56
038b75b729c8a9a04b0d07cba7eabe86,sao jose dos campos,SP,2,2,467.0,90.85,557.85,278.92,16.29,1084.19,22.55,50.0,3.5,0.0
08d0949a9a17c027262db1f3c450c26c,cascavel,PR,12,12,324.8,233.04,557.84,46.49,41.78,792.82,14.33,0.0,3.75,25.0
c026ef0d72e9132d9fa112308090c8dc,rio de janeiro,RJ,1,1,520.0,37.72,557.72,557.72,6.76,386.8,11.18,0.0,4.0,0.0
48e954b2da4f6a750c844173b347ed40,porto alegre,RS,2,2,397.8,159.01,556.81,278.4,28.56,822.12,8.12,0.0,4.5,0.0
c1f12f926d0ba950578b4fa41115cbb6,sao paulo,SP,2,2,479.6,76.96,556.56,278.28,13.83,836.94,36.75,50.0,4.0,0.0
bd149ed516d4c5d418d5781f8e18919f,guarulhos,SP,8,8,414.0,141.94,555.94,69.49,25.53,407.51,8.39,0.0,4.88,0.0
a7dc4098e4da6e41b426269d12ae7e91,sao paulo,SP,2,2,518.0,36.45,554.45,277.23,6.57,107.11,6.35,0.0,3.0,50.0
0ddefe3c7a032b91f4e25b9c3a08fca1,sao bernardo do campo,SP,9,9,402.9,150.0,552.9,61.43,27.13,324.16,7.81,0.0,4.56,0.0
b6dc74ed30f124f95227bed4e43a3bed,arapongas,PR,9,9,387.56,164.33,551.89,61.32,29.78,705.13,18.04,11.11,4.67,0.0
404e1ba01358af4cd63f679b2c4d1fa1,juiz de fora,MG,8,8,373.9,177.83,551.73,68.97,32.23,539.18,8.21,0.0,5.0,0.0
7bcd7c5f8631701474db233ccf1c094b,sao paulo,SP,8,8,419.0,132.04,551.04,68.88,23.96,806.73,14.23,12.5,4.38,0.0
86ff3eaef0267069cc891a2ed9d10a17,palhoca,SC,7,7,409.75,140.61,550.36,78.62,25.55,759.44,8.96,0.0,4.71,0.0
4049512728d969bec69f84088b012416,belo horizonte,MG,7,7,389.84,160.43,550.27,78.61,29.15,499.98,10.47,0.0,5.0,0.0
5dc203c7b84a0e71e878a179de05fb9a,pompeia,SP,5,5,421.9,128.15,550.05,110.01,23.3,799.86,8.57,0.0,4.0,20.0
8fec2e460530482132c436cfb5439925,laranjal paulista,SP,3,3,468.46,80.15,548.61,182.87,14.61,438.16,21.86,33.33,4.33,0.0
fcba71d4d5db057f43249145e4eb1e27,limeira,SP,3,3,494.55,53.72,548.27,182.76,9.8,697.81,18.62,0.0,4.67,0.0
ed9eef5be0992d413d251fadba1a410d,mogi guacu,SP,3,3,404.1,143.24,547.34,182.45,26.17,585.96,10.53,0.0,4.67,0.0
265fdc289dffa9f1ad801c74f7d0de47,jaci,SP,1,1,495.0,51.55,546.55,546.55,9.43,359.76,7.36,0.0,5.0,0.0
3296662b1331dea51e744505065ae889,catanduva,SP,1,1,517.8,27.71,545.51,545.51,5.08,197.83,3.4,0.0,5.0,0.0
a53f60f05f822b5c621a50ff6a5cb362,uberlandia,MG,4,4,415.4,129.13,544.53,136.13,23.71,537.95,11.47,0.0,3.67,33.33
a2fa0bdc798ee84cdb08281337cf4fb6,florianopolis,SC,8,8,354.86,187.11,541.97,67.75,34.52,923.56,18.2,0.0,4.75,0.0
a5bff0f43eb51f0cad7c37fac7244c8a,sao paulo,SP,4,4,445.0,96.27,541.27,135.32,17.79,1028.55,15.87,0.0,4.75,0.0
f88adb15807168d3c43d71021090ce4a,porto ferreira,SP,3,3,488.8,52.26,541.06,180.35,9.66,317.69,6.37,0.0,3.33,33.33
079d295dcbf06ee8bb1b65ba964eb2b6,sao paulo,SP,5,5,349.3,190.79,540.09,108.02,35.33,904.69,8.27,0.0,4.6,0.0
2c3d56f92f360fb89d849b84e8f50eae,barueri,SP,7,7,425.1,111.76,536.86,76.69,20.82,332.68,13.62,28.57,3.43,42.86
117cfc326c6d50da67ca858ff5c0c852,sao joao de meriti,RJ,5,5,454.6,81.48,536.08,107.22,15.2,237.07,6.07,0.0,4.6,0.0
b29d3380981c51df13fc6fbe87e1763d,ribeirao preto,SP,6,6,435.3,98.58,533.88,88.98,18.46,300.95,8.03,0.0,3.83,16.67
e5899683388855d3dabe8913bbe365de,sao carlos,SP,3,3,452.88,80.98,533.86,177.95,15.17,1007.13,7.72,0.0,4.0,0.0
0249d282d911d23cb8b869ab49c99f53,sao paulo,SP,11,11,393.0,138.88,531.88,48.35,26.11,225.57,10.26,18.18,4.27,18.18
20a8b0dc55da94fe74d112082427c84f,itu,SP,7,7,407.4,123.98,531.38,75.91,23.33,606.59,8.24,14.29,4.29,14.29
6b803197e03abd5056b4313306b4f29d,sao paulo,SP,7,7,407.0,123.62,530.62,75.8,23.3,206.61,5.33,0.0,4.71,0.0
feb793c88d836c3a75efa4b5a3465d70,sao paulo,SP,1,1,466.0,64.17,530.17,530.17,12.1,6.16,5.99,0.0,5.0,0.0
83a75eea11694e36e56dd0cb2240229a,amparo,SP,3,3,487.0,42.47,529.47,176.49,8.02,374.29,4.09,0.0,5.0,0.0
ff1e15b778c700abdd4d239b81ac466d,curitiba,PR,7,7,414.3,114.86,529.16,75.59,21.71,568.32,7.55,0.0,4.57,0.0
777a0c55737f34ffeb78010f7542ab41,sao paulo,SP,6,6,452.5,75.83,528.33,88.06,14.35,487.78,4.23,0.0,4.33,16.67
ead2bab70821ea148476ae9bc08548ac,belo horizonte,MG,9,9,412.1,116.2,528.3,58.7,22.0,704.68,7.32,0.0,4.56,0.0
340636a908b13bbe0f4fb63fbe1d0c03,sao jose dos campos,SP,3,3,490.5,36.0,526.5,175.5,6.84,212.01,7.83,0.0,5.0,0.0
101a3a003516bc11253298b2fad3cb65,rio claro,SP,5,5,450.0,74.0,524.0,104.8,14.12,323.68,6.49,0.0,4.8,0.0
08f5819815f3d06545011850bd70f0a8,santos,SP,3,3,452.0,70.83,522.83,174.28,13.55,940.8,8.47,0.0,4.67,0.0
968ee78631915a63fef426d6733d7422,erechim,RS,2,2,450.0,71.67,521.67,260.83,13.74,822.48,15.26,0.0,3.0,50.0
ee2fbacc2fc3794e656cc4d933d59ce7,sao paulo,SP,2,2,464.97,53.73,518.7,259.35,10.36,1244.36,7.07,0.0,4.0,0.0
35ef5aa32949680f627efec3c23e705c,sombrio,SC,4,4,361.6,156.81,518.41,129.6,30.25,1475.81,11.07,0.0,3.75,25.0
d90fe2229fee1a5da999ccd0c06c1667,sao paulo,SP,3,3,450.0,66.91,516.91,172.3,12.94,517.83,9.82,0.0,4.67,0.0
3985a3c45be355a4c57fde108bfabd1c,rolante,RS,7,7,344.2,172.0,516.2,73.74,33.32,1308.95,11.44,0.0,4.0,14.29
c3f5668699a1b04c0fa61ecea1e2bff6,apucarana,PR,3,3,407.81,107.12,514.93,171.64,20.8,488.26,12.13,0.0,5.0,0.0
761681a821d8275bc79f552116d06869,sao paulo,SP,3,3,354.92,159.98,514.9,171.63,31.07,1117.97,8.15,0.0,5.0,0.0
41b14765bd56c8ad10971074380f9c0c,santo andre,SP,8,8,395.5,119.13,514.63,64.33,23.15,356.43,7.05,0.0,4.62,12.5
5c853bb56f70f4d14218944bae111d7a,cotia,SP,23,23,263.13,251.06,514.19,22.36,48.83,314.65,8.66,0.0,4.0,21.74
29fe9f200d3fa0c668d2aa1ec7e08dfb,balneario camboriu,SC,5,5,400.0,114.16,514.16,102.83,22.2,1015.54,10.75,0.0,4.0,20.0
c3251e13f1bbda6c74e37c160f991e19,porto ferreira,SP,2,2,437.8,75.28,513.08,256.54,14.67,1112.75,13.26,0.0,5.0,0.0
7816cd9c5b1238e320545f5bf7eb80e8,araraquara,SP,1,1,489.0,22.76,511.76,511.76,4.45,86.83,10.9,0.0,4.0,0.0
b1204cfda1d4948679db3cfc0d3cb95c,guarulhos,SP,6,6,411.2,100.05,511.25,85.21,19.57,625.91,9.83,0.0,4.33,16.67
cc80e2f693fa6e2408f47ccf62413fc1,curitiba,PR,2,2,420.0,88.63,508.63,254.32,17.43,743.89,14.15,0.0,4.0,0.0
9dd59e43f0c9f0553244e8f9c2fb247e,foz do iguacu,PR,10,10,356.3,151.82,508.12,50.81,29.88,809.14,13.14,10.0,4.8,0.0
cb0b3bcf14e0a709df412a99424a59d7,sao paulo,SP,2,2,460.0,47.43,507.43,253.72,9.35,2099.55,22.22,0.0,4.5,0.0
f4ce8ca9fa7157e3b33f536ac9a4487d,penapolis,SP,4,4,409.6,97.53,507.13,126.78,19.23,595.25,6.98,0.0,4.75,0.0
0747d5bb69f0586cc869d8af4c50f93e,saquarema,RJ,12,12,322.8,181.44,504.24,42.02,35.98,497.0,14.15,8.33,3.75,25.0
85cc55e048b6bcc90c75afe7f0e72f72,barra mansa,RJ,9,9,308.28,193.48,501.76,55.75,38.56,467.8,13.15,22.22,4.44,11.11
89de2d6f23e9746ff309705b23581faa,londrina,PR,8,8,340.0,160.08,500.08,62.51,32.01,692.8,9.64,0.0,2.71,57.14
7c4618c82226628831613e95e9c22f44,sao roque,SP,13,13,333.93,165.54,499.47,38.42,33.14,431.33,11.07,15.38,4.08,15.38
0fe2d9733ed841eb064503920015a8c0,ourinhos,SP,3,3,389.64,108.71,498.35,166.12,21.81,1086.21,8.67,0.0,4.67,0.0
ce20a2ec1514c25e16f2b5b39bc818f0,sao paulo,SP,4,4,287.0,209.03,496.03,124.01,42.14,949.29,14.24,25.0,4.75,0.0
41e0fa5761c886a630994a55c12087e7,guaruja,SP,5,5,423.6,68.31,491.91,98.38,13.89,174.1,10.24,0.0,5.0,0.0
c714262700f93defc16bf17a51a4cb23,sao paulo,SP,4,4,421.8,69.53,491.33,122.83,14.15,748.58,10.21,0.0,3.75,25.0
c24173065483e421f9e5e7f599de101d,sao paulo,SP,9,9,373.91,117.3,491.21,54.58,23.88,678.91,15.82,11.11,3.56,22.22
98115075dd26cb8835946fc6086f5d30,ao bernardo do campo,SP,4,4,434.96,56.24,491.2,122.8,11.45,284.85,4.26,0.0,4.75,0.0
a35124e2d763d7ca3fbe3b97d143200f,sao paulo,SP,4,4,411.5,78.89,490.39,122.6,16.09,472.33,10.71,0.0,4.75,0.0
939e6227d6964a11a70aa91243e418f2,conselheiro lafaiete,MG,4,4,425.0,63.25,488.25,122.06,12.95,201.61,5.34,0.0,4.25,0.0
92d14edfb62ee5ae7fdff70b0f4e7233,sao bernardo do campo,SP,8,8,322.0,165.65,487.65,60.96,33.97,295.31,8.3,0.0,3.38,25.0
f650a9708fa1bab22bdd8d3a818cc415,ararangua,SC,4,4,416.04,71.44,487.48,121.87,14.65,1085.96,15.32,0.0,4.0,25.0
dd88d13bea9e4c2bf47daf224f8141e5,lajeado,RS,1,1,458.0,29.38,487.38,487.38,6.03,54.86,5.68,0.0,5.0,0.0
ae8bfdbf1c2a2a2dee92d799db0a31c6,toledo,PR,8,8,339.92,146.22,486.14,60.77,30.08,898.54,8.87,0.0,4.12,0.0
ab27bbbad5239bc31a34709275a70db4,tatui,SP,3,3,382.9,102.15,485.05,161.68,21.06,164.65,8.46,0.0,5.0,0.0
0a82f5fb06a4fe4ac2cf7cb412ec71b8,sao paulo,SP,2,2,462.0,22.8,484.8,242.4,4.7,14.41,5.28,0.0,5.0,0.0
e546117ed9cafbc40239c0c78635c584,sao paulo,SP,2,2,456.0,28.34,484.34,242.17,5.85,246.68,6.37,0.0,4.5,0.0
e53d5b9b29d1218281f4a907ada18626,toledo,PR,4,4,350.67,133.25,483.92,120.98,27.54,1094.04,6.51,0.0,4.75,0.0
3076499bbc033a927bf4a8a41bcf7fd4,auriflama,SP,7,7,359.33,124.3,483.63,69.09,25.7,493.53,7.4,0.0,4.29,14.29
bc30de0d71bd6260b936a026b5cf7200,pedreira,SP,3,3,392.37,90.48,482.85,160.95,18.74,389.99,12.24,0.0,4.67,0.0
64c9a1db4e73e19aaafd3286dc448c96,curitiba,PR,1,1,439.0,43.6,482.6,482.6,9.03,814.18,9.47,0.0,5.0,0.0
189ca3538ce9f920cacf0f982cbe223b,sao paulo,SP,4,4,419.0,62.67,481.67,120.42,13.01,42.38,4.12,0.0,4.25,25.0
dc50afafdfa325eadc890c7fa42a8f4e,maringa,PR,4,4,424.2,57.28,481.48,120.37,11.9,406.72,6.21,0.0,4.75,0.0
0f0c984a4a955310903b6b6008660bad,franca,SP,4,4,369.81,111.57,481.38,120.34,23.18,781.21,14.24,25.0,3.75,25.0
392353362d22cc2c236e1ee81ff19890,blumenau,SC,5,5,288.7,191.97,480.67,96.13,39.94,429.47,7.73,0.0,4.6,0.0
5275ca25d0358ca73864e0ae41be1320,guarulhos,SP,4,4,409.6,69.22,478.82,119.7,14.46,164.39,7.04,50.0,4.75,0.0
042573af89b6d931f672efaf789d8358,sorocaba,SP,3,3,413.48,65.09,478.57,159.52,13.6,196.97,20.02,33.33,3.67,33.33
2bf28e311bba65237358230cabac3f15,londrina,PR,7,7,294.0,183.88,477.88,68.27,38.48,502.49,11.38,28.57,3.71,28.57
6d7f8d9d594e28796b6b3205b00f459c,curitiba,PR,3,3,417.9,59.11,477.01,159.0,12.39,313.57,15.29,0.0,3.67,33.33
a11a0e0ca67423425691db355cff69b0,indaiatuba,SP,2,2,448.9,28.08,476.98,238.49,5.89,280.73,5.53,50.0,5.0,0.0
aec99834ab5d38ead22766ada8497e87,colombo,PR,1,1,459.0,17.51,476.51,476.51,3.67,199.34,7.26,0.0,5.0,0.0
a21c11ec5c3f03e7cc9f9203bff9e1c6,santana de parnaiba,SP,3,3,385.0,90.88,475.88,158.63,19.1,815.88,9.54,0.0,3.67,33.33
ffff564a4f9085cd26170f4732393726,campinas,SP,8,8,359.0,115.35,474.35,59.29,24.32,511.18,12.5,0.0,3.25,37.5
6d2f2e3b539480db1e0842b3a4e32e6e,guarulhos,SP,3,3,305.96,168.3,474.26,158.09,35.49,39.21,6.26,0.0,3.67,33.33
34a557286ead8fe75c989e0afcf7d98c,franca,SP,4,4,414.9,58.56,473.46,118.36,12.37,291.95,8.27,0.0,4.75,0.0
b56828a9f9027f3c918c04ca720d9e3c,praia grande,SP,3,3,360.0,111.61,471.61,157.2,23.67,818.46,16.97,33.33,2.67,33.33
fc4751cfe3b279c419615b9b00c1abb4,londrina,PR,1,1,453.7,17.35,471.05,471.05,3.68,465.46,8.01,0.0,5.0,0.0
de66a66f2dd06bb9ec37aa96987466a3,rio de janeiro,RJ,7,7,353.32,115.66,468.98,67.0,24.66,504.03,15.27,0.0,4.14,14.29
1e9d5a33694bddb76316fd1f54734d20,jaciara,MT,2,2,318.0,150.94,468.94,234.47,32.19,832.35,12.25,0.0,4.5,0.0
f5fea3ffed6c2e889bab72705557c63a,rio de janeiro,RJ,1,1,345.0,123.8,468.8,468.8,26.41,1494.83,28.7,100.0,5.0,0.0
5e106d93b717c2682b9383da480364a1,santa terezinha de itaipu,PR,1,1,445.9,21.71,467.61,467.61,4.64,1224.67,7.26,0.0,5.0,0.0
4dbd95a08b31ede5c82d3f861cb1ce1a,curitiba,PR,4,4,370.78,93.14,463.92,115.98,20.08,1474.93,12.34,0.0,4.75,0.0
f12d3c2a14729ae461b920c11fe20fdc,santo andre,SP,9,9,364.45,94.87,459.32,51.04,20.65,61.8,5.31,0.0,4.44,0.0
1acde099eb406aa220b1169b188b42da,sao paulo,SP,9,9,311.1,147.4,458.5,50.94,32.15,614.75,12.08,0.0,4.22,11.11
57d2ba47f7a3209aa347532ae75c1165,sao bento do sul,SC,2,2,318.0,140.24,458.24,229.12,30.6,453.34,15.69,0.0,4.0,0.0
c7dcd301ecfe5ab7f778ac172cf74be7,belo horizonte,MG,3,3,407.79,50.4,458.19,152.73,11.0,397.81,25.35,0.0,3.0,33.33
b67d6c666e8dce1d078c882825e12704,sao paulo,SP,7,7,352.84,104.19,457.03,65.29,22.8,581.26,7.68,0.0,4.86,0.0
9b76ad3d04236f76bc71c59470305e13,boituva,SP,2,2,394.7,61.93,456.63,228.32,13.56,321.36,5.75,0.0,5.0,0.0
7b7ed56ae755e2880f2b69632e839c1e,goiania,GO,5,5,321.5,135.1,456.6,91.32,29.59,759.68,7.3,20.0,4.2,0.0
d2f3e277560ed4c6361284429b00f037,atibaia,SP,7,7,320.55,134.11,454.66,64.95,29.5,416.01,8.06,0.0,4.71,0.0
94d76e96eedd976258cd3278ce56d5f2,sao roque,SP,1,1,385.61,68.56,454.17,454.17,15.1,312.74,7.03,0.0,5.0,0.0
a45314082d50d578a4721c9787ce09ab,mirassol,SP,2,2,424.9,29.02,453.92,226.96,6.39,211.29,5.24,0.0,5.0,0.0
6bd503a8230299c9316fb0f726933927,morrinhos,GO,4,4,324.29,129.6,453.89,113.47,28.55,399.08,9.82,25.0,4.75,0.0
78ef7e885d17f35e2382a47aae8b8cce,santa cruz do sul,RS,3,3,388.0,65.44,453.44,151.15,14.43,1016.09,8.66,0.0,4.67,0.0
27a56ff04b34c2ba34ce6ba4d3b9d616,campinas,SP,8,8,349.29,102.98,452.27,56.53,22.77,432.13,12.88,12.5,4.12,12.5
7d294cf9a6a69dc6a0c3e540fff0e039,barra velha,SC,5,5,257.25,194.13,451.38,90.28,43.01,619.88,8.82,0.0,4.4,0.0
c13ef0cfbe42f190780f621ce81f2234,sao paulo sp,SP,1,1,390.0,61.28,451.28,451.28,13.58,748.87,28.06,100.0,3.0,0.0
62760d278921b5f352461620d68a9cee,salto,SP,3,3,397.0,53.1,450.1,150.03,11.8,331.96,19.68,33.33,3.67,33.33
432c67955c0acd1fd6b0b5d678766a71,sao paulo,SP,1,1,389.0,60.65,449.65,449.65,13.49,408.5,6.68,0.0,5.0,0.0
1e8c6a4c538f286aee9573239740a4b4,itatiba,SP,5,5,359.7,87.12,446.82,89.36,19.5,685.64,7.41,0.0,3.8,20.0
e627629ba868740e287800f1a9be81c2,sao paulo,SP,11,11,337.1,109.56,446.66,40.61,24.53,142.53,6.9,0.0,4.91,0.0
fe4cd9461203cee790d36792420b310f,caratinga,MG,3,3,391.15,54.38,445.53,148.51,12.21,926.44,14.35,0.0,4.0,0.0
73da1880b39c71de2b262bc7720c1494,sao carlos,SP,2,2,398.0,46.99,444.99,222.5,10.56,263.92,8.22,0.0,5.0,0.0
79565f7d5603b24ddf07ade262547f2f,araraquara,SP,7,7,346.0,98.11,444.11,63.44,22.09,510.44,13.24,28.57,4.43,14.29
d263fa444c1504a75cbca5cc465f592a,americana,SP,1,1,399.0,45.07,444.07,444.07,10.15,2313.57,9.54,0.0,5.0,0.0
e603cf3fec55f8697c9059638d6c8eb5,pelotas,RS,7,7,270.0,172.99,442.99,63.28,39.05,1196.38,6.32,0.0,4.57,0.0
fa14641f57b655e933124a9ea49cd7a5,sao paulo,SP,7,7,359.93,83.06,442.99,63.28,18.75,223.6,6.98,0.0,4.57,0.0
615005a3ef192c00c6f0e977cee3d2bc,itu,SP,10,10,286.5,155.64,442.14,44.21,35.2,559.17,13.93,20.0,3.8,30.0
5563732abe64c3036cb97ad924128dd1,guarulhos,SP,2,2,404.0,37.6,441.6,220.8,8.51,474.0,12.16,0.0,4.5,0.0
4a23adac87cf538689fa600d976f78b2,sao paulo,SP,3,3,405.0,35.41,440.41,146.8,8.04,75.25,8.56,0.0,4.33,0.0
a37c340b91cb0169e8b029db6440fba2,sao paulo,SP,5,5,345.0,94.95,439.95,87.99,21.58,702.22,11.12,0.0,4.8,0.0
b98b715fe9e276204e2a3464f48cd796,sao paulo,SP,4,4,388.6,50.93,439.53,109.88,11.59,199.57,11.32,25.0,4.0,25.0
c8660dcf9ba70575f45d80fe28c27713,sao paulo,SP,4,4,335.0,103.99,438.99,109.75,23.69,602.1,14.99,25.0,4.5,0.0
51209b446b2073894bdc0face6c73ffc,vila velha,ES,2,2,359.6,79.28,438.88,219.44,18.06,928.64,9.96,0.0,4.0,0.0
830379336fad8c6f3b15a4a3ddb5c66e,sao paulo,SP,2,2,268.0,170.38,438.38,219.19,38.87,174.67,6.13,0.0,4.5,0.0
0bfd0b434243adc5c2e1aa6baf19c6aa,rio de janeiro,RJ,6,6,371.2,65.79,436.99,72.83,15.06,672.06,8.46,0.0,3.67,16.67
184a67a8f9f63234d3a92340bbdb727f,joinville,SC,7,7,246.29,190.56,436.85,62.41,43.62,1036.41,17.62,0.0,4.29,14.29
12a8eb0f8d1cd3270695bf2a99f55966,sao paulo,SP,2,2,397.0,39.67,436.67,218.33,9.08,1271.84,20.98,50.0,3.5,50.0
9ac4f14370b1e24ddc58be041b7f99df,jaragua,GO,5,5,314.51,122.14,436.65,87.33,27.97,814.48,9.02,0.0,4.4,0.0
4e85b538b0dad58852641540686d0e14,sao jose dos campos,SP,4,4,361.98,74.36,436.34,109.08,17.04,798.6,17.23,50.0,3.75,25.0
6650fcccd8cd2f7e55ffa524f30c4c59,sao paulo,SP,2,2,339.8,96.31,436.11,218.06,22.08,169.04,8.13,0.0,3.0,50.0
61b18775be84fb700a6b2d0ba097bf66,araraquara,SP,4,4,334.5,101.51,436.01,109.0,23.28,448.68,10.58,0.0,4.75,0.0
085f6f7e049c996695fb2074fe38d45e,taubate,SP,6,6,305.4,130.56,435.96,72.66,29.95,318.44,10.56,0.0,4.0,16.67
a080fc8a850289b27500f6b49cca2553,sao paulo,SP,4,4,383.0,52.57,435.57,108.89,12.07,266.36,5.42,0.0,4.75,0.0
9d39404483343dd55c7ae254494d8388,sao paulo,SP,10,10,293.2,141.08,434.28,43.43,32.49,776.35,14.39,10.0,3.5,30.0
559d56f3b8f0bc2e5a9a62fe2ce2a39f,joinville,SC,2,2,385.0,48.72,433.72,216.86,11.23,405.93,12.3,50.0,2.5,50.0
f44bdc12aa39f5271f0b95f66cd4c289,braganca paulista,SP,5,5,357.5,74.57,432.07,86.41,17.26,224.22,11.5,20.0,3.2,40.0
c1849d4d32d7a6cecd5aa471809d3135,santo andre,SP,3,3,388.98,41.73,430.71,143.57,9.69,50.22,5.42,0.0,4.33,0.0
f7315bb81aea4ddca2d39e249a801c98,guarulhos,SP,2,2,379.8,50.28,430.08,215.04,11.69,658.01,10.21,50.0,4.5,0.0
97e4a63591ca439a2b8b7efd20e6e19e,rio de janeiro,RJ,5,5,349.95,78.55,428.5,85.7,18.33,313.46,6.43,0.0,4.4,0.0
31eec405c9bb71dec8e2629a92e764fa,cachoeiro de itapemirim,ES,5,5,256.89,170.24,427.13,85.43,39.86,1140.36,8.57,0.0,4.6,0.0
52092ddbd3a58c450a4459bf051b2287,dois corregos,SP,6,6,351.7,75.35,427.05,71.18,17.64,476.92,12.9,0.0,4.33,16.67
a64e44665225d19dfc0277eeeaaccc57,sao paulo,SP,6,6,335.0,91.76,426.76,71.13,21.5,482.75,7.93,16.67,5.0,0.0
a5dd1946fb63ada8bcaa0c9cd8f11e22,caruaru,PE,6,6,219.62,206.71,426.33,71.05,48.49,1075.63,16.94,0.0,3.83,16.67
6219ba2359cfb97f2e38fd4c321eb309,sao paulo,SP,5,5,342.6,82.55,425.15,85.03,19.42,355.53,23.71,60.0,4.0,25.0
2f4b0d3b9634b647d4edee577d7ebb7e,sao paulo,SP,10,10,337.9,84.41,422.31,42.23,19.99,29.16,6.15,0.0,4.9,0.0
b127efdabeffb5d559349c7b172eb75d,sao paulo,SP,10,10,308.5,112.77,421.27,42.13,26.77,554.86,9.85,10.0,4.8,0.0
9c3c24eca51c52b91c1de727d2a2ae06,caxias do sul,RS,6,6,307.5,113.66,421.16,70.19,26.99,739.31,10.61,0.0,4.5,0.0
63191ead8d3b2f937cd1996fdcbbad20,jundiai,SP,1,1,367.0,53.29,420.29,420.29,12.68,1900.74,11.92,0.0,5.0,0.0
b88e7c57cb2d8b973b7dd4a2bfa14b36,curitiba,PR,4,4,353.9,65.77,419.67,104.92,15.67,620.33,9.37,0.0,4.25,0.0
1b45169b635ef59425637e9a33eb5fb3,maringa,PR,7,7,308.9,110.45,419.35,59.91,26.34,544.45,7.97,0.0,4.57,14.29
3afc536624bc2e65bddfb5db33cc01f3,belo horizonte,MG,6,6,312.0,107.07,419.07,69.85,25.55,521.45,9.89,16.67,3.5,33.33
ad75519a07f039025e83795a4418470f,santa terezinha de goias,GO,3,3,302.1,115.82,417.92,139.31,27.71,656.71,9.54,0.0,3.67,33.33
03bd479e1d9484cdb14104d3023f7321,uberlandia,MG,3,3,359.7,57.72,417.42,139.14,13.83,501.78,20.47,33.33,4.33,0.0
2f4b9d112bfa44a214bc6cef085d17c8,afonso claudio,ES,5,5,293.99,119.27,413.26,82.65,28.86,1032.5,14.78,0.0,4.4,0.0
499ec63c58e51296c9cf57edcfe1c8a8,sao paulo,SP,5,5,365.0,47.93,412.93,82.59,11.61,93.86,5.23,0.0,4.8,0.0
26b482dccfa29bd2e40703ba45523702,santa barbara d´oeste,SP,3,3,344.78,67.63,412.41,137.47,16.4,320.33,3.59,0.0,5.0,0.0
8936ba0de1073ee888cb3185ae5dc661,sao paulo,SP,1,1,389.99,22.22,412.21,412.21,5.39,309.56,13.19,0.0,5.0,0.0
24c1de8d9551c0b4fbc53317d53efda8,serra redonda,PB,1,1,355.0,57.12,412.12,412.12,13.86,1928.07,12.78,0.0,5.0,0.0
a7ecf689b40a44361e259b28939023e4,vila velha,ES,1,1,389.0,21.91,410.91,410.91,5.33,467.5,10.92,0.0,5.0,0.0
f18112da765e0971ca5d510dec322bdd,brusque,SC,2,2,327.8,82.95,410.75,205.38,20.19,570.95,17.9,0.0,4.0,0.0
76de363de16dacc923eec8daf91df504,xaxim,SC,2,2,360.0,50.42,410.42,205.21,12.28,758.4,13.32,0.0,2.5,50.0
579891617139df7d8671d373f0669622,rio de janeiro,RJ,8,8,280.3,128.2,408.5,51.06,31.38,492.52,18.42,25.0,4.5,12.5
2e0dba2da448400b1c11d7b4b22f32a4,santo andre,SP,7,7,235.87,171.83,407.7,58.24,42.15,540.07,8.87,0.0,3.14,42.86
131fcb0a0c9a47bba4474aacff0f14b7,sao paulo,SP,4,4,369.8,36.61,406.41,101.6,9.01,17.66,4.3,0.0,4.0,0.0
a435b009cd956ea60748b5cfbddf2e24,franca,SP,3,3,361.18,45.21,406.39,135.46,11.12,835.41,30.41,66.67,4.33,0.0
a806a4bb063ea7ca6d374eafa50a6058,serra,ES,5,5,294.4,110.87,405.27,81.05,27.36,1084.05,12.71,0.0,4.0,0.0
152ee17e4c8aaf53dac99f3462e4999b,garuva,SC,6,6,308.96,95.97,404.93,67.49,23.7,497.48,10.74,0.0,4.33,0.0
184725737946a1a938bbbd1a9e978103,maua,SP,3,3,359.7,43.87,403.57,134.52,10.87,445.01,8.58,0.0,4.67,0.0
0743a0239d764b9a0f959a57d07e36ab,sao paulo,SP,4,4,336.96,66.26,403.22,100.8,16.43,831.02,5.36,0.0,4.75,0.0
333c4210e76a1aa2ab817b99437e3ff1,vargem grande do sul,SP,2,2,335.0,67.43,402.43,201.21,16.76,1311.4,7.16,0.0,5.0,0.0
9d489893ff6af05029671b785f54b998,leme,SP,5,5,298.7,102.54,401.24,80.25,25.56,311.85,7.29,20.0,4.0,20.0
c113b8df1fc375bc3d73d29c1b1144d1,sao paulo,SP,3,3,333.0,67.87,400.87,133.62,16.93,666.52,6.75,0.0,4.33,0.0
69a43819c758c65a5befb0b471c954d7,apucarana,PR,2,2,299.85,100.91,400.76,200.38,25.18,1471.61,12.99,0.0,4.0,0.0
a3082f442524a1be452e3189e003b361,curitiba,SP,3,3,301.6,97.65,399.25,133.08,24.46,1176.62,11.54,0.0,4.33,0.0
38af8acfd46ac4a7bf754e8ca6736664,sao paulo,SP,5,5,345.0,52.94,397.94,79.59,13.3,209.98,6.39,0.0,4.8,0.0
173d56ffbd4c56cb80fc3615487d712b,sao vicente,SP,2,2,358.0,39.61,397.61,198.8,9.96,440.75,6.84,0.0,5.0,0.0
cf1313c6e2c01c2f4b014f97db4bcd2b,rio de janeiro \rio de janeiro,RJ,5,5,315.7,81.3,397.0,79.4,20.48,464.39,8.24,20.0,5.0,0.0
d5c530f4884a75ae0dba9c148718d278,centro,MG,5,5,252.93,143.21,396.14,79.23,36.15,354.26,10.28,20.0,4.0,20.0
15ead3a5037a918ddb520dfe39a3d2b9,conselheiro lafaiete,MG,6,6,254.5,140.22,394.72,65.79,35.52,656.93,17.65,16.67,4.83,0.0
883dd81e82754ac2c65e9790a7db8c9a,curitiba,PR,5,5,319.5,74.96,394.46,78.89,19.0,462.34,7.17,0.0,4.4,20.0
da20530872245d6cd9d2f5725613c430,igrejinha,RS,2,2,314.96,79.26,394.22,197.11,20.11,710.2,10.27,0.0,4.5,0.0
e88c9b79e592e370d6bd852eeefbf057,pato branco,PR,8,8,251.87,142.11,393.98,49.25,36.07,699.95,8.44,0.0,4.75,0.0
ad87df7699e83b8a91822a4a0b765c3a,jaguariuna,SP,5,5,309.9,79.38,389.28,77.86,20.39,717.24,10.89,0.0,4.0,0.0
918717417d88a9f9ae9735567e6c7682,sao paulo,SP,4,4,345.7,43.52,389.22,97.3,11.18,261.22,8.15,0.0,5.0,0.0
44f091b5abab8018f682fce8124b85e5,sao paulo,SP,3,3,354.4,34.78,389.18,129.73,8.94,108.46,15.19,66.67,3.67,33.33
b8a0adc91af209270c2c725168eb00fd,ibitinga,SP,6,6,281.4,107.09,388.49,64.75,27.57,421.8,11.11,0.0,4.0,16.67
52bb00821bcdd358a5a5a27e1f6be5a1,osasco,SP,2,2,349.8,38.63,388.43,194.22,9.95,1024.92,15.99,0.0,4.5,0.0
df47da4ae86fa4db890d05aaf24e21d8,sao paulo,SP,5,5,310.5,77.18,387.68,77.54,19.91,403.42,7.04,0.0,4.2,20.0
249f0e9905a6e06ad6c6bea7547ab9f6,rio de janeiro,RJ,3,3,347.95,39.04,386.99,129.0,10.09,438.83,6.27,0.0,3.67,33.33
a9415cf907dfa12f9ed18693244f5329,prados,MG,1,1,210.0,175.42,385.42,385.42,45.51,143.9,11.13,0.0,5.0,0.0
48bad451945f5227341793478d6353ea,sao paulo,SP,3,3,307.0,77.49,384.49,128.16,20.15,627.85,22.08,33.33,4.0,0.0
65a7c0788e4d632ccb5e1b594b87f0bb,sao paulo,SP,3,3,266.7,117.42,384.12,128.04,30.57,291.85,11.03,0.0,4.33,0.0
6da1992f915d77be95d7fa48b36904af,sao paulo,SP,7,7,261.0,122.66,383.66,54.81,31.97,584.29,9.04,0.0,4.0,14.29
c79151301b9d90985d1fa52879213105,maringa,PR,3,3,267.1,116.34,383.44,127.81,30.34,818.93,9.06,0.0,4.67,0.0
6c1b6d0c604b776f844125f911eb7377,sao paulo,SP,4,4,327.07,56.14,383.21,95.8,14.65,488.83,17.51,0.0,4.0,0.0
b9ec22de23f18567de0e09d776ca0309,brasilia,DF,2,2,341.98,40.49,382.47,191.24,10.59,897.36,6.53,0.0,5.0,0.0
ea4e9ce63a2134743b4a92777437fcdd,palhoca,SC,3,3,316.6,65.7,382.3,127.43,17.19,591.36,10.11,0.0,4.67,0.0
2a73cba571d90c694b7caca072ccf6ce,sao caetano do sul,SP,1,1,342.78,38.7,381.48,381.48,10.14,1459.23,21.33,100.0,5.0,0.0
7dea6f73af847b42cc3985bd620f994d,cascavel,PR,2,2,324.0,56.17,380.17,190.08,14.77,1083.74,5.59,0.0,4.0,0.0
aded58c8142dedc5494a81f948431fab,rio de janeiro,RJ,4,4,289.5,89.98,379.48,94.87,23.71,312.9,8.74,0.0,3.75,25.0
86bf77bdb52e615674772d5817c6212f,viamao,RS,4,4,281.8,97.58,379.38,94.84,25.72,612.64,7.52,0.0,4.75,0.0
51f108f62cb87d61918159902c8f8583,cascavel,PR,3,3,303.73,75.03,378.76,126.25,19.81,885.85,5.97,0.0,4.33,0.0
2d22fc3089eb907b29ebff50581fb472,macae,RJ,3,3,317.7,59.69,377.39,125.8,15.82,662.91,9.62,0.0,3.67,0.0
3d01d1c414c44b5943a09619ff3853cb,campinas,SP,4,4,303.6,73.22,376.82,94.21,19.43,1329.09,13.83,0.0,4.5,0.0
8fd3b4468f6425810648177996c14cbd,sao jose do rio preto,SP,1,1,354.9,21.67,376.57,376.57,5.75,542.08,9.97,0.0,5.0,0.0
debe6615cd90cc0c2eac2b8988e1f628,sao paulo,SP,5,5,278.5,95.53,374.03,74.81,25.54,754.57,11.6,0.0,4.6,0.0
9b00cad94ef3078faf6fba2e792c158f,janauba,MG,1,1,354.9,18.92,373.82,373.82,5.06,1500.08,19.4,0.0,5.0,0.0
e83e93b71371817b11d78a63ff156aee,barueri,SP,2,2,286.0,87.38,373.38,186.69,23.4,258.05,15.81,0.0,4.5,0.0
a7a9b880c49781da66651ccf4ba9ac38,itirapina,SP,3,3,307.6,65.47,373.07,124.36,17.55,256.47,9.48,0.0,3.67,0.0
b7d5b4b87af9d42b601865d3f3810bff,florianopolis,SC,1,1,350.0,20.69,370.69,370.69,5.58,716.0,8.63,0.0,3.0,0.0
c76d418370990614e89e956c7a7567d9,taboao da serra,SP,2,2,305.24,64.53,369.77,184.88,17.45,1286.41,10.55,0.0,3.5,0.0
9cf787a239c1aa29dbd76f153dc13f9a,franca,SP,4,4,316.0,52.4,368.4,92.1,14.22,319.65,6.56,0.0,4.75,0.0
6d1b9c9579132c87d2703ec38c30f2c5,curitiba,PR,4,4,299.69,67.7,367.39,91.85,18.43,577.73,9.3,0.0,4.5,0.0
0cab2da43793a6f3c5ed8514c5f54627,curitiba,PR,3,3,309.7,57.2,366.9,122.3,15.59,540.7,5.01,0.0,5.0,0.0
3a3e46d10f74d8a6ca76e2b538f106a0,sao paulo,SP,2,2,299.9,66.67,366.57,183.28,18.19,620.94,19.49,50.0,4.5,0.0
12c2ed9cded6138cf0c75f525f565fc7,praia grande,SP,4,4,314.96,51.05,366.01,91.5,13.95,144.15,13.44,50.0,4.25,0.0
6dc9bec584588412a6a338830946a3e4,sao paulo,SP,1,1,280.0,84.96,364.96,364.96,23.28,1875.73,21.72,0.0,2.0,100.0
8c9348f33ae3dada25c99c99ade2af78,carapicuiba,SP,2,2,312.99,51.94,364.93,182.46,14.23,1017.15,10.17,0.0,5.0,0.0
7957cac1a02f45d0a4a7e45626382ec2,curitiba,PR,1,1,343.0,21.64,364.64,364.64,5.93,705.55,26.32,0.0,4.0,0.0
2b402d5dc42554061f8ea98d1916f148,irece,BA,1,1,299.89,63.9,363.79,363.79,17.57,1470.83,6.0,0.0,5.0,0.0
4b98b0428fc1932cc2514ef9ce2505e6,taboao da serra,SP,2,2,327.63,35.8,363.43,181.72,9.85,576.26,22.57,50.0,3.0,50.0
f8d5c7085db9a4ad2b8c1ffbeb2798c8,sao paulo,SP,6,6,263.0,100.41,363.41,60.57,27.63,947.05,12.53,0.0,5.0,0.0
2b3b9ce054da76a7428df143a567b156,sao paulo,SP,5,5,301.0,62.28,363.28,72.66,17.14,426.06,8.19,0.0,3.6,20.0
dbbcfe2c8d026742134ac3e28ccde274,curitiba,PR,4,4,308.59,54.38,362.97,90.74,14.98,255.24,8.29,0.0,4.0,25.0
6179a28a13a726c29b3bf54c070dccab,varginha,MG,1,1,300.0,61.27,361.27,361.27,16.96,2715.95,25.23,0.0,5.0,0.0
2c538755f1ca9540af144f266e70df6c,castro pires,MG,1,1,334.99,24.92,359.91,359.91,6.92,716.84,6.56,0.0,5.0,0.0
dcf3755cefcdc158ad0b7bdde51e871b,cachoeira do sul,RS,3,3,269.7,89.33,359.03,119.68,24.88,995.94,13.25,0.0,4.0,0.0
ec8463980a4e0ea9f8517aea1ed0c419,florianopolis,SC,2,2,239.2,118.76,357.96,178.98,33.18,365.47,11.23,50.0,5.0,0.0
ea3ebea5317b0efbc663ecc8ce5e9bc2,florianopolis,SC,3,3,299.7,57.65,357.35,119.12,16.13,631.53,9.39,0.0,4.0,0.0
1703bc09972dab9782e7a9194943b69f,minas gerais,MG,1,1,249.9,106.21,356.11,356.11,29.83,1769.64,12.13,0.0,5.0,0.0
bbe87dce25ba8b38bb61cc7210a3f10b,sao joao da boa vista,SP,2,2,287.0,68.39,355.39,177.7,19.24,793.95,6.26,0.0,5.0,0.0
b76a1f8356322f12529c37b67d5c96c2,santos,SP,5,5,298.5,56.39,354.89,70.98,15.89,192.78,7.47,0.0,4.8,0.0
a81466620e46a6970b22ef40379fdfc9,sao ludgero,SC,2,2,321.8,32.98,354.78,177.39,9.3,497.32,7.19,0.0,5.0,0.0
adbe70ab2c97442046d393988c8d1d27,maua,SP,5,5,289.5,65.15,354.65,70.93,18.37,306.16,7.19,0.0,5.0,0.0
eebb3372362aa9a46975164bed19a7e7,sao paulo,SP,4,4,295.96,58.65,354.61,88.65,16.54,671.37,52.58,50.0,3.25,25.0
d149de2f383552baea37a7198c2296ce,sao paulo,SP,3,3,320.7,33.67,354.37,118.12,9.5,177.95,4.89,0.0,5.0,0.0
4dc646b9b9e8e411ef48ba000ea3ac6f,valinhos,SP,4,4,289.7,63.56,353.26,88.32,17.99,250.94,11.46,25.0,2.75,50.0
ba89796db68db180bd389de96b2ff3b6,sao paulo,SP,2,2,309.8,43.46,353.26,176.63,12.3,297.03,8.6,0.0,5.0,0.0
7f35f9daf223da737b78738fbae4d977,valinhos,SP,5,5,252.0,101.01,353.01,70.6,28.61,837.66,7.87,0.0,4.0,20.0
0ec28cec4046a4a199b6de9b4c891d97,goiania,GO,3,3,296.6,56.04,352.64,117.55,15.89,541.09,10.47,0.0,5.0,0.0
77714512e8d4dda9c234da8e3faf16e4,guarulhos,SP,4,4,243.4,105.58,348.98,87.24,30.25,927.8,12.18,0.0,4.25,0.0
46ef1a25845fc051c2998d878354810c,claudio,MG,5,5,250.41,98.04,348.45,69.69,28.14,320.58,16.85,20.0,4.4,0.0
4e0d109ccfba9a1151c103049880c857,sao joao de meriti,RJ,2,2,279.89,67.84,347.73,173.86,19.51,1211.81,19.23,0.0,3.0,50.0
5236605f4d4b0b3e4df85b850393fca0,sao paulo,SP,5,5,265.3,82.18,347.48,69.5,23.65,572.8,10.49,20.0,4.8,0.0
eb9267cccc90f1b49c8d2f9887c7dd97,recife,PE,1,1,319.9,26.37,346.27,346.27,7.62,2127.04,7.81,0.0,5.0,0.0
508808d438fe2ff972ed13bb8f4a82e2,sao paulo,SP,9,9,234.84,111.2,346.04,38.45,32.14,282.54,4.81,0.0,4.67,0.0
71593c7413973a1e160057b80d4958f6,sao paulo / sao paulo,SP,2,2,299.5,45.85,345.35,172.68,13.28,33.51,9.13,0.0,3.0,50.0
c286ec035ee04ba81c97508f0b5df544,curitiba,PR,1,1,294.0,50.67,344.67,344.67,14.7,834.42,14.24,0.0,4.0,0.0
2d9e8987a2ea5cf88dce330249043ff1,jaci,SP,2,2,239.8,104.37,344.17,172.08,30.33,387.7,8.9,0.0,4.5,0.0
d36b07fd3c5088e477a72d1fccfe29d4,itapetininga,SP,1,1,328.9,10.96,339.86,339.86,3.22,404.49,13.24,0.0,5.0,0.0
94c49f20a123aeb9360dbf80ff912bf6,sorocaba,SP,3,3,277.75,61.54,339.29,113.1,18.14,620.4,14.15,0.0,3.67,33.33
19a7c9f66ffa6452ff4b4c0cca71da27,itaipulandia,PR,1,1,279.0,59.74,338.74,338.74,17.64,2072.58,25.19,0.0,5.0,0.0
e94b64dc6979b302a5a5be1662c83bb6,itapecerica da serra,SP,2,2,306.89,31.74,338.63,169.32,9.37,787.24,9.01,0.0,5.0,0.0
33d677f27a69b84051204ee4ae76eaca,joinville,SC,9,9,165.0,173.49,338.49,37.61,51.25,388.98,8.83,0.0,4.56,11.11
e819bcfade7b5d88a27325eb6cfd62c5,guarulhos,SP,5,5,202.9,135.35,338.25,67.65,40.01,210.39,9.98,20.0,4.2,20.0
c5ebe6598748b0aeaa61cfb820478b92,lajeado,RS,3,3,297.0,40.17,337.17,112.39,11.91,362.09,4.9,0.0,4.67,0.0
c70a353f02429c00775a46a75fb787da,sao paulo,SP,6,6,242.0,94.94,336.94,56.16,28.18,1056.56,6.76,0.0,4.67,0.0
c0f783394e37cd9c9d7f5f81141450fa,piracicaba,SP,6,6,249.4,87.35,336.75,56.12,25.94,394.9,13.17,0.0,3.6,20.0
e83c76265fc54bf41eac728805e4da77,aracatuba,SP,8,8,237.3,99.19,336.49,42.06,29.48,563.48,32.6,12.5,3.62,12.5
d9d43faf741ceaa8da52fdbb81d9e0e3,juiz de fora,SP,4,4,161.0,174.79,335.79,83.95,52.05,1009.79,9.14,0.0,4.0,25.0
3b18f9856c6eb2413eafedb58e9eecd9,santo andre,SP,1,1,315.0,20.09,335.09,335.09,6.0,362.55,9.18,0.0,5.0,0.0
baa49d93c8c8841e27400a300f5d74b2,sao jose,SC,6,6,246.4,88.02,334.42,55.74,26.32,539.91,12.28,16.67,4.5,0.0
20611af7866c6068fd5ae1f9dbe15c92,porto ferreira,SP,2,2,219.8,114.5,334.3,167.15,34.25,451.67,8.54,0.0,4.5,0.0
21d59342ba150175ca2aa4f8faddeca6,itaquaquecetuba,SP,2,2,259.9,74.39,334.29,167.14,22.25,1137.83,8.62,0.0,4.5,0.0
94b9108d4b637ba65bb4f1e53cfcf8d8,guarulhos,SP,7,7,234.96,99.13,334.09,47.73,29.67,307.88,17.02,14.29,4.43,14.29
c611f4ce9ce875bcc063fa97fd4d7d12,atibaia,SP,1,1,319.0,13.25,332.25,332.25,3.99,47.88,4.07,100.0,4.0,0.0
83c465a786b06574376909b35ef6752a,sao carlos,SP,3,3,281.4,49.06,330.46,110.15,14.85,283.93,5.27,0.0,5.0,0.0
09883d9ab71c8fe8a9bfc7fc3075b07e,sao paulo,SP,4,4,269.6,60.49,330.09,82.52,18.33,601.09,14.44,25.0,4.0,25.0
14f2b3587172b9db894c9bad8dab520b,ipe,RS,2,2,244.0,86.06,330.06,165.03,26.07,526.05,14.03,0.0,2.5,50.0
661ad5fcc28cdfb8bcadb12bb2272475,balneario camboriu,SC,4,4,209.93,119.78,329.71,82.43,36.33,558.33,12.39,0.0,5.0,0.0
5733d806668f8712c24b9abaefbfa642,chapeco,SP,2,2,243.8,85.88,329.68,164.84,26.05,1521.45,15.0,0.0,5.0,0.0
bc39d8938f90a3a2b98193723ed59774,cajamar,SP,2,2,306.8,22.31,329.11,164.56,6.78,38.9,4.55,0.0,4.0,0.0
bdb3edbaee43a761e2d4f258dc08f348,lencois paulista,SP,5,5,259.5,68.86,328.36,65.67,20.97,296.01,11.95,20.0,3.8,20.0
48b6c3f4c6a93171da04b75313f2130f,osvaldo cruz,SP,2,2,290.26,37.8,328.06,164.03,11.52,763.28,24.13,0.0,5.0,0.0
0761743cbffb25d7148189e9f1a5f03a,ribeirao preto,SP,3,3,241.2,86.2,327.4,109.13,26.33,359.83,13.14,0.0,4.67,0.0
ede2977fbaf3738583170735ca403f6c,curitiba,PR,1,1,289.9,37.35,327.25,327.25,11.41,1031.33,14.98,0.0,5.0,0.0
f410c8873029fcc3809b9df6d0b28914,caxias do sul,SP,2,2,289.8,37.3,327.1,163.55,11.4,556.7,7.7,0.0,5.0,0.0
10264f60a8f0a4d2f30810f5c661c673,campinas,SP,4,4,284.6,41.86,326.46,81.62,12.82,146.75,4.13,0.0,5.0,0.0
5194c22ed1f616ec0c0f33c571542879,santa rita do sapucai,MG,4,4,245.6,80.85,326.45,81.61,24.77,663.21,12.32,0.0,4.25,0.0
9b1ab052f5fca308ba743ac789ebb2e1,pitanga,PR,2,2,294.09,31.99,326.08,163.04,9.81,553.16,10.21,0.0,4.0,0.0
ebd1417732defaf66c50b5a800eb293e,londrina,PR,1,1,309.0,16.33,325.33,325.33,5.02,466.98,6.12,0.0,5.0,0.0
25debeafbce801fdd479539350185eee,igaracu do tiete,SP,5,5,237.85,87.12,324.97,64.99,26.81,394.01,14.98,0.0,3.0,40.0
2ee0a0689f2f6a72f35a7cb6033f6e7e,presidente prudente,SP,4,4,272.0,52.84,324.84,81.21,16.27,574.98,9.68,0.0,4.0,0.0
aa762680c40618316a896838866140ea,curitiba,PR,3,3,261.0,62.46,323.46,107.82,19.31,1454.51,22.56,33.33,3.33,33.33
ea1776927851da2532aa70d6a32c095a,sao paulo,SP,2,2,283.9,38.18,322.08,161.04,11.85,522.13,8.66,0.0,3.5,50.0
28fb0829fd777877cdc350d25cb5bd5b,sao jose do rio pret,SP,2,2,279.8,42.08,321.88,160.94,13.07,713.48,14.08,0.0,5.0,0.0
252e76235acb79183cfca6e34f13337d,campinas,SP,3,3,261.2,60.57,321.77,107.26,18.82,539.03,14.13,0.0,3.33,33.33
6bb66d9870c2e01c05655c7ed0e7ee13,sao paulo,SP,3,3,269.0,52.02,321.02,107.01,16.2,962.54,8.32,0.0,3.67,33.33
c9e5ad1f6647f5dbd1172adf6ae3cada,porto alegre,RS,4,4,259.03,60.95,319.98,80.0,19.05,901.16,9.25,0.0,4.75,0.0
d73cbd89533ce8b041a9190241453ac8,guiricema,MG,3,3,268.7,50.59,319.29,106.43,15.84,619.27,12.22,0.0,4.33,0.0
9539213aa8e023c01937bef95dc006da,sao paulo,SP,9,9,229.1,89.94,319.04,35.45,28.19,144.18,11.79,33.33,4.56,0.0
f626e15b7314c267e4429010866f70e9,marechal candido rondon,SP,5,5,193.55,125.47,319.02,63.8,39.33,810.19,9.95,0.0,3.8,20.0
b76f4d90e85657a240495c876313adc5,hortolandia,SP,1,1,299.0,19.3,318.3,318.3,6.06,90.8,2.66,0.0,5.0,0.0
422be4cc81a457fdb46f47edeb968ae5,ibitinga,SP,1,1,239.9,77.47,317.37,317.37,24.41,320.81,18.14,0.0,5.0,0.0
c3fe93ba3085f92855c97e57f38c8c05,curitiba,PR,6,6,219.0,98.18,317.18,52.86,30.95,566.0,13.22,0.0,5.0,0.0
6c6e3d67f969468f3bfd33f827a31222,maringa,PR,5,5,224.0,92.41,316.41,63.28,29.21,466.69,8.51,0.0,4.8,0.0
53088c75f948b48a7ece173ac17f0c12,triunfo,RS,3,3,261.7,54.53,316.23,105.41,17.24,1120.76,10.96,0.0,5.0,0.0
8dfbc5ff27df12f6cef751d3b9554222,curitiba,PR,4,4,226.0,90.12,316.12,79.03,28.51,571.14,10.07,0.0,4.5,0.0
791cfcfe22fe4a771ece27f90017da92,ribeirao preto,SP,1,1,298.13,17.85,315.98,315.98,5.65,511.96,28.21,100.0,1.0,100.0
485452467ff670447e84a8370c3fc898,taio,SC,3,3,175.7,139.74,315.44,105.15,44.3,429.93,14.23,0.0,4.67,0.0
04ee0ec01589969663ba5967c0e0bdc0,lajeado,RS,1,1,289.49,24.83,314.32,314.32,7.9,397.44,3.07,0.0,5.0,0.0
31be790e64fc99f8ff48ec2bd18a3104,sao bernardo do campo,SP,6,6,241.4,72.28,313.68,52.28,23.04,109.57,6.49,33.33,4.33,0.0
87d73636a3acf123e842bb890a4db036,nhandeara,SP,1,1,269.9,43.71,313.61,313.61,13.94,492.85,13.0,0.0,5.0,0.0
f00f5b35d0abcacbdd863672f4bb2c1a,sao paulo,SP,1,1,299.0,14.43,313.43,313.43,4.6,77.38,12.16,0.0,4.0,0.0
5721089ba9214e80074f27d5a03fc0eb,sao paulo,SP,5,5,245.93,66.64,312.57,62.51,21.32,214.43,7.44,0.0,5.0,0.0
a9ae440659f48b7849df83e82734150b,santo andre,SP,1,1,285.0,27.02,312.02,312.02,8.66,2725.52,13.34,0.0,5.0,0.0
94ca168e8bcb407ab85c5da308863027,clementina,SP,5,5,224.3,87.36,311.66,62.33,28.03,963.49,12.49,0.0,5.0,0.0
72146da5774cabf2632faedcae097a76,marechal candido rondon,PR,4,4,200.94,110.49,311.43,77.86,35.48,744.22,35.94,25.0,4.0,25.0
08ad4ac1388e4420ca531c3edfc46198,itapevi,SP,6,6,221.62,89.05,310.67,51.78,28.66,222.91,6.37,0.0,2.83,50.0
9853a239ab7b7ebbdc3a21248d5b8e1f,campo largo,PR,4,4,242.0,68.2,310.2,77.55,21.99,670.94,17.96,25.0,3.75,25.0
d594982fd877af63ace38ea1fca27c76,sao paulo,SP,7,7,217.04,92.66,309.7,44.24,29.92,419.57,8.09,0.0,4.43,14.29
13d95f0f6f73943d4ceffad0fc2cd32c,goiania,GO,1,1,249.99,59.33,309.32,309.32,19.18,830.08,22.34,100.0,3.0,0.0
446cc09cdbb130904da114e807dbec40,sao paulo,SP,3,3,252.8,54.17,306.97,102.32,17.65,67.88,4.27,0.0,4.67,0.0
3c88ed2e76a2247933a15daa7161eb1c,cosmopolis,SP,1,1,155.0,151.2,306.2,306.2,49.38,766.16,19.91,0.0,5.0,0.0
d2572f31e9023e9850ef986a636ff9bf,belo horizonte,MG,1,1,279.0,26.69,305.69,305.69,8.73,798.16,10.13,0.0,5.0,0.0
85044848b1b767db2a4a58526adef4b4,osasco,SP,4,4,240.6,64.91,305.51,76.38,21.25,855.87,8.79,0.0,3.25,25.0
9c54608f0996c32ae4743089d915f845,loanda,PR,3,3,194.8,109.92,304.72,101.57,36.07,1537.53,12.22,0.0,4.0,0.0
aadfe0417e61315688b6bd7043361e25,goiania,GO,1,1,289.9,14.28,304.18,304.18,4.69,185.61,6.48,0.0,4.0,0.0
f682e0f848abafc6f41e0d4e868c66ef,mairipora,SP,2,2,269.98,34.02,304.0,152.0,11.19,739.09,19.7,50.0,3.5,0.0
fb8904a8ea99f8831b64ce27db2c1765,sao caetano do sul,SP,2,2,278.0,24.36,302.36,151.18,8.06,70.75,11.16,50.0,4.5,0.0
ebef8d8c92b4fd3226e5d407bbff21ac,ribeirao preto,SP,3,3,253.7,48.36,302.06,100.69,16.01,315.42,40.12,33.33,2.67,33.33
353e21e8bf8de2722b4fae1636664b76,canoas,RS,4,4,208.0,91.89,299.89,74.97,30.64,841.99,9.11,0.0,2.5,50.0
f419677537694f0462a91990df6ca44f,sao bernardo do campo,SP,6,6,220.5,78.78,299.28,49.88,26.32,522.25,14.25,16.67,4.0,16.67
c990d6cf976a5718aaedc539f383ab88,paulinia,SP,8,8,183.1,115.35,298.45,37.31,38.65,495.53,19.76,37.5,3.62,25.0
f9bbdd976532d50b7816d285a22bd01e,sao paulo,SP,2,2,268.0,30.37,298.37,149.18,10.18,850.4,14.89,0.0,5.0,0.0
534a01cc6df1e034e05c32028a291fa2,jundiai,SP,5,5,235.59,59.86,295.45,59.09,20.26,359.0,10.69,0.0,4.4,0.0
85ecf03781da592876b7844acc1b729f,sao paulo,SP,2,2,251.0,43.9,294.9,147.45,14.89,1537.24,15.55,50.0,4.5,0.0
32f1bb9dfa65bc7df5c0d9d95a616be4,sao paulo,SP,4,4,246.49,48.31,294.8,73.7,16.39,182.64,6.59,25.0,4.0,25.0
88ef59b51bdaa941d10a853429f2b6ce,guaratuba,PR,2,2,252.9,41.8,294.7,147.35,14.18,534.79,6.2,0.0,2.0,50.0
0e44d110fa6a54e121cb2c095a77762f,francisco morato,SP,6,6,223.32,70.06,293.38,48.9,23.88,252.02,12.0,16.67,4.33,16.67
58c851d1a3c7cd3da329eb59453fed44,rio claro,SP,2,2,268.99,24.27,293.26,146.63,8.28,124.81,4.61,0.0,5.0,0.0
1e26c56af8d48424e1df0140a2401f83,jaguariuna,SP,2,2,258.9,33.49,292.39,146.2,11.45,615.28,5.25,0.0,5.0,0.0
1e47defeeadeca0e9a18fa5a9311e735,catanduva,SP,3,3,234.12,57.5,291.62,97.21,19.72,838.74,12.02,0.0,5.0,0.0
8060d731897e33b5c5ae575ce1e209e1,blumenau,SP,5,5,199.5,91.45,290.95,58.19,31.43,471.49,7.8,0.0,4.8,0.0
42b6488f5b8246d9141712abd4b1b693,maringa,PR,2,2,247.99,41.81,289.8,144.9,14.43,750.71,7.9,0.0,4.0,0.0
bab0a8cd684e41ba6e2637dca0979d3b,rio de janeiro,RJ,1,1,269.9,19.14,289.04,289.04,6.62,737.76,13.32,0.0,5.0,0.0
8ccf3cf69651cc1d8a02c8bfaf3b8568,rio claro,SP,2,2,250.0,38.63,288.63,144.32,13.38,1520.18,25.71,50.0,3.5,0.0
88ae906ea2acf6971f26c3e8b7cb4357,sao paulo,SP,3,3,246.0,42.01,288.01,96.0,14.59,632.89,15.09,33.33,3.33,0.0
10cdd491d1dbea8fb4ead97b19c334ce,santa rita do sapucai,MG,3,3,208.9,78.86,287.76,95.92,27.4,828.22,7.09,0.0,5.0,0.0
6548c2550b6e2d8f18053216e1c7b6f3,diadema,SP,3,3,217.7,69.85,287.55,95.85,24.29,413.61,6.49,0.0,5.0,0.0
e88f7a2995ba184710d339c5c4bf2e30,votuporanga,SP,2,2,251.6,35.91,287.51,143.76,12.49,991.2,10.83,0.0,5.0,0.0
57fe6232e67823593374a2281d7a8af8,capivari,SP,8,8,178.68,105.36,284.04,35.5,37.09,266.22,9.58,0.0,4.75,0.0
ec5c1d94df153d473b37f880977ae58e,rio de janeiro,SP,2,2,199.67,84.07,283.74,141.87,29.63,1105.17,10.32,0.0,2.0,50.0
483ca627d131e18f988349b1655c0acd,mogi mirim,SP,1,1,264.0,19.73,283.73,283.73,6.95,364.13,15.34,0.0,5.0,0.0
ab9db4cf53b08b828b64dccaafc2d9f0,paraiso do sul,RS,4,4,177.78,105.82,283.6,70.9,37.31,946.16,11.72,0.0,5.0,0.0
ae45ad30c2d2e5913094769690a239d2,franca,SP,1,1,251.8,31.26,283.06,283.06,11.04,685.84,19.2,0.0,5.0,0.0
28405831a29823802aa22c084cfd0649,sao paulo,SP,6,6,210.0,72.83,282.83,47.14,25.75,453.13,7.19,0.0,4.5,0.0
50bf89f1349bc0409a268c3a49678009,jaci,SP,1,1,179.9,102.57,282.47,282.47,36.31,703.43,9.62,0.0,5.0,0.0
d7b2377bae6ace1b11fc69a11900ac36,sao paulo,SP,3,3,239.7,42.52,282.22,94.07,15.07,375.72,19.54,33.33,3.67,33.33
2d2322d842118867781fc737e96d59a1,sao paulo,SP,8,8,176.4,104.97,281.37,35.17,37.31,291.51,8.09,12.5,4.88,0.0
984c273121e743dd14767befe6cb17f5,americana,SP,1,1,259.6,21.31,280.91,280.91,7.59,896.65,33.85,100.0,1.0,100.0
4ea2f12dbe91deeacd2c1e74f069a6e6,sao paulo,SP,4,4,210.2,70.07,280.27,70.07,25.0,552.88,9.46,0.0,4.75,0.0
23ca5f678e0b3ea6c630b30fa8bf51ea,sao paulo,SP,6,6,183.0,96.39,279.39,46.56,34.5,342.64,7.27,0.0,5.0,0.0
5e25c632f9db6cfb8bc100421c2737b6,chapeco,SC,1,1,259.0,19.91,278.91,278.91,7.14,714.63,6.05,0.0,5.0,0.0
e45edf75f568ed2f93f78d060e246e25,rio de janeiro,RJ,6,6,164.3,113.92,278.22,46.37,40.95,527.99,12.35,16.67,4.17,0.0
5d505d2298ad549e4e4e835562fa0c1e,birigui,SP,2,2,249.8,28.34,278.14,139.07,10.19,566.11,5.9,0.0,5.0,0.0
954e95f20808d7e5d11f0de292d078e0,joao monlevade,MG,3,3,158.78,119.18,277.96,92.65,42.88,644.84,9.14,0.0,4.67,0.0
70f7e8018e3d46c748c92f026aa2585a,sao paulo,SP,1,1,239.8,37.88,277.68,277.68,13.64,582.32,7.03,0.0,5.0,0.0
3fadb4cba4c35bce6a7eaf9872d5623a,caxias do sul,RS,3,3,209.5,68.02,277.52,92.51,24.51,508.88,9.26,0.0,3.33,33.33
75745ef7bc7d4f3ea3380f6f5303f514,brasilia,DF,3,3,228.4,48.92,277.32,92.44,17.64,891.49,5.69,0.0,5.0,0.0
0af977692321d895349eded183341d28,santos,SP,2,2,257.75,19.47,277.22,138.61,7.02,50.0,2.54,0.0,4.5,0.0
3d49bfdd1b43a7fe169b3740067acc61,montes claros,MG,3,3,215.0,61.82,276.82,92.27,22.33,833.68,8.76,0.0,4.67,0.0
05e107217c7266362fd44b75b2cd4cc4,sao paulo - sp,SP,5,5,193.38,82.01,275.39,55.08,29.78,604.94,8.19,40.0,4.2,0.0
5e9f5bd34e0830569f05c9d4f56e04a8,porto alegre,RS,2,2,239.98,34.88,274.86,137.43,12.69,762.67,10.03,0.0,4.5,0.0
e64882b4ef12aee8d0faca4db5b681f4,goiania,GO,1,1,230.0,43.22,273.22,273.22,15.82,1213.17,25.01,0.0,4.0,0.0
929f342384a6607afe143d789ade1316,londrina,PR,4,4,209.4,63.36,272.76,68.19,23.23,412.16,4.5,0.0,5.0,0.0
c0aff2da32c17759d30b22fb0af6649d,florianopolis,SC,4,4,188.8,83.53,272.33,68.08,30.67,638.03,7.76,0.0,3.75,0.0
d9cb0052a666de5308b32f32ad5f1b1c,olimpia,SP,3,3,231.9,38.59,270.49,90.16,14.27,428.07,13.01,0.0,3.67,33.33
28c7d8743fbc8679f484868cc0fcaefb,itaporanga,SP,3,3,201.5,68.86,270.36,90.12,25.47,1114.5,13.52,0.0,5.0,0.0
4c1c7281388a33dd06daac44f9fadbd1,marilia,SP,5,5,188.32,81.59,269.91,53.98,30.23,491.79,8.79,0.0,4.8,0.0
e5d4b2b0c3bca22085f7a19a28de0c42,joinville,SC,4,4,205.8,63.76,269.56,67.39,23.65,658.82,12.68,25.0,4.5,0.0
1e483cc5c76fef08d3ca05f9a8af7d01,sao paulo,SP,9,9,166.09,102.28,268.37,29.82,38.11,132.69,8.49,0.0,4.44,0.0
1c56ffe0e9dea2657fc6e95b53f40b13,sao carlos,SP,3,3,183.0,84.39,267.39,89.13,31.56,1001.86,6.68,0.0,4.33,0.0
4b90495391ac0bd181a80a459df1e718,bage,RS,1,1,248.0,18.11,266.11,266.11,6.81,369.82,11.88,0.0,4.0,0.0
33ab10be054370c254ddfcf0a6253422,rio de janeiro,RJ,4,4,213.2,52.33,265.53,66.38,19.71,438.51,5.81,0.0,5.0,0.0
cb32766839f443db85c82a43c4a6c19e,rio claro,SP,2,2,234.0,31.51,265.51,132.76,11.87,547.69,19.47,0.0,3.0,50.0
5f0057b677eb963672bf05dfa3f16c34,sao paulo,SP,4,4,213.88,51.11,264.99,66.25,19.29,179.28,7.04,0.0,5.0,0.0
f8e2c1b59cd4225a3e4fd0d013a76b93,ribeirao preto,SP,2,2,219.8,44.63,264.43,132.22,16.88,405.17,10.01,0.0,5.0,0.0
2a50b7ee5aebecc6fd0ff9784a4747d6,brasilia,DF,1,1,199.8,64.44,264.24,264.24,24.39,,39.74,100.0,1.0,100.0
f3975e8a41157005d4bcbb358678cd9b,pinhalzinho,SC,2,2,178.8,83.98,262.78,131.39,31.96,426.32,8.66,0.0,5.0,0.0
efb628aa07c8ca93d7db0d85b91a4f5a,nova iguacu,RJ,1,1,204.0,58.1,262.1,262.1,22.17,261.69,25.59,100.0,4.0,0.0
615c3462099ffa940d37b17dfda19594,rio de janeiro,RJ,2,2,229.0,32.05,261.05,130.52,12.28,207.82,7.65,0.0,5.0,0.0
762fafdaa57a532ee0119731697579dd,itu,SP,5,5,206.7,54.17,260.87,52.17,20.77,70.88,4.12,0.0,5.0,0.0
4ce8b55b4bfa4659184e7becc1fba3f2,fazenda rio grande,PR,2,2,199.0,59.87,258.87,129.44,23.13,759.17,12.42,0.0,3.0,50.0
3dfd3dc96f7f8598eca74e9ac8a2fa31,sao paulo,SP,6,6,183.0,75.7,258.7,43.12,29.26,556.23,12.23,16.67,4.0,16.67
8a8835a43bda99fd37310ad76c457510,sao caetano do sul,SP,2,2,224.34,34.2,258.54,129.27,13.23,370.66,7.46,0.0,4.5,0.0
81ed90f07c0bacb7594940ba2ef676aa,divinopolis,MG,2,2,223.9,33.56,257.46,128.73,13.04,379.28,16.1,0.0,4.5,0.0
7f5e4d5efad7e44b91115dd1decb65f3,jacarei / sao paulo,SP,3,3,179.9,77.42,257.32,85.77,30.09,327.41,7.7,0.0,5.0,0.0
5a9c0859cb00fd8aa4db443837f0a700,treze tilias,SC,2,2,208.0,47.59,255.59,127.8,18.62,837.0,9.01,0.0,4.5,0.0
e0a3c37054ade6478d923a6efc10f308,camboriu,SC,2,2,219.8,35.18,254.98,127.49,13.8,245.47,7.84,0.0,5.0,0.0
269c5fc9fcadee614364c3620c30a1f9,guarulhos,SP,3,3,209.6,45.12,254.72,84.91,17.71,54.77,4.61,33.33,5.0,0.0
d1a5cc844736958c11b8efab9a2b4c87,curitiba,PR,1,1,237.6,16.41,254.01,254.01,6.46,145.69,30.29,100.0,1.0,100.0
6f1a1263039c76e68f40a8e536b1da6a,sao paulop,SP,2,2,178.69,74.5,253.19,126.6,29.42,310.59,51.0,50.0,2.0,50.0
70c4eedec9cb4a85cda2f3f9673557b4,sao paulo,SP,1,1,239.9,13.18,253.08,253.08,5.21,396.62,7.0,0.0,5.0,0.0
8d92f3ea807b89465643c219455e7369,sao paulo,SP,3,3,121.2,131.57,252.77,84.26,52.05,1100.02,45.55,66.67,1.0,100.0
1746c1ae87ac63d530c7c943d0ac42e2,santana de parnaiba,SP,1,1,229.9,22.45,252.35,252.35,8.9,491.09,23.02,0.0,5.0,0.0
3f84fefc07dc159b268d4a77d3e8c425,fazenda rio grande,PR,3,3,200.6,51.32,251.92,83.97,20.37,504.26,8.07,0.0,5.0,0.0
740205fedfe4e90ca6857bc77db0f2b4,caxias do sul,SP,1,1,229.9,21.93,251.83,251.83,8.71,776.48,3.48,0.0,5.0,0.0
ad8b531ae67582f096925cff5630d0d1,castro,PR,2,2,198.45,53.04,251.49,125.74,21.09,1144.46,20.48,0.0,4.0,0.0
b05b432bf68945d4d9783f9e3ca29ee8,birigui,SP,2,2,224.8,26.09,250.89,125.44,10.4,467.21,5.41,0.0,4.5,0.0
e59e575a175fadcadf8479e191770425,nova iguacu,RJ,1,1,199.9,50.98,250.88,250.88,20.32,362.51,5.35,0.0,5.0,0.0
800214c63934acd05d47e84214db8ba8,jaragua do sul,SC,3,3,199.7,50.71,250.41,83.47,20.25,761.33,11.79,0.0,5.0,0.0
fe8055980a4ff7f64ed889c2b5926929,curitiba,PR,3,3,196.7,53.28,249.98,83.33,21.31,733.24,6.49,0.0,4.67,0.0
72431a818f97fe6ab9c81eee3e297e54,rio das pedras,SP,1,1,229.9,19.49,249.39,249.39,7.82,614.42,12.43,0.0,5.0,0.0
a663d9c3797e90eac99ff60939416a56,sao paulo,SP,1,1,235.0,14.08,249.08,249.08,5.65,41.25,5.36,0.0,5.0,0.0
bec568278124768c474ee90971ca94d1,sao paulo,SP,2,2,219.9,29.16,249.06,124.53,11.71,94.65,3.44,0.0,4.5,0.0
a0a14e50070f3225b3eabba5b85da517,curitiba,PR,4,4,176.2,72.44,248.64,62.16,29.13,388.09,6.05,0.0,4.5,0.0
7d484ca289afaac6bf5fc6a1e96d2226,campo grande,MS,2,2,183.2,65.22,248.42,124.21,26.25,718.48,12.16,50.0,4.0,0.0
90b36c5aeb728d5504a39f435bef0c5f,conchal,SP,4,4,153.89,94.0,247.89,61.97,37.92,612.2,11.74,0.0,5.0,0.0
50770d25768b0486d89be26afca3108f,santo andre,SP,6,6,171.77,76.09,247.86,41.31,30.7,373.34,13.48,16.67,4.0,16.67
809413606dbfe5deefd2db646693ef67,sao paulo,SP,3,3,196.68,50.37,247.05,82.35,20.39,143.88,7.58,0.0,4.33,0.0
643c01d7c56a724bec0454f4780e8a3e,joinville,SC,2,2,205.55,41.1,246.65,123.32,16.66,524.68,9.72,0.0,4.5,0.0
3442f8959a84dea7ee197c632cb2df15,campinas,SP,3,3,218.7,27.9,246.6,82.2,11.31,217.63,13.02,33.33,3.0,33.33
bcc9dd23e2a8bd8267cf92b19304a1b9,ibitinga,SP,3,3,202.79,43.43,246.22,82.07,17.64,520.61,22.55,66.67,2.33,66.67
edf3fabebcc20f7463cc9c53da932ea8,sao paulo,SP,1,1,219.9,24.12,244.02,244.02,9.88,821.79,21.08,100.0,4.0,0.0
bff9deb0ec77d437f3305a79cf25529e,limeira,SP,5,5,161.95,80.79,242.74,48.55,33.28,543.9,6.97,0.0,4.0,20.0
299c89a525fee36c567f4fe72f038100,varzea alegre,CE,1,1,189.0,53.67,242.67,242.67,22.12,2006.33,9.32,0.0,3.0,0.0
778323240ce2830d68aab11794e00bfb,sao paulo,SP,3,3,189.98,52.45,242.43,80.81,21.64,804.31,10.55,0.0,4.33,0.0
63b9ae557efed31d1f7687917d248a8d,sao jose do rio pardo,SP,5,5,139.5,102.81,242.31,48.46,42.43,884.41,18.66,0.0,4.2,20.0
2075d8cd4dd63ff12df0749a5866bb06,curitiba,PR,3,3,184.7,57.53,242.23,80.74,23.75,306.84,4.74,0.0,5.0,0.0
b01c2b7b8599b325103ebcddc67413e1,venancio aires,RS,4,4,169.45,72.67,242.12,60.53,30.01,797.69,8.46,0.0,4.75,0.0
90b57083da5d803237da74daec6dcb2b,curitiba,PR,2,2,206.9,34.31,241.21,120.6,14.22,467.44,7.9,0.0,5.0,0.0
a218df5c097b0ca409cfaac1488cc7f6,araraquara,SP,4,4,130.69,110.01,240.7,60.18,45.7,356.62,11.56,0.0,2.75,25.0
eec3469d83e142f9a104886655338c37,bauru,SP,4,4,185.7,54.74,240.44,60.11,22.77,425.32,9.98,0.0,4.5,0.0
034b9387752bfa309f350a70cd45ffa3,blumenau,SC,8,8,96.0,144.26,240.26,30.03,60.04,463.88,8.51,0.0,4.5,0.0
762ed976527cddf02787edba70fffa2a,londrina,PR,3,3,179.8,60.32,240.12,80.04,25.12,519.14,7.85,0.0,2.33,66.67
0f7eea709efdf942b5f95c7516dbacd7,pedrinhas paulista,SP,3,3,195.74,44.32,240.06,80.02,18.46,547.02,8.04,0.0,4.0,0.0
586a871d4f1221763fddb6ceefdeb95e,porto alegre,RS,1,1,198.0,41.48,239.48,239.48,17.32,1628.52,68.62,100.0,1.0,100.0
31e60bf8d103ce47932a85f5562deb16,goiania,GO,1,1,181.0,58.04,239.04,239.04,24.28,1582.68,14.46,0.0,5.0,0.0
7d948535954aaf8c5d39db007f74372e,guaruja,SP,4,4,194.0,43.8,237.8,59.45,18.42,177.49,5.6,0.0,3.75,25.0
b5f49fe968dff6b112861e6cd8e192ef,curitiba,PR,1,1,194.7,42.97,237.67,237.67,18.08,821.72,14.0,0.0,5.0,0.0
7ad41305e96a6cab8294cd65891e9a86,rio bonito,SP,2,2,180.0,57.6,237.6,118.8,24.24,530.68,11.66,0.0,5.0,0.0
1de62b6f2fd96227629786db492433db,sp,SP,2,2,208.8,28.73,237.53,118.76,12.1,633.91,8.24,0.0,5.0,0.0
6ee85be3693ed79a8e80718743d80655,sao paulo,SP,5,5,147.5,88.97,236.47,47.29,37.62,1064.21,29.12,40.0,3.2,40.0
751e274377499a8503fd6243ad9c56f6,campinas,SP,1,1,218.0,17.84,235.84,235.84,7.56,95.73,2.0,0.0,5.0,0.0
89d9a386b0b6e5fc8403071b03f7206a,sao paulo,SP,2,2,167.0,68.25,235.25,117.62,29.01,413.83,13.49,0.0,4.0,0.0
3d700782d7818f2c1e0d7a9e9d75fc00,sertanopolis,SP,3,3,149.7,85.41,235.11,78.37,36.33,1378.89,25.73,33.33,3.67,33.33
9da15f4a4ea758d9eeb49000dbe57e22,osasco,SP,1,1,196.9,37.71,234.61,234.61,16.07,36.35,22.51,100.0,2.0,100.0
e0482f2c769468c3bbcd8a01e09d98c5,sao paulo,SP,1,1,189.0,45.4,234.4,234.4,19.37,530.2,5.91,0.0,4.0,0.0
3d290fe363c60a77498c1126fd3fb8d3,itapevi,SP,3,3,198.98,35.06,234.04,78.01,14.98,148.64,7.46,0.0,4.33,0.0
a4b8d97cd5d3674eeff96abc99d8ed67,sumare,SP,1,1,214.08,19.3,233.38,233.38,8.27,390.66,6.1,0.0,1.0,100.0
dd8a29ce82d5c705ba932d81494600a5,sao paulo,SP,2,2,205.75,27.5,233.25,116.62,11.79,407.61,8.93,0.0,3.5,0.0
4f0d637c1197fd65405ebd755ac9f86b,taboao da serra,SP,2,2,199.8,32.67,232.47,116.24,14.05,393.19,7.35,0.0,5.0,0.0
ccada0ef508e698917a6eab263375905,pato bragado,PR,3,3,172.8,59.16,231.96,77.32,25.5,818.98,9.91,0.0,3.67,33.33
e503f22be6a4f456d9851920a5d9c670,sao paulo,SP,2,2,198.9,32.44,231.34,115.67,14.02,730.16,5.67,0.0,4.0,0.0
478bfe564db21eeb44386606aa30b650,pedro leopoldo,MG,3,3,182.7,48.1,230.8,76.93,20.84,905.08,13.97,0.0,4.67,0.0
fc6295add6f51a0936407ead70c1001d,sao paulo,SP,1,1,160.0,70.52,230.52,230.52,30.59,2370.44,13.8,0.0,1.0,100.0
d8dd176509baa37f359644d082bf7f7b,sao caetano do sul,SP,2,2,198.0,31.9,229.9,114.95,13.88,315.68,30.36,100.0,1.5,100.0
8def3db7f272735afb2ecd03aeca09a7,rio de janeiro,RJ,2,2,196.0,33.64,229.64,114.82,14.65,436.86,2.66,0.0,5.0,0.0
6f835fd4be26989b1b064399da346143,curitiba,PR,2,2,197.8,31.45,229.25,114.62,13.72,347.37,6.95,0.0,5.0,0.0
2cb4700db635baa1c0d4f90ed27b6669,curitiba,PR,2,2,199.8,28.92,228.72,114.36,12.64,439.03,16.48,0.0,2.0,50.0
3fe7120d6257285ac6a3ce7cb071ccec,governador valadares,MG,2,2,199.98,28.28,228.26,114.13,12.39,631.96,9.57,0.0,3.5,0.0
2ea0861cc19e94cad86438c984c52da4,sao paulo,SP,6,6,165.6,62.45,228.05,38.01,27.38,191.98,5.25,0.0,3.33,16.67
23ff42c4bf1f8f16cddb19d8b972974a,itau de minas,MG,2,2,174.7,52.97,227.67,113.84,23.27,894.79,11.84,0.0,4.0,0.0
f35becee938e982bd615edf8ef12bcfb,alvares machado,SP,6,6,148.59,78.22,226.81,37.8,34.49,721.61,7.92,0.0,4.0,16.67
1d1bbb8ac1581824986f582583fff01d,indaial,SC,4,4,166.88,59.59,226.47,56.62,26.31,406.78,9.16,25.0,3.5,25.0
f356c348fbc8df6a882823e21f5ce8b7,canoas,RS,2,2,195.18,30.47,225.65,112.82,13.5,997.64,7.23,0.0,2.5,50.0
939f6e231201f26803cb5c3a3d2940b3,bauru,SP,3,3,130.6,95.02,225.62,75.21,42.12,614.53,10.86,0.0,4.67,0.0
f92d8c817434bd2d84d4e9c61322b7fa,sorocaba,SP,5,5,174.84,50.77,225.61,45.12,22.5,125.31,8.33,20.0,4.6,0.0
1cbdc7cf130a41fd13a3c2a7d2fcfda7,lambari,MG,2,2,165.8,59.81,225.61,112.8,26.51,353.12,8.69,0.0,5.0,0.0
3fefda3299e6dfaea3466ef346a3571a,curitiba,PR,1,1,209.0,16.21,225.21,225.21,7.2,366.31,6.31,0.0,4.0,0.0
c747d5b92c7648417faea95d36d763e8,pacatuba,CE,1,1,139.0,85.75,224.75,224.75,38.15,2523.49,12.95,0.0,5.0,0.0
8ca5b19e0263150d2c57afdde2b3d011,maua,SP,3,3,180.6,44.08,224.68,74.89,19.62,130.9,4.86,0.0,4.67,0.0
651530bf5c607240ccdd89a30c9c9712,ipira,BA,1,1,199.9,24.55,224.45,224.45,10.94,976.92,11.77,0.0,4.0,0.0
377bc18334c78dd2f1535ef22a3ad225,sao jose dos pinhais,PR,1,1,135.98,88.46,224.44,224.44,39.41,1227.0,9.89,0.0,5.0,0.0
c5e60e39c0f42b8e827daa13cff74afa,sao paulo,SP,6,6,134.0,89.1,223.1,37.18,39.94,66.11,3.77,16.67,4.5,0.0
9e7c5f4d7770eab65738cca38f9efccf,sao paulo,SP,2,2,184.8,38.08,222.88,111.44,17.09,1092.8,7.44,0.0,3.5,0.0
4d9fea3499bdc22aa4da4e339365f215,sao paulo,SP,2,2,192.54,30.2,222.74,111.37,13.56,344.3,12.67,0.0,5.0,0.0
747c1cdcd1737dcfbd1547f6eb6f2cf3,ibitinga,SP,2,2,193.1,29.27,222.37,111.18,13.16,722.01,15.13,0.0,2.5,50.0
52f6f9f13ba19504c02781132a049e75,curitiba,PR,1,1,199.0,23.13,222.13,222.13,10.41,656.6,16.29,0.0,3.0,0.0
e9874ae10b2d60d43917b6bbfa13a599,rolandia,PR,1,1,199.0,23.1,222.1,222.1,10.4,459.82,6.68,0.0,5.0,0.0
b7e1750c1157341d2abd0251e07c186b,sao paulo,SP,3,3,159.6,60.96,220.56,73.52,27.64,614.42,10.34,0.0,4.33,0.0
717b78b0950b51ed00b1471d858b0edc,alambari,SP,5,5,138.6,81.15,219.75,43.95,36.93,378.53,21.33,20.0,4.0,20.0
19e0f40a907ec568c34bfac15de4f4a1,americana,SP,4,4,178.0,41.62,219.62,54.9,18.95,178.43,5.84,0.0,5.0,0.0
5db42a6cd9bf1bf0d3aab9582767f168,vitoria,ES,1,1,200.0,19.33,219.33,219.33,8.81,1525.25,16.87,0.0,5.0,0.0
3289d8c3eef4873f91ce0b1343c0dd58,praia grande,SP,1,1,199.99,19.28,219.27,219.27,8.79,399.71,13.83,0.0,5.0,0.0
dda37071807e404c5bb2a1590c66326f,sao paulo,SP,1,1,199.99,19.28,219.27,219.27,8.79,534.01,16.58,0.0,5.0,0.0
9cea4682e16655f7da87f406902e989e,araucaria,PR,4,4,87.76,131.47,219.23,54.81,59.97,373.88,10.07,0.0,4.0,25.0
f19516b9ff26bfeb091b30108db4ddbd,artur nogueira,SP,3,3,162.7,56.52,219.22,73.07,25.78,1101.76,10.65,0.0,3.67,33.33
f26d70155c2b6326fcfa1780c8c684e4,presidente getulio,SC,1,1,202.89,16.17,219.06,219.06,7.38,511.32,8.9,0.0,5.0,0.0
c360e4787614ed31ac7a2f95d3b22dc6,lencois paulista,SP,1,1,188.9,30.05,218.95,218.95,13.72,241.01,12.66,0.0,2.0,100.0
ca7c6bd577e559472af1c699de9e764e,sao bernardo do campo,SP,6,6,148.0,70.82,218.82,36.47,32.36,62.05,4.68,0.0,4.33,16.67
538caafddff204241cecbf3a02e6b3cf,sao paulo,SP,8,8,128.4,90.41,218.81,27.35,41.32,259.51,17.31,50.0,2.75,50.0
a3b0df0065e264a91b7bbf5f844af5cd,sao bernardo do capo,SP,2,2,186.69,32.06,218.75,109.38,14.66,357.48,13.62,0.0,5.0,0.0
99a25c39b28a74d1151c35c18d178292,sao paulo,SP,1,1,173.94,44.76,218.7,218.7,20.47,9.33,2.23,0.0,5.0,0.0
dbc51f5e45d654ecc16cb68e6817ecea,franca,SP,1,1,199.99,18.14,218.13,218.13,8.32,454.76,17.74,0.0,4.0,0.0
3a79f35a2344ede41af21267f61d5ec6,campinas,SP,1,1,186.0,31.71,217.71,217.71,14.57,538.1,14.27,0.0,1.0,100.0
e1bed63d68ac36fe1f3061befe196af5,mogi guacu,SP,1,1,199.0,18.0,217.0,217.0,8.29,290.6,8.61,0.0,5.0,0.0
213fafb0ca06fb3d5886579c2565791b,sete lagoas,MG,3,3,189.7,27.16,216.86,72.29,12.52,54.03,4.26,0.0,2.33,66.67
f307937c1bb287c3efc2a514b94b0d1d,araxa,MG,1,1,189.99,26.61,216.6,216.6,12.29,1238.85,12.58,0.0,5.0,0.0
63272377184e969942f7fff221be858d,sao paulo,SP,2,2,149.7,66.53,216.23,108.12,30.77,228.24,12.3,0.0,5.0,0.0
bdf0d02d36a1d839d0c39c4a887cdd49,birigui,SP,5,5,120.0,95.95,215.95,43.19,44.43,502.48,8.35,0.0,5.0,0.0
55c96925041a14097b6a7825554f4ad5,sao paulo,SP,5,5,170.0,45.89,215.89,43.18,21.26,152.84,11.16,40.0,4.6,0.0
039b29ff3b3473435d0cd59040575de9,ribeirao pires,SP,9,9,114.9,100.65,215.55,23.95,46.69,475.41,9.11,0.0,4.44,0.0
bd4ff04377f974574f7f0bf9d6ce7dde,santa maria da serra,SP,4,4,164.96,50.14,215.1,53.77,23.31,262.75,21.99,25.0,3.5,25.0
c04d70d515d15a7e3db3a73320598566,niteroi,RJ,3,3,158.2,56.62,214.82,71.61,26.36,540.7,6.29,0.0,5.0,0.0
4450bd8327d471c4a11a83d1445b1b62,cotia,SP,1,1,199.0,15.56,214.56,214.56,7.25,381.01,7.31,0.0,5.0,0.0
1352e06ae67b410cdae0b2a22361167b,rio de janeiro,RJ,2,2,178.0,36.1,214.1,107.05,16.86,968.5,34.31,100.0,3.0,50.0
5659d77e8d90378e39b960ad5956f64e,taubate,SP,2,2,182.48,30.65,213.13,106.56,14.38,462.9,20.49,50.0,2.5,50.0
c353f8fc0ce8344999f17d578eb69a5e,porto alegre,RS,2,2,175.98,36.59,212.57,106.28,17.21,1237.91,9.96,0.0,5.0,0.0
78ba5933c21686d1c2f64669c8c459e7,mogi das cruzes,SP,2,2,191.8,20.77,212.57,106.28,9.77,51.75,6.53,0.0,4.5,0.0
19484c79cef6c062cb177aa4ef2fcc3c,valinhos,SP,1,1,201.9,10.16,212.06,212.06,4.79,129.75,21.43,100.0,1.0,100.0
98dddbc4601dd4443ca174359b237166,sarandi,PR,2,2,158.0,53.67,211.67,105.84,25.36,722.85,8.23,0.0,5.0,0.0
4a82c4af97ffc0fb2dc26bfdc03b1842,lagoa da prata,MG,3,3,143.7,67.2,210.9,70.3,31.86,900.59,12.74,0.0,5.0,0.0
fedf2c1386e137f296b3bbf3b635e69d,sao paulo,SP,2,2,131.74,79.16,210.9,105.45,37.53,281.95,10.33,0.0,3.5,50.0
b906dd0e57f282c7089171b6ed07982e,parana,PR,2,2,175.0,35.75,210.75,105.38,16.96,716.79,6.99,0.0,4.0,0.0
45c20d94d9171b0bcfab3c955e47d67b,cordeiropolis,SP,4,4,129.46,81.11,210.57,52.64,38.52,724.48,14.43,0.0,4.5,0.0
8e34331b7eedd03be4e5d965c1956225,sao paulo,SP,5,5,145.0,65.44,210.44,42.09,31.1,582.29,13.95,20.0,4.8,0.0
22c32ec35d0116ef02c281798a25bf8b,maringa,PR,4,4,119.58,90.43,210.01,52.5,43.06,635.05,11.46,0.0,3.75,0.0
6ba4733aa33f6386e9fb0c0fd3993b38,torres,RS,3,3,149.79,60.09,209.88,69.96,28.63,781.32,12.43,0.0,4.67,0.0
4bcec44888b30ba9001234c534716d3f,santo andre,SP,5,5,146.0,63.23,209.23,41.85,30.22,354.67,9.16,0.0,4.6,0.0
cbbd5ae8f53de5f5097cd8217b529e24,santana de parnaiba,SP,1,1,175.9,32.26,208.16,208.16,15.5,1521.7,20.77,0.0,4.0,0.0
7d7866a99a8656a42c7ff6352a433410,sao paulo,SP,5,5,147.89,59.49,207.38,41.48,28.69,345.74,4.89,0.0,4.4,0.0
b00af24704019bd2e1b335e70ad11f7c,salvador,BA,1,1,189.0,18.25,207.25,207.25,8.81,760.13,15.55,0.0,5.0,0.0
119c7f1a00ef43fad0e57604e76a747c,sao paulo,SP,2,2,189.8,17.02,206.82,103.41,8.23,25.87,5.98,0.0,4.5,0.0
0b64bcdb0784abc139af04077d49a20e,canoas,RS,4,4,137.6,68.21,205.81,51.45,33.14,816.71,8.5,0.0,4.75,0.0
0692610d8abe24f287e9fae90ea0bbee,sao paulo,SP,4,4,173.99,31.73,205.72,51.43,15.42,13.9,6.6,25.0,4.0,0.0
d9c349beabc06aa6ff1c6d68b5e9e22e,sao paulo,SP,1,1,168.1,37.55,205.65,205.65,18.26,2478.64,21.03,0.0,5.0,0.0
43a1d4bab73b816e44ef4e4facd9f9b5,maringa,PR,1,1,189.9,15.5,205.4,205.4,7.55,550.02,9.83,0.0,4.0,0.0
902c99f1ac505c0d18778b61bcd636f7,mogi guacu,SP,3,3,123.47,81.82,205.29,68.43,39.86,111.81,4.85,0.0,5.0,0.0
bd0a1b0aadca9a83d9304f7e8ff5fbd5,sao paulo,SP,4,4,150.6,54.59,205.19,51.3,26.6,390.52,5.9,0.0,4.5,0.0
7adbd3210a7b3cc2235e225eef33574d,sao paulo,SP,3,3,131.9,72.96,204.86,68.29,35.61,1471.2,10.08,0.0,4.67,0.0
7cf4ea70955b00d6b3c22542598e2715,sao paulo,SP,1,1,189.9,14.91,204.81,204.81,7.28,327.68,7.1,0.0,5.0,0.0
2235cf78d3e2073a88146a9cb60f0dd0,sao paulo,SP,1,1,178.99,25.77,204.76,204.76,12.59,8.17,14.22,0.0,5.0,0.0
964ff64dc05b13811c6d0f41e0aa5f6b,sao paulo,SP,1,1,180.0,24.06,204.06,204.06,11.79,740.49,6.68,0.0,5.0,0.0
698f5fa55a5f73d0740e9d9a773e8093,rio de janeiro,RJ,4,4,120.0,83.99,203.99,51.0,41.17,258.93,6.03,0.0,4.75,0.0
5a9b3bcab695173c820e53934574ae80,salto,SP,1,1,139.0,64.77,203.77,203.77,31.79,422.52,7.14,0.0,5.0,0.0
aae5953b9edddf14749c0d65d60eb4b9,belo horizonte,MG,2,2,173.0,29.9,202.9,101.45,14.74,413.43,12.83,0.0,5.0,0.0
686886775c8f6b1191c7b953fb52708c,pedreira,SP,1,1,189.0,13.62,202.62,202.62,6.72,97.01,3.55,0.0,5.0,0.0
bb3dca718920a4d7ec3cc9ffb025108b,sao paulo,SP,2,2,108.0,93.7,201.7,100.85,46.46,907.53,11.94,0.0,3.0,50.0
d3e7d37c0df9aef383f3f2a15b0dddfb,sao jose dos pinhais,PR,1,1,161.0,40.34,201.34,201.34,20.04,648.23,13.08,0.0,5.0,0.0
0ade5cc4a305ed7093a23f68ca47519c,curitiba,PR,2,2,158.88,42.39,201.27,100.64,21.06,528.97,6.88,0.0,5.0,0.0
5def4c3732941a971cba8fdee992ede1,sao paulo,SP,5,5,134.8,66.24,201.04,40.21,32.95,267.12,4.56,0.0,4.6,0.0
78813699ffac347fe27dba345a5f1551,bento goncalves,RS,1,1,152.42,48.12,200.54,200.54,24.0,1087.79,9.04,0.0,5.0,0.0
51a04a8a6bdcb23deccc82b0b80742cf,braganca paulista,SP,1,1,167.99,31.93,199.92,199.92,15.97,67.77,35.31,100.0,1.0,100.0
4dc2e811a1760953cb7c6a590b498943,itapui,SP,1,1,175.0,24.84,199.84,199.84,12.43,238.3,6.67,0.0,5.0,0.0
c7c7b2682c648339a0e9846bb1023a39,braganca paulista,SP,2,2,168.0,31.68,199.68,99.84,15.87,245.64,10.28,0.0,4.5,0.0
88cd3681e0a2ba85e190f7d817629c4c,brusque,SC,1,1,180.0,19.36,199.36,199.36,9.71,571.13,7.02,0.0,4.0,0.0
e1643dff33666ca629e3644c02738179,sao paulo,SP,3,3,170.0,29.31,199.31,66.44,14.71,35.72,4.56,0.0,4.33,0.0
9dd459b29a14bf89d47183cf2cd0e4c7,sao paulo,SP,2,2,180.0,18.82,198.82,99.41,9.47,59.39,6.62,50.0,5.0,0.0
b9de031b671cd48b28fae9d828cbf2b4,sao paulo,SP,1,1,155.32,43.37,198.69,198.69,21.83,1708.13,9.23,0.0,5.0,0.0
880ce4951cf857ab1d9e0b75c1d856f4,belo horizont,MG,1,1,178.9,18.82,197.72,197.72,9.52,908.68,15.05,0.0,5.0,0.0
57df9869a600bd6b7c405f2a862eccfb,santa rita do sapucai,MG,5,5,125.0,72.21,197.21,39.44,36.62,295.48,7.29,0.0,4.4,0.0
52a50b42accf164f9f019941e5759d9b,monte alegre do sul,SP,4,4,139.96,57.06,197.02,49.26,28.96,231.44,5.38,25.0,4.75,0.0
d2df77822373f19934e87694d8640767,arapongas,PR,2,2,155.9,40.5,196.4,98.2,20.62,619.98,22.15,0.0,3.0,50.0
3606774ec64634822d78dc2db6d37045,sao caetano do sul,SP,1,1,179.9,16.37,196.27,196.27,8.34,84.0,15.82,0.0,5.0,0.0
94165aea8a35c3c21499cbcae239b16c,uberlandia,MG,1,1,180.0,16.11,196.11,196.11,8.21,606.04,6.16,0.0,2.0,100.0
9c57bc60cfad5ee62d35d3f1ce4593a1,curitiba,PR,1,1,180.0,15.43,195.43,195.43,7.9,365.12,37.03,100.0,1.0,100.0
fa5fdc4e4bb6bd1009ad0e4ac4096562,santo andre,SP,1,1,161.99,32.86,194.85,194.85,16.86,2323.61,7.06,0.0,5.0,0.0
6a53b90c3ad9e0b56d9fe5c69165fff5,curitiba,PR,2,2,139.78,55.0,194.78,97.39,28.24,256.71,11.87,0.0,3.5,0.0
56f413900b5166ab4d730e9ac0b12cb0,sorocaba,SP,3,3,151.79,42.45,194.24,64.75,21.85,342.86,10.19,0.0,4.67,0.0
7c9130f5f3729edd32aa059141d92484,garca,SP,3,3,126.0,67.15,193.15,64.38,34.77,368.27,7.45,0.0,3.33,33.33
3ea08c48e851106d2f584349daba335f,barbacena,MG,1,1,170.0,22.94,192.94,192.94,11.89,144.5,6.0,0.0,4.0,0.0
533d46c1b06970e99f09523a61df4972,itapetininga,SP,2,2,159.98,32.64,192.62,96.31,16.95,516.46,16.6,0.0,4.5,0.0
4bde6149c15cf7e177b36fa060dd6de8,carazinho,RS,2,2,159.8,32.66,192.46,96.23,16.97,810.57,10.62,0.0,5.0,0.0
ea846a0e7ad98a741783e886d89dfa44,aracatuba,SP,2,2,137.0,55.26,192.26,96.13,28.74,594.41,10.28,0.0,5.0,0.0
0e72c1a751b496722a6cb1f10653b62a,sao paulo,SP,3,3,140.8,51.3,192.1,64.03,26.7,485.01,6.89,0.0,4.67,0.0
2a7c6c0b0d5efde2bf75ec1e1cec2d41,maringa,PR,3,3,147.6,44.44,192.04,64.01,23.14,638.0,10.61,0.0,3.33,33.33
657969cca82e884d272385ec0ef06edd,estancia velha,RS,3,3,139.7,51.86,191.56,63.85,27.07,891.16,8.11,0.0,4.67,0.0
6902157ee16728322d61a1321fa79e58,sao paulo,SP,2,2,159.8,31.63,191.43,95.72,16.52,333.26,10.46,0.0,3.0,50.0
044668ccd5316b12a7cf0d54a156e3e9,osasco,SP,3,3,137.8,53.55,191.35,63.78,27.99,710.34,7.85,0.0,5.0,0.0
a9b533a26e898b12e8b8d4c07279bf4d,rio de janeiro,RJ,4,4,119.6,71.46,191.06,47.76,37.4,844.79,15.16,0.0,5.0,0.0
dd9661d3cda1e6feb237f0c4d8b26f2e,campos novos,SC,1,1,174.0,16.98,190.98,190.98,8.89,827.11,18.2,0.0,5.0,0.0
a154d7316f158bb42e6fa18bbe3afd3a,sao paulo,SP,2,2,139.8,50.33,190.13,95.06,26.47,1393.06,47.48,50.0,3.0,50.0
26e13b6ff5b641b329e5524241ee2c93,franca,SP,4,4,119.7,69.98,189.68,47.42,36.89,223.52,6.64,0.0,4.0,25.0
7fe21dd00d2f4943ae09525efa2fd674,rio de janeiro,RJ,2,2,169.8,19.21,189.01,94.5,10.16,13.99,7.6,0.0,5.0,0.0
8fbe2ee446b97e128471be4ce983dc0d,sorocaba,SP,3,3,148.5,40.0,188.5,62.83,21.22,375.63,8.1,33.33,3.0,66.67
05ca864204d09595ae591b93ea9cf93d,barueri,SP,1,1,179.9,8.52,188.42,188.42,4.52,19.49,5.17,100.0,5.0,0.0
5566627eab3fe93fd6ee08798226101a,sao jose dos pinhais,PR,5,5,85.5,102.31,187.81,37.56,54.48,857.23,8.81,0.0,4.4,0.0
98e164d549402270247f3c96a1a158ef,sao paulo,SP,2,2,162.7,24.72,187.42,93.71,13.19,217.71,8.83,0.0,2.5,50.0
578fa3a9cb6b6dceab39231ad59cdaca,fortaleza,CE,3,3,150.0,37.2,187.2,62.4,19.87,328.28,22.4,33.33,3.67,33.33
ef728fa1f17436c91ed1ccd03dcf9631,jau,SP,3,3,128.7,58.12,186.82,62.27,31.11,388.81,4.79,0.0,4.33,0.0
c8143b3069f6746a77421b5ce30a450c,abadia de goias,GO,1,1,142.47,43.41,185.88,185.88,23.35,1759.6,24.4,0.0,5.0,0.0
83c8aafbefb034674a70de0eac5b8954,francisco beltrao,PR,2,2,134.9,50.97,185.87,92.94,27.42,995.47,5.07,0.0,5.0,0.0
44ed138eca6214d572ce1d813fb0049b,canoas,RS,2,2,129.79,56.01,185.8,92.9,30.15,1071.39,8.52,0.0,4.5,0.0
7178e1eaa97257d8b6d4b80efd77a025,tatui,SP,1,1,167.9,16.81,184.71,184.71,9.1,112.66,7.12,0.0,5.0,0.0
2ec6e37d992a95eaddb3369dcbcc76d9,porto alegre,RS,2,2,159.8,24.14,183.94,91.97,13.12,1066.04,9.65,0.0,1.5,100.0
5bc237df65098fe211bb4818f4d26d78,uberlandia,MG,2,2,126.8,57.09,183.89,91.94,31.05,1259.84,12.48,0.0,4.5,0.0
0daf5180aa44356f60f8effa533b55a2,goiania,GO,2,2,144.8,38.83,183.63,91.82,21.15,761.05,8.03,50.0,5.0,0.0
ff82e8873fba613f2261a9acc896fd84,itabira,MG,4,4,124.6,58.93,183.53,45.88,32.11,385.51,9.54,0.0,3.5,25.0
695051e2981c8b19e77cafe450d5bdf3,osasco,SP,1,1,169.76,12.69,182.45,182.45,6.96,42.6,20.19,0.0,5.0,0.0
8e4f041ff58e7845456d3482524014b3,porto alegre,RS,2,2,133.8,48.59,182.39,91.2,26.64,2015.52,24.08,50.0,3.0,50.0
aa2640d851ec322526f1295bbeb20092,sao paulo,SP,1,1,159.98,22.36,182.34,182.34,12.26,134.26,3.96,0.0,3.0,0.0
08061dc0fc165ed41288cc7acde738ee,osasco,SP,4,4,123.8,58.42,182.22,45.56,32.06,713.71,20.07,25.0,4.5,0.0
e3e290b38963293022cdcd6db8328103,sao paulo,SP,3,3,135.7,46.34,182.04,60.68,25.46,455.72,9.77,0.0,3.33,33.33
6601ee6383e7f452be71929f8de48bbb,ribeirao pretp,SP,2,2,153.6,28.34,181.94,90.97,15.58,271.81,14.83,0.0,4.0,0.0
99cd94252748d2bdde08e17858233602,sao paulo,SP,2,2,159.8,21.52,181.32,90.66,11.87,64.28,3.01,0.0,4.5,0.0
f1ce5fdecd64935c28b9ff932751d0dc,santana de parnaiba,SP,2,2,158.0,22.53,180.53,90.26,12.48,226.26,10.24,0.0,4.5,0.0
913fd0ebba70bb919f7254a02239173c,blumenau,SC,1,1,159.9,19.22,179.12,179.12,10.73,476.51,13.43,0.0,1.0,100.0
1927cdb9fa74f5270097f6250e8e8f34,marilia,SP,1,1,120.0,58.92,178.92,178.92,32.93,920.76,8.13,0.0,5.0,0.0
5ca5d579b5857ee8709479b1047cecc3,sao paulo,SP,1,1,169.99,8.05,178.04,178.04,4.52,21.34,17.78,100.0,1.0,100.0
fc38b5dceee1a730fad8853453437fbd,campinas,SP,5,5,119.2,58.81,178.01,35.6,33.04,257.08,7.97,0.0,4.6,0.0
f266295f49a28eee21f413e0cbb0521d,ponta grossa,PR,2,2,149.8,28.14,177.94,88.97,15.81,693.84,12.09,0.0,4.5,0.0
d26aa40b90272d4843d63be7c1462c8d,sao paulo,SP,2,2,152.9,24.52,177.42,88.71,13.82,202.32,4.59,0.0,4.5,0.0
077c5fae4bea9500e3737b16f71b9d3a,sorocaba,SP,4,4,106.8,70.44,177.24,44.31,39.74,137.88,8.32,0.0,4.5,0.0
96f7c797de9ca20efbe14545bed63eec,cravinhos,SP,1,1,138.6,38.37,176.97,176.97,21.68,275.19,1.95,0.0,1.0,100.0
76d336555bb25f3165d2f0d6da719c40,sorocaba,SP,1,1,165.0,11.76,176.76,176.76,6.65,131.29,11.5,0.0,3.0,0.0
89757206b887aed36f3e18d858460fea,sao paulo,SP,2,2,120.5,55.64,176.14,88.07,31.59,1335.71,9.61,0.0,5.0,0.0
553a440137d6e0cf776aee0bb83ac9f5,limeira,SP,2,2,144.8,30.34,175.14,87.57,17.32,757.99,23.0,50.0,1.0,100.0
dde698c6d0bd24834c586e5111c2bba7,petropolis,RJ,1,1,155.9,19.19,175.09,175.09,10.96,488.94,7.69,0.0,5.0,0.0
9bade61a92bed55a25d2b67b9f4ed739,sao jose dos pinhais,PR,2,2,117.68,57.12,174.8,87.4,32.68,1085.08,9.66,0.0,3.0,50.0
fa8d335d68129e464e60c1826a683e96,tres coroas,RS,1,1,139.9,34.78,174.68,174.68,19.91,1556.3,22.22,0.0,4.0,0.0
e9c2dc0dd4ac38448289be644ac94f42,joinville,SC,3,3,118.39,56.22,174.61,58.2,32.2,409.0,5.39,0.0,5.0,0.0
818d28f936e791926d33bcb6ee94ef79,sao paulo,SP,4,4,111.6,62.68,174.28,43.57,35.97,954.14,12.94,0.0,4.0,0.0
ce3ad9de960102d0677a81f5d0bb7b2d,rio de janeiro,RJ,1,1,158.0,16.21,174.21,174.21,9.3,338.48,4.04,0.0,5.0,0.0
2039c5e51785b5dde7cf93ccb3b7be2c,guaira,SP,1,1,159.9,13.78,173.68,173.68,7.93,339.16,8.27,0.0,5.0,0.0
4dab98ca6cd6d3df586203cefd28a042,porto alegre,RS,1,1,154.9,18.33,173.23,173.23,10.58,678.27,28.01,0.0,5.0,0.0
fc0b214b59a83615fea981c6424a02ae,maua,SP,1,1,159.9,12.14,172.04,172.04,7.06,42.69,4.38,0.0,5.0,0.0
fc908879b9ca1bd65419e54e50432d38,sao paulo,SP,4,4,119.2,52.68,171.88,42.97,30.65,358.59,8.68,0.0,5.0,0.0
2f9b7ce230a057a98a9f5df5893ee36c,barueri,SP,2,2,141.82,30.03,171.85,85.93,17.47,172.63,10.46,0.0,4.5,0.0
0b3f27369a4d8df98f7eb91077e438ac,aruja,SP,2,2,146.51,24.88,171.39,85.7,14.52,,7.16,0.0,4.0,0.0
3903c788ded8dc03b5ebab37a2f3e9a1,carapicuiba,SP,5,5,119.98,51.27,171.25,34.25,29.94,277.86,10.3,20.0,4.0,0.0
f049a72cf58fd31b11f8919cade515e7,sao paulo,SP,3,3,138.75,32.24,170.99,57.0,18.85,388.18,4.59,0.0,3.33,33.33
44717f64ec2a457979cf83c429077666,santa rosa,RS,2,2,107.0,63.91,170.91,85.46,37.39,994.4,5.81,0.0,5.0,0.0
e4fc40017a6d22c46a14ac2e17f87c3e,arapongas,PR,1,1,129.0,41.29,170.29,170.29,24.25,420.83,10.29,0.0,5.0,0.0
3442033154be05bac582e173ef54fd12,sao paulo,SP,1,1,161.0,8.39,169.39,169.39,4.95,2.1,3.91,0.0,5.0,0.0
4867209cb29b56b92893d7bde3ce8012,jau,SP,1,1,150.0,19.15,169.15,169.15,11.32,697.54,10.23,0.0,4.0,0.0
d8b8f2cf9ff6ba0389072541cb42498c,formosa,GO,1,1,149.0,20.01,169.01,169.01,11.84,81.74,12.16,0.0,5.0,0.0
f3041c2e75ec683697a6a5ea82192210,itauna,MG,1,1,145.0,24.0,169.0,169.0,14.2,347.04,4.53,0.0,5.0,0.0
2d34636518ba88f5349b732fcf8ba2e4,sao paulo,SP,1,1,150.0,18.63,168.63,168.63,11.05,354.09,10.83,0.0,5.0,0.0
0b09101900100c0e9d312861fad5a1b9,sao paulo,SP,1,1,153.75,14.61,168.36,168.36,8.68,3.48,18.54,0.0,4.0,0.0
9523fb39dd240aa958e040f8183d64f3,sao paulo,SP,1,1,146.99,21.3,168.29,168.29,12.66,2370.73,21.88,0.0,1.0,100.0
bca9230d3bbb4efa51872bf605a2f1ad,sao paulo,SP,5,5,117.57,50.63,168.2,33.64,30.1,127.09,7.06,20.0,4.0,20.0
50a7e551a7b3f8d37cd6e32d8bfbe5ea,sao caetano do sul,SP,1,1,140.0,27.96,167.96,167.96,16.65,361.3,12.59,0.0,5.0,0.0
3dc69bf2c42f0568a5c4791ec3fd3745,sao paulo,SP,1,1,150.0,17.62,167.62,167.62,10.51,1312.55,26.27,0.0,3.0,0.0
d3891911c2feae53c52fea2bd14054e5,sao paulo,SP,2,2,141.0,25.99,166.99,83.5,15.56,292.37,4.06,0.0,5.0,0.0
1e47d8b6546eb3a77b1acddcc9406242,campinas,SP,1,1,149.9,16.81,166.71,166.71,10.08,613.6,35.49,0.0,1.0,100.0
941554c5757b73ba0e50aa7732310afc,sao paulo,SP,3,3,107.69,58.66,166.35,55.45,35.26,449.3,8.11,0.0,4.67,0.0
57a834594e1e9e9219603bfec184eadc,santa rosa,RS,1,1,139.0,27.05,166.05,166.05,16.29,555.23,6.11,0.0,5.0,0.0
7c4adcc13272c0e26fa23aac642adb7b,sao goncalo,RJ,2,2,135.0,30.63,165.63,82.82,18.49,557.15,17.03,50.0,3.0,50.0
c398bc00a606d33758afd91f4e64fd15,rio de janeiro,RJ,2,2,150.0,15.5,165.5,82.75,9.37,18.78,3.7,0.0,4.5,0.0
49f8d2ea7b718d0ce587d34207caf2b4,sao bernardo do campo,SP,1,1,149.9,15.36,165.26,165.26,9.29,114.87,6.84,0.0,5.0,0.0
c7bb64409aa480bb7d0335faaaf3d242,joinville,SC,4,4,97.6,67.56,165.16,41.29,40.91,445.23,5.88,0.0,2.25,50.0
dd39ad39b5d3df33037e141c72497ba6,sao paulo,SP,2,2,135.8,29.05,164.85,82.42,17.62,391.34,8.67,0.0,5.0,0.0
9fe7c6641c79970ab48185498f547c09,sao paulo,SP,1,1,130.0,34.71,164.71,164.71,21.07,2157.4,17.92,0.0,5.0,0.0
4ddeb3e828550cddc8d45c8bc36ab2d1,sao paulo,SP,1,1,152.0,12.45,164.45,164.45,7.57,228.2,7.87,0.0,5.0,0.0
fd312b6bf05efac6c3772d5b52205d8a,votorantim,SP,2,2,118.7,45.62,164.32,82.16,27.76,84.49,6.38,0.0,5.0,0.0
1b0b0f4f95e962d6f32fe90c759d0479,sao paulo,SP,2,2,139.8,23.37,163.17,81.59,14.32,380.98,9.46,0.0,5.0,0.0
59bbc819b99a733f02f0d6b49d1c253d,campinas,SP,2,2,139.8,22.95,162.75,81.38,14.1,288.47,5.46,0.0,5.0,0.0
b7ba853e9551f4558440881fd3e5c815,santo antonio da patrulha,RS,1,1,136.9,25.7,162.6,162.6,15.81,1078.85,34.96,0.0,1.0,100.0
19d62d484cba71963c93f0f00ab42013,gaspar,SC,1,1,139.9,22.69,162.59,162.59,13.96,787.44,13.95,0.0,4.0,0.0
3bb32fedaa74e4ad20f4ce067733bd31,porto belo,SC,2,2,103.7,58.86,162.56,81.28,36.21,834.92,7.15,0.0,4.5,0.0
f664f98bfda2eaf266a23ff144e7a872,sao paulo,SP,2,2,153.99,7.81,161.8,80.9,4.83,28.88,2.69,0.0,3.0,50.0
461ff5303b6c9c1a4a07f40c5aece516,pinhais,PR,3,3,102.7,58.73,161.43,53.81,36.38,439.6,6.6,0.0,3.67,33.33
398cb257329ef7af7f1943a8974a3cbc,salvador,BA,1,1,145.9,15.47,161.37,161.37,9.59,712.23,7.09,0.0,5.0,0.0
92c8bc6e8f925792247656fed09aad65,sao paulo,SP,2,2,134.8,26.44,161.24,80.62,16.4,735.56,13.44,50.0,3.0,50.0
8eb88b0acb3f90a717ad659221471fa7,cacador,SC,2,2,119.8,40.87,160.67,80.33,25.44,817.71,12.25,0.0,4.5,0.0
e8ff5a6ceb895583033fc2a0f314e3c2,blumenau,SC,1,1,139.89,19.08,158.97,158.97,12.0,438.54,3.19,0.0,5.0,0.0
ab91571efab27993ff2f6b36e38055c3,sao paulo,SP,3,3,102.24,56.69,158.93,52.98,35.67,285.86,13.0,33.33,4.67,0.0
36f98ad67cc981f50ce8aed093d5783c,toledo,PR,2,2,119.4,39.22,158.62,79.31,24.73,723.68,6.11,0.0,4.0,0.0
1fbe10c70e30765ed1de86d9f7e98409,maua,SP,2,2,98.75,59.36,158.11,79.05,37.54,713.99,13.67,0.0,2.5,50.0
e82de6494d91d3c4c54450f59b227a94,ibitinga,SP,3,3,118.9,38.8,157.7,52.57,24.6,393.34,18.68,33.33,5.0,0.0
741f8c587cb4248ebc5b779a0e8e0e51,santo andre,SP,5,5,89.95,67.69,157.64,31.53,42.94,377.39,13.24,20.0,4.0,20.0
be1e9e378700cecaa4ebf71433d7915c,ribeirao preto,SP,2,2,119.89,37.62,157.51,78.76,23.88,1109.44,48.18,100.0,3.0,50.0
e00d85ce20ea50c1224c66ca5050527d,osasco,SP,1,1,149.0,8.3,157.3,157.3,5.28,20.58,2.05,0.0,4.0,0.0
4c4d546adf3c3868fe19c9ec6e9ffda9,maringa,PR,2,2,111.7,45.39,157.09,78.54,28.89,430.99,6.87,0.0,4.0,0.0
062c325cd6a2b87845fab56b4ec2eeae,sao paulo,SP,2,2,133.22,23.86,157.08,78.54,15.19,50.6,5.5,0.0,5.0,0.0
40ec8ab6cdafbcc4f544da38c67da39a,francisco beltrao,PR,2,2,117.8,39.2,157.0,78.5,24.97,416.9,6.58,0.0,5.0,0.0
59de1d4c8c057c2a53acd4ca66531af2,curitiba,PR,1,1,135.0,21.75,156.75,156.75,13.88,964.81,18.68,0.0,5.0,0.0
712efd3b68f9686dc856b84abd0f21ae,curitiba,PR,1,1,139.0,17.16,156.16,156.16,10.99,551.21,7.24,0.0,4.0,0.0
4a5b36211b1f51bf7eaa5c10a57fa483,sao goncalo,RJ,1,1,139.19,16.07,155.26,155.26,10.35,363.69,4.04,0.0,5.0,0.0
bf0045791395e66460eb04749c68672a,sao paulo,SP,2,2,119.8,35.45,155.25,77.62,22.83,1418.08,14.25,0.0,4.0,0.0
876182d1918783bbe15233febfbd4926,sao paulo,SP,3,3,120.27,34.73,155.0,51.67,22.41,241.06,9.28,0.0,4.0,0.0
26e2e5033827d2ba53929f43e03d8ffe,sao paulo,SP,1,1,139.49,15.29,154.78,154.78,9.88,120.02,5.27,0.0,5.0,0.0
96e5dc09087bad639b4ee193104ec2e5,bom jardim,RJ,2,2,101.9,52.54,154.44,77.22,34.02,554.3,7.81,0.0,4.5,0.0
aa1eb17b9fdf6dfd546e25c45c7b9235,sao paulo,SP,3,3,117.99,36.27,154.26,51.42,23.51,112.98,7.75,0.0,4.67,0.0
f114dca2828bf718548db175ebe2cfcd,cambe,PR,1,1,139.0,13.99,152.99,152.99,9.14,446.99,10.48,0.0,1.0,100.0
519a7aa428f18d125a283cf8c014fdd6,rio do oeste,SC,3,3,79.7,73.1,152.8,50.93,47.84,700.97,7.48,0.0,4.0,0.0
934ed5cd1b9c1c7382d0a94a94b9e639,curitiba,PR,1,1,125.85,26.62,152.47,152.47,17.46,2068.51,13.13,0.0,5.0,0.0
788f22bafdd7ab0e1e79f19db72f16a4,sao paulo,SP,2,2,125.8,26.24,152.04,76.02,17.26,473.21,3.54,0.0,4.5,0.0
4e42581f08e8cfc7c090f930bac4552a,portoferreira,SP,1,1,98.0,53.8,151.8,151.8,35.44,226.23,47.1,100.0,1.0,100.0
13dd308f81fea30cc670c656b2b46cc3,santa barbara d'oeste,SP,3,3,117.7,33.44,151.14,50.38,22.13,231.62,3.64,33.33,5.0,0.0
5f57db27027655e6c6a391601daa0258,viana,ES,1,1,98.0,53.04,151.04,151.04,35.12,1006.23,14.37,0.0,5.0,0.0
910a922b426b7ff95eaee129ad6c0e1f,sao jose do rio preto,SP,2,2,119.8,31.16,150.96,75.48,20.64,512.05,14.63,0.0,5.0,0.0
8c351ed7c326c62123318f4f3246e906,praia grande,SP,2,2,114.9,35.76,150.66,75.33,23.74,313.12,10.11,0.0,5.0,0.0
4c60877808f4318ef1107fbeb8f89afa,atibaia,SP,2,2,118.0,32.63,150.63,75.32,21.66,224.39,15.19,0.0,4.0,0.0
b416191c9813d821a295cfabafff4161,franca,SP,2,2,117.8,32.34,150.14,75.07,21.54,489.77,19.3,0.0,2.5,50.0
0f80a40c312b2472dca482cf50f5186f,lencois paulista,SP,1,1,129.9,20.1,150.0,150.0,13.4,881.43,5.32,0.0,3.0,0.0
74c7dec0a384d8a05950e629bd23bde9,mogi guacu,SP,4,4,97.78,52.01,149.79,37.45,34.72,281.38,11.54,0.0,4.25,25.0
d4a5e99e0dd915df64ba55a7fbd583fd,sao paulo,SP,2,2,65.15,84.6,149.75,74.88,56.49,611.99,12.59,0.0,3.0,50.0
296729ffb9b684050dd24836dac4494a,curitiba,SP,2,2,114.0,35.61,149.61,74.81,23.8,554.39,7.27,0.0,5.0,0.0
739c7d7be81f63812dea0d1b1451c651,campina grande,PB,2,2,77.5,71.8,149.3,74.65,48.09,893.59,17.13,0.0,4.0,0.0
e88165a185134e13fdfc85d4fa654db8,ferraz de  vasconcelos,SP,2,2,108.0,41.22,149.22,74.61,27.62,68.82,9.15,50.0,3.0,50.0
d8bf0fc082fd4a77fc2e5679b6c00133,sao paulo,SP,1,1,139.9,9.14,149.04,149.04,6.13,52.78,7.09,0.0,5.0,0.0
570d4583587a5fe2d47c7be89b91ad27,sao paulo,SP,2,2,125.25,23.67,148.92,74.46,15.89,51.29,5.75,0.0,5.0,0.0
2fa13c8bd5705d279f7ed5cc9ec61c68,sao paulo,SP,2,2,87.4,61.3,148.7,74.35,41.22,451.32,4.55,0.0,5.0,0.0
c87abc38c8ed3240861729e1aeadf221,sao paulo,SP,1,1,133.0,15.68,148.68,148.68,10.55,621.77,10.75,0.0,1.0,100.0
db6a4d4b5f1f5f98820ce6ce2619e2de,sao paulo,SP,1,1,135.99,12.16,148.15,148.15,8.21,36.4,3.11,0.0,5.0,0.0
693660429f9dc4ff704eb3d88dad54d7,santo andre,SP,2,2,124.0,24.12,148.12,74.06,16.28,183.81,3.58,0.0,4.0,0.0
52454f90d4c30c016768db02f88c1a74,campinas,SP,3,3,80.5,67.17,147.67,49.22,45.49,687.59,12.69,0.0,3.67,33.33
7c4402417d51474d4d0cda9557340e40,sao caetano do sul,SP,1,1,119.9,27.69,147.59,147.59,18.76,33.31,7.12,0.0,5.0,0.0
2f3d8b4c9e2ee165075331fea3f3095a,sao jose,SC,1,1,130.0,17.35,147.35,147.35,11.77,1025.8,12.33,0.0,5.0,0.0
a90a5da8b09e44264a177c0374a5ac87,ponta grossa,PR,3,3,74.7,72.6,147.3,49.1,49.29,488.13,9.38,0.0,4.33,0.0
c26ba52cf8d2f34915f2f6b7ffa0a3f3,rio de janeiro,RJ,3,3,107.47,38.75,146.22,48.74,26.5,233.49,7.72,0.0,5.0,0.0
cd52a8efd71af3336b14b5039b951cc1,palhoca,SP,2,2,111.8,34.3,146.1,73.05,23.48,376.06,11.2,0.0,3.0,0.0
2b5ed0c9139dae8883a200dfcb272ece,sao paulo,SP,4,4,85.41,59.34,144.75,36.19,40.99,383.12,16.87,25.0,4.25,0.0
70126eecc6aa1274392a1743866e9678,barueri,SP,3,3,97.4,47.34,144.74,48.25,32.71,304.37,5.59,0.0,5.0,0.0
e732329483fd5f27367dd997b47f598a,blumenau,SC,1,1,109.9,34.57,144.47,144.47,23.93,1896.79,12.15,0.0,5.0,0.0
dc120d932ddf9d4dfb6fd68beefda622,sao jose dos pinhais,PR,1,1,130.0,14.44,144.44,144.44,10.0,701.09,14.64,0.0,1.0,100.0
c092292535a57dacd95a8765f5518f87,paracambi,RJ,1,1,125.0,18.98,143.98,143.98,13.18,444.65,8.1,0.0,5.0,0.0
b6f52e346160519c24a23af05410ad32,sao paulo,SP,1,1,129.9,13.35,143.25,143.25,9.32,123.82,12.61,0.0,4.0,0.0
e5c84227854980f1db19a58958c551d9,fazenda rio grande,PR,4,4,72.81,68.83,141.64,35.41,48.6,518.84,10.19,0.0,4.75,0.0
e5def42655b7490edac5a56fe8e9e603,amparo,SP,1,1,129.9,11.52,141.42,141.42,8.15,90.54,5.83,0.0,5.0,0.0
e9b6c33b71b67737693b4cfa68341c8d,sao paulo,SP,1,1,119.9,21.49,141.39,141.39,15.2,21.33,11.77,0.0,4.0,0.0
160851d3ece7aa1a510f8d1a4bb8a8af,garca,SP,2,2,102.05,39.1,141.15,70.57,27.7,507.72,5.58,0.0,5.0,0.0
11d4c477d09821164bca4f70a2eae031,ribeirao preto,SP,3,3,83.04,57.82,140.86,46.95,41.05,288.58,6.98,0.0,5.0,0.0
a69aa24cec11168e7e39a3fbc727e925,carapicuiba,SP,3,3,105.97,34.32,140.29,46.76,24.46,258.29,8.65,0.0,5.0,0.0
bba8d0c234a52b87b3957037a215d1a4,goiania,GO,1,1,120.0,19.53,139.53,139.53,14.0,924.26,23.84,0.0,5.0,0.0
003554e2dce176b5555353e4f3555ac8,goiania,GO,1,1,120.0,19.38,139.38,139.38,13.9,936.52,4.65,0.0,5.0,0.0
cb5ff1b9715e99589f3e0c7a6afab9e3,maringa,PR,4,4,85.0,54.03,139.03,34.76,38.86,399.04,6.08,0.0,4.0,0.0
d52cbce9845184537284a23c3bc3da0e,garopaba,SC,2,2,75.0,63.78,138.78,69.39,45.96,669.43,10.57,0.0,5.0,0.0
01266d4c46afa519678d16a8b683d325,curitiba,PR,3,3,90.25,47.23,137.48,45.83,34.35,365.86,5.92,0.0,5.0,0.0
00d8b143d12632bad99c0ad66ad52825,belo horizonte,MG,1,1,86.0,51.1,137.1,137.1,37.27,1623.41,7.23,0.0,5.0,0.0
a353b1083c9863d756d9404695016d64,cariacica,ES,1,1,120.0,17.09,137.09,137.09,12.47,399.29,20.71,0.0,5.0,0.0
35281d148dcf7134bae913c57db4e6da,sao paulo,SP,1,1,119.99,17.03,137.02,137.02,12.43,365.99,5.27,0.0,5.0,0.0
4be9ae93c4fc0f41713d71a4194ee1b3,divinopolis,MG,1,1,109.9,27.07,136.97,136.97,19.76,367.86,11.09,0.0,5.0,0.0
fc5a0d7a310a7a41abf86a458585ff2b,sao paulo,SP,1,1,117.9,19.07,136.97,136.97,13.92,1465.3,13.93,0.0,4.0,0.0
164a5a8794e6d42e14f55e447b12a3bc,guaira,PR,1,1,73.99,62.77,136.76,136.76,45.9,2798.84,13.41,0.0,5.0,0.0
781a66c0d89e30814d49fe8b5e14cd07,campinas,SP,1,1,115.0,21.3,136.3,136.3,15.63,422.53,33.12,100.0,1.0,100.0
d1aa1ec0839dcab73a6161130eb1f94a,curitiba,PR,1,1,119.9,16.14,136.04,136.04,11.86,654.36,35.02,100.0,4.0,0.0
a150c540f572d0fb53992264bc5c10b5,sorocaba,SP,1,1,119.9,15.59,135.49,135.49,11.51,915.36,10.86,0.0,4.0,0.0
07a9bc7f61396b658ddf3ac534efe44c,sao paulo,SP,1,1,119.9,15.59,135.49,135.49,11.51,17.84,6.0,0.0,3.0,0.0
6235903333ba7de1928c869e268e5964,treze tilias,SC,1,1,94.06,41.42,135.48,135.48,30.57,600.53,4.97,0.0,5.0,0.0
7994081388d55b9cf976c050653dd359,sao paulo,SP,1,1,120.0,14.6,134.6,134.6,10.85,349.89,12.97,0.0,5.0,0.0
8dd386be0767c330276ea6a3f96532d3,paulo lopes,SC,1,1,89.98,44.5,134.48,134.48,33.09,1395.97,10.29,0.0,5.0,0.0
d8d9567d0bfb0bc7eb845a205ba42657,sao paulo,SP,4,4,74.6,59.71,134.31,33.58,44.46,658.0,13.52,50.0,3.5,25.0
623ad9d0c1e14bb5464a8c72bff7b4af,claudio,MG,1,1,95.0,38.96,133.96,133.96,29.08,723.3,24.09,0.0,4.0,0.0
674207551483fec113276b67b0d871ff,sorocaba,SP,1,1,119.9,13.94,133.84,133.84,10.42,97.15,1.87,0.0,5.0,0.0
9c3a1c416c765687bc79a04113269929,carmo da mata,MG,1,1,74.9,58.9,133.8,133.8,44.02,388.45,6.09,0.0,1.0,100.0
0dfbed20065e425d2eaefb101f9816c0,porto ferreira,SP,3,3,84.35,49.25,133.6,44.53,36.86,452.25,21.57,33.33,2.67,66.67
9bf11dfc0bec77e5a23028043c3c5a8f,contagem,MG,1,1,115.0,17.06,132.06,132.06,12.92,464.38,31.54,100.0,1.0,100.0
1cbcd2ee0afb3fc09963b87eb65e7e4f,curitiba,PR,1,1,90.0,40.65,130.65,130.65,31.11,430.73,4.32,0.0,5.0,0.0
2c9005d8043aff18b8557ffb7b13cda4,cachoeiro de itapemirim,ES,1,1,109.9,19.74,129.64,129.64,15.23,618.38,7.85,0.0,5.0,0.0
93bef6edaa84956e8e575016449b6351,sao paulo,SP,1,1,115.0,14.56,129.56,129.56,11.24,341.78,9.93,0.0,5.0,0.0
782f78b632a43875dd5b53e3e49c9564,campinas,SP,1,1,97.34,32.22,129.56,129.56,24.87,823.89,9.88,0.0,5.0,0.0
43b2c864251aa0ce4030c746984e088a,brasilia,DF,2,2,94.8,34.52,129.32,64.66,26.69,879.8,5.62,0.0,3.0,50.0
011b0eaba87386a2ae96a7d32bb531d1,pompeia,SP,1,1,99.98,29.18,129.16,129.16,22.59,494.38,25.18,0.0,4.0,0.0
324583d68897f5ddbaf38f6248322176,sao jose do rio preto,SP,2,2,84.0,43.99,127.99,64.0,34.37,617.75,21.32,50.0,1.0,100.0
28d162ab86bb49d719c32f0ee6186eaa,ribeirao preto,SP,1,1,109.99,17.21,127.2,127.2,13.53,1064.04,16.39,0.0,4.0,0.0
62de60d81c55c29d76a6bce418b31cef,ibitinga,SP,1,1,103.0,23.87,126.87,126.87,18.81,1439.79,16.17,0.0,4.0,0.0
80cfd480be3eb6d6267139f5cb793555,sao paulo,SP,1,1,99.9,26.44,126.34,126.34,20.93,2345.22,14.25,0.0,4.0,0.0
f43827dd686be3a4a80e00aa299990fb,sao jose do rio preto,SP,1,1,95.54,30.2,125.74,125.74,24.02,519.97,21.39,0.0,2.0,100.0
ec2e006556300a79a5a91e4876ab3a56,sao paulo,SP,2,2,77.4,48.33,125.73,62.86,38.44,22.03,13.5,50.0,1.5,100.0
be67f78487e2cecb0d55bc769709e4f5,ibirite,MG,1,1,102.0,23.64,125.64,125.64,18.82,850.45,10.03,0.0,5.0,0.0
eaaa46e98c9e61f6764dd1d7a2ab8b3e,messias targino,RN,1,1,98.0,27.64,125.64,125.64,22.0,731.28,11.1,0.0,5.0,0.0
7bb8fac2913a6064ec412e583c6d8b4d,bauru,SP,1,1,109.0,16.52,125.52,125.52,13.16,594.09,4.9,0.0,5.0,0.0
60da8bfa7eebe230b7d66ac4082d79b3,fernando prestes,SP,3,3,86.6,38.67,125.27,41.76,30.87,283.07,7.78,33.33,4.33,0.0
443d880f15cbd3572885e1d44bf2c478,marilia,SP,1,1,94.8,30.2,125.0,125.0,24.16,838.05,12.4,0.0,2.0,100.0
e09887ca8c7bf8a4621ce481820414ef,sao paulo,SP,2,2,79.97,44.6,124.57,62.28,35.8,1185.44,57.88,50.0,3.0,50.0
253c025bab43881055aeecde5e2d8b77,curitiba,PR,2,2,94.82,29.51,124.33,62.16,23.74,347.79,16.56,50.0,4.5,0.0
b8d890108a7a80e4f5d59eea9f362438,curitiba,PR,2,2,89.7,34.59,124.29,62.14,27.83,209.3,13.93,50.0,3.5,0.0
2aafae69bf4c41fbd94053d9413e87ee,porto alegre,RS,2,2,94.0,29.87,123.87,61.94,24.11,,8.84,0.0,4.5,0.0
5741dc2bf5044c34d0698681c5081bed,sao jose dos campos,SP,3,3,89.7,34.05,123.75,41.25,27.52,308.83,7.19,0.0,5.0,0.0
db1f0f7c7e5e87f40b62226f020bb297,pinhais,PR,3,3,59.01,64.72,123.73,41.24,52.31,1111.82,9.61,0.0,4.67,0.0
889009a0ed0bb52c87819941192931b8,lencois paulista,SP,1,1,89.9,33.08,122.98,122.98,26.9,2330.2,12.21,0.0,4.0,0.0
a4fc6eadaff1576af888509a53420f6a,sao caetano do sul,SP,1,1,100.86,20.76,121.62,121.62,17.07,2130.31,28.99,0.0,3.0,0.0
247587846358bb1d2e4c6522020b36fe,sao jose do rio preto,SP,1,1,99.0,22.51,121.51,121.51,18.53,182.75,4.81,0.0,5.0,0.0
05aebce0b5c8f0d41b29b686f2d05fd3,sao paulo,SP,2,2,74.99,45.89,120.88,60.44,37.96,50.7,6.0,50.0,5.0,0.0
9d213f303afae4983637247556438ede,ibitinga,SP,2,2,47.7,73.11,120.81,60.4,60.52,450.58,7.04,0.0,5.0,0.0
4fae87d32467e18eb46e4a76a0a0b9ce,ronda alta,RS,1,1,100.9,19.9,120.8,120.8,16.47,312.78,6.81,0.0,5.0,0.0
db7ed69a53aa9fb1c01930ba54a88bbe,jaguariuna,SP,1,1,109.0,11.78,120.78,120.78,9.75,118.56,3.95,0.0,5.0,0.0
4cc43a222a0f94910728b62b97a8c5f8,ribeirao preto,SP,1,1,108.5,12.26,120.76,120.76,10.15,301.51,14.15,0.0,3.0,0.0
a2b911e9ad40dc7d61c142a4683e2d85,barra mansa,RJ,1,1,85.9,34.4,120.3,120.3,28.6,1892.21,12.78,0.0,5.0,0.0
2cb98e27ce1c18abdb42209b34c382a7,ribeirao preto,SP,1,1,62.49,57.21,119.7,119.7,47.79,2095.92,19.06,0.0,4.0,0.0
2d20f1cd18725c91147da0791d498022,londrina,PR,1,1,99.8,19.89,119.69,119.69,16.62,705.21,9.95,0.0,5.0,0.0
4fe2f67634d00c021aa01f96b6f2d68e,maringa,PR,2,2,86.8,32.04,118.84,59.42,26.96,697.6,10.98,0.0,5.0,0.0
271b8923c6a549e02d3c9fd1f8c0422b,praia grande,SP,1,1,105.19,13.4,118.59,118.59,11.3,365.65,14.18,100.0,4.0,0.0
028872bfa080090a9d0abd4f1af168f8,ribeirao das neves,MG,1,1,70.5,47.37,117.87,117.87,40.19,998.32,16.48,0.0,5.0,0.0
74a9b9bddf14ece02beb81f52c41a88d,sao paulo,SP,2,2,95.0,22.06,117.06,58.53,18.85,1053.47,12.17,0.0,3.5,50.0
79b93a308a97792cf53ac75f46da00b5,rio de janeiro,RJ,1,1,99.9,16.14,116.04,116.04,13.91,1207.64,22.52,0.0,5.0,0.0
17998cf586426bf0f2c3726cb0a4b211,belo horizonte,MG,2,2,69.8,45.72,115.52,57.76,39.58,1174.31,8.39,0.0,4.0,0.0
26562f211dd1364af2a8596dc945e8ae,sao bernardo do campo,SP,2,2,99.0,16.11,115.11,57.56,14.0,65.88,2.26,0.0,5.0,0.0
aa8af66c623d7d544dfe4bb85b5ebe3b,betim,MG,1,1,99.0,15.57,114.57,114.57,13.59,477.78,8.0,0.0,5.0,0.0
aa17b35ce4de7b565be3249ba838944f,jundiai,SP,2,2,79.8,34.2,114.0,57.0,30.0,622.41,16.37,0.0,4.5,0.0
3d2400ac620cffa23ac81bd192f7f555,sao bernardo do campo,SP,1,1,105.0,8.9,113.9,113.9,7.81,90.37,7.35,0.0,5.0,0.0
6b2612338467c08c9b25f0cc55b1578d,marialva,PR,1,1,92.9,20.97,113.87,113.87,18.42,444.09,16.56,0.0,4.0,0.0
1c742ac33582852aaf3bcfbf5893abcf,belo horizonte,MG,1,1,97.9,15.79,113.69,113.69,13.89,624.2,6.02,0.0,5.0,0.0
8fff28c4263ddec387f28d237fb42773,sao paulo,SP,2,2,58.6,54.03,112.63,56.32,47.97,417.64,5.76,0.0,5.0,0.0
918f6fbcf3ab724d805867303e593a1b,valinhos,SP,2,2,79.7,32.88,112.58,56.29,29.21,70.31,4.87,0.0,4.0,0.0
376d67b61dce0c990155286e7ae486a4,sao paulo,SP,1,1,94.0,17.91,111.91,111.91,16.0,906.87,14.35,0.0,4.0,0.0
270572bb714b00531be85e16e1550f26,maua,SP,1,1,96.99,14.77,111.76,111.76,13.22,67.02,11.07,0.0,5.0,0.0
a7c53f6b3b61adbdaa99dda97e8cbd56,barretos,SP,1,1,99.0,11.3,110.3,110.3,10.24,402.75,6.84,0.0,4.0,0.0
a5ff20ff766e7f50bd5066f33da14413,sao paulo,SP,2,2,66.59,43.58,110.17,55.08,39.56,797.7,5.64,0.0,3.0,50.0
65c255b299faf2d12050937cc219c46c,sao paulo,SP,2,2,88.2,21.88,110.08,55.04,19.88,6.41,7.09,0.0,4.5,0.0
00ab3eff1b5192e5f1a63bcecfee11c8,sao paulo,SP,1,1,98.0,12.08,110.08,110.08,10.97,232.03,9.05,0.0,5.0,0.0
7a704e63bb29c446869efde5d57524c8,francisco beltrao,PR,1,1,94.49,15.41,109.9,109.9,14.02,706.02,7.51,0.0,5.0,0.0
154bdf805377afea75a3bd158e9eab10,ibitinga,SP,1,1,89.9,19.82,109.72,109.72,18.06,566.39,24.92,100.0,1.0,100.0
22a23e5ac7061fc538cc2a019afaaf16,belo horizonte,MG,1,1,95.0,14.42,109.42,109.42,13.18,629.68,11.03,0.0,3.0,0.0
166e8f1381e09651983c38b1f6f91c11,imbituba,SC,2,2,78.8,30.2,109.0,54.5,27.71,604.77,14.73,0.0,5.0,0.0
6d04126aba80df143fd038e711b8fd96,rio de janeiro,RJ,1,1,89.99,18.87,108.86,108.86,17.33,1118.21,37.08,100.0,1.0,100.0
d7d517afce974cd491b8d52bb5b5b1fc,sao paulo,SP,1,1,89.99,18.73,108.72,108.72,17.23,969.77,13.54,0.0,4.0,0.0
a72f15980dc3e9bfd1a49ac9b2f3af65,marilia,SP,1,1,89.9,18.73,108.63,108.63,17.24,426.44,5.14,0.0,4.0,0.0
dd264199fc8b687ad029de7de6d760e6,cascavel,PR,1,1,87.9,20.7,108.6,108.6,19.06,617.01,18.08,0.0,5.0,0.0
cac4e0bc1a3269fa2b6ea5e763f6115b,brusque,SC,2,2,57.88,50.14,108.02,54.01,46.42,317.64,11.33,0.0,5.0,0.0
2bdb95a56a36ebbc6640337ac5eac174,sao paulo,SP,1,1,89.9,18.0,107.9,107.9,16.68,65.79,5.85,0.0,5.0,0.0
5de1c80811ce7007f62f00d971236c09,florianopolis,SC,2,2,76.8,30.95,107.75,53.88,28.72,437.17,8.07,0.0,5.0,0.0
d598f929fc44e1e38678e7f47250ec04,formosa,GO,1,1,69.9,37.4,107.3,107.3,34.86,896.0,11.24,0.0,5.0,0.0
6624bc09786f0e41ae48dfc5eeb1a9e2,belo horizonte,MG,1,1,89.54,17.47,107.01,107.01,16.33,775.94,15.8,0.0,5.0,0.0
a56a8043ebf66e42119618fb8cf232c6,joinville,SC,1,1,83.0,23.73,106.73,106.73,22.23,872.33,10.83,0.0,5.0,0.0
5305693ffae2d3463377b1f6fe67b15a,penapolis,SP,1,1,93.56,12.99,106.55,106.55,12.19,430.01,13.37,0.0,5.0,0.0
e4f121bf6ef8b9a1d4d3e65dd0473fab,sao jose do rio preto,SP,2,2,70.0,36.46,106.46,53.23,34.25,954.84,21.34,50.0,3.0,50.0
f8f35af4634605e6693c17cc3ffff5a8,campanha,MG,1,1,90.0,16.39,106.39,106.39,15.41,238.35,10.14,0.0,5.0,0.0
b86a47b3366e3b5424a7b225781f4908,passos,MG,1,1,86.5,19.85,106.35,106.35,18.66,1218.14,14.26,0.0,3.0,0.0
499185655c29ecfdbfe776ef7cf875b5,porto alegre,RS,1,1,89.0,17.33,106.33,106.33,16.3,1343.17,11.12,0.0,4.0,0.0
e5bd51692380fd8cabb19b756b95e714,santo andre,SP,2,2,79.8,25.95,105.75,52.88,24.54,360.69,33.66,100.0,3.0,50.0
dedcab67899479e4ea5dcc4eba47f587,jaragua do sul,SC,2,2,84.0,21.64,105.64,52.82,20.48,57.52,5.56,0.0,4.5,0.0
29c322e3f09f886f8bacbe91dfbd979e,santa maria,RS,1,1,48.98,56.59,105.57,105.57,53.6,134.11,6.67,0.0,5.0,0.0
466222e777149751370e7e98fb623b0c,rio de janeiro,RJ,1,1,87.9,17.55,105.45,105.45,16.64,934.21,6.83,0.0,5.0,0.0
bbf4a892cac7b82422baa711dffb8997,curitiba,PR,1,1,70.0,35.34,105.34,105.34,33.55,168.67,3.01,0.0,5.0,0.0
4aba6a02a788d3ec81c03137144d9a80,canoinhas,SC,1,1,89.9,15.38,105.28,105.28,14.61,142.21,13.22,0.0,5.0,0.0
6187a137b2af59dfdbad8d9f8c373c14,osasco,SP,2,2,74.8,30.22,105.02,52.51,28.78,345.21,13.86,0.0,3.0,50.0
a7b7354cc588f7566a848bcbb1ce3d96,sao paulo,SP,2,2,79.8,25.07,104.87,52.44,23.91,312.76,11.88,0.0,4.0,0.0
b5dd7151a92ccaaa282cbe9681a05f44,ribeirao preto,SP,1,1,85.0,18.7,103.7,103.7,18.03,714.08,13.44,0.0,5.0,0.0
5587130f9850696ed7fafbc91c2cee44,sao paulo,SP,2,2,69.8,33.69,103.49,51.74,32.55,414.61,6.54,0.0,5.0,0.0
da2782c804606d2a5d8e1760dbb3e7ec,sao paulo,SP,1,1,89.0,14.37,103.37,103.37,13.9,355.67,32.78,100.0,1.0,100.0
0f519b0d2e5eb2227c93dd25038bfc01,ibitinga,SP,1,1,79.9,23.0,102.9,102.9,22.35,2287.3,12.27,0.0,5.0,0.0
a1bea9970d8f65b240555f99c2214f7f,pinhais,PR,1,1,75.0,27.48,102.48,102.48,26.81,1125.24,9.31,0.0,3.0,0.0
48e5ee06fb2dc74df1c711a9b6dfac2a,oliveira,MG,1,1,57.0,45.3,102.3,102.3,44.28,279.48,11.24,0.0,5.0,0.0
b452cb0ae35044c4a53179c39f49fb06,sorocaba,SP,2,2,63.7,38.29,101.99,50.99,37.54,464.85,16.72,0.0,4.0,0.0
83f2b4881141ce3fcd4e985125d3279e,ribeirao preto,SP,3,3,60.7,40.68,101.38,33.79,40.13,361.32,18.19,33.33,5.0,0.0
42d4b7e70819438f5ada61c965e92d7e,goiania,GO,1,1,49.6,51.18,100.78,100.78,50.78,652.64,21.94,0.0,1.0,100.0
c6381b1321d7d97717a5bb4ed5b77882,sao paulo,SP,2,2,66.0,34.01,100.01,50.0,34.01,273.53,4.81,0.0,3.0,50.0
43a5d4a57af536fddc96d08be3afdfcb,varginha,MG,1,1,75.0,24.83,99.83,99.83,24.87,241.44,11.81,0.0,1.0,100.0
a7d0f8dd44f57ef6de7f7f02e3d82630,sao paulo,SP,2,2,73.79,25.88,99.67,49.84,25.97,216.1,6.13,0.0,4.5,0.0
8132b9bd16876e1b0f8808d43825dd48,florianopolis,SC,1,1,77.9,21.0,98.9,98.9,21.23,1335.74,16.81,0.0,5.0,0.0
cd233f8bfa30ebfd651f47ee7d054951,birigui,SP,1,1,79.9,18.66,98.56,98.56,18.93,1047.92,9.34,0.0,5.0,0.0
8fb67a334bacec338885b4e9e1708073,toledo,PR,1,1,59.9,38.52,98.42,98.42,39.14,729.77,8.21,0.0,5.0,0.0
52b53f7061969fe471d119b6195da864,itajai,SP,1,1,90.0,8.37,98.37,98.37,8.51,34.73,3.33,0.0,5.0,0.0
dcb7367a92f5ffb89f1e2152ed260285,osvaldo cruz,SP,1,1,79.9,18.44,98.34,98.34,18.75,810.21,10.08,0.0,5.0,0.0
8cb7c5ddf41f4d506eba76e9a4702a25,anapolis,GO,1,1,69.0,28.88,97.88,97.88,29.51,843.03,16.01,0.0,5.0,0.0
97e50a621f8e801f4baf69e08687c192,sao paulo,SP,1,1,89.9,7.88,97.78,97.78,8.06,69.37,9.45,0.0,5.0,0.0
ca5832c6960267b71041f74bb39e8b12,xanxere,SC,1,1,79.9,17.81,97.71,97.71,18.23,787.1,45.16,100.0,1.0,100.0
ba8e85df286308fe68a2ce83a8f8b2d6,santa catarina,SC,1,1,80.9,16.76,97.66,97.66,17.16,338.77,9.85,0.0,5.0,0.0
1d0646a72178a6fb37ee8082140e06ec,joinville,SC,2,2,61.0,36.62,97.62,48.81,37.51,414.95,7.65,0.0,5.0,0.0
1a8e2d9c38b84a9702ac7922924b0573,araquari,SC,1,1,80.0,17.0,97.0,97.0,17.53,735.25,15.6,0.0,5.0,0.0
b3809b8d4394588a47c8470ea331e135,sao paulo,SP,1,1,89.0,7.88,96.88,96.88,8.13,40.75,5.05,0.0,4.0,0.0
9fbd5666d8618fa571c4230fafa09bd6,sao paulo,SP,1,1,79.9,16.81,96.71,96.71,17.38,347.3,13.12,0.0,5.0,0.0
6dd7dce75cd55c1ce255dc38d9f0cd46,palhoca,SC,1,1,75.0,21.33,96.33,96.33,22.14,2215.81,12.23,0.0,4.0,0.0
c8771b1a10bb99bb34d3c459c5cffb53,tocantins,SP,1,1,64.9,31.2,96.1,96.1,32.47,454.33,6.82,0.0,5.0,0.0
c0f3eea2e14555b6faeea3dd58c1b1c3,sao paulo,SP,1,1,79.99,15.66,95.65,95.65,16.37,359.38,5.67,0.0,5.0,0.0
b3e2faf2c1004d674f16a3aa3197f0e1,ribeirao preto,SP,3,3,61.47,33.77,95.24,31.75,35.46,201.27,6.79,0.0,5.0,0.0
47f55702f598c7c6cc8458b0fbc1c49a,dores de campos,MG,1,1,75.0,19.77,94.77,94.77,20.86,1105.38,17.29,0.0,5.0,0.0
8f0fbe2cd4d472157dc1cdef6edecaa9,sao paulo,SP,2,2,71.88,22.88,94.76,47.38,24.15,336.63,7.66,0.0,3.0,50.0
497709c2976a8fa308730a2dec5b0726,diadema,SP,1,1,76.0,18.04,94.04,94.04,19.18,23.66,5.95,0.0,5.0,0.0
bbd3acfe6de99892e73940d3fdceaf68,santo andre,SP,2,2,69.0,24.55,93.55,46.78,26.24,100.69,3.3,0.0,3.0,50.0
fe9d9cf8631285d5982c6e2cf27fb114,barbacena/ minas gerais,MG,1,1,69.9,23.64,93.54,93.54,25.27,1090.13,4.9,0.0,4.0,0.0
c8665a4dd081a2c436b1cd921079d0d9,pitangueiras,SP,1,1,79.39,14.14,93.53,93.53,15.12,233.48,4.24,0.0,5.0,0.0
babcc0ab201e4c60188427cae51a5b8b,porto ferreira,SP,1,1,79.0,14.13,93.13,93.13,15.17,220.09,8.2,0.0,5.0,0.0
f5b84683a9bf9e1df748cf40f601b39c,sao paulo,SP,1,1,83.9,9.07,92.97,92.97,9.76,6.63,6.71,0.0,5.0,0.0
ec21206b7894c503788a684a7bc822a6,armacao dos buzios,RJ,1,1,75.0,17.78,92.78,92.78,19.16,589.35,8.11,0.0,3.0,0.0
8b11118053756a9a2932f447e11fc1b5,igaracu do tiete,SP,1,1,79.99,11.17,91.16,91.16,12.25,254.22,11.91,0.0,3.0,0.0
5a4236931428800e9d9cc04af0987118,sao paulo,SP,1,1,44.97,45.69,90.66,90.66,50.4,343.7,3.98,0.0,5.0,0.0
24a6daf925d9d591870a66660416de31,robeirao preto,SP,2,2,60.0,30.08,90.08,45.04,33.39,330.09,13.62,0.0,4.5,0.0
723a46b89fd5c3ed78ccdf039e33ac63,"novo hamburgo, rio grande do sul, brasil",RS,1,1,66.64,23.4,90.04,90.04,25.99,1174.82,8.0,0.0,4.0,0.0
f90f77ef2799a27f80d90c425ca944f7,londrina,PR,1,1,70.0,19.46,89.46,89.46,21.75,519.66,7.39,0.0,5.0,0.0
a45765f8afb1e594b22bf9e974b46765,sao paulo,SP,1,1,79.99,8.93,88.92,88.92,10.04,17.34,4.98,0.0,4.0,0.0
b5b800c4065bebf4d3442311c9857344,sao paulo,SP,1,1,79.9,8.91,88.81,88.81,10.03,71.34,6.46,0.0,5.0,0.0
76623fde66e6b63b59440fd34160512d,guarulhos,SP,3,3,65.4,23.34,88.74,29.58,26.3,22.34,3.39,0.0,4.0,0.0
9b1f656ca3060f8af17a50d8a024b533,santos,SP,2,2,41.0,47.68,88.68,44.34,53.77,753.15,16.34,50.0,5.0,0.0
392f7f2c797e4dc077e4311bde2ab8ce,rio de janeiro,RN,2,2,52.0,36.56,88.56,44.28,41.28,708.21,5.31,0.0,5.0,0.0
204b4e07bddef3c9b317f70189135b22,borda da mata,MG,1,1,73.4,14.73,88.13,88.13,16.71,161.89,10.19,0.0,5.0,0.0
85e7c62c1d6ea078c3897424f867a7c8,itapema,SC,2,2,60.0,27.7,87.7,43.85,31.58,330.93,7.85,0.0,4.5,0.0
933446e9a59dece7ae9175103820ca8f,curitiba,PR,1,1,64.99,22.38,87.37,87.37,25.62,1221.81,24.03,0.0,5.0,0.0
d4d99b60c4c94cd35acd502cec65dc8d,sao paulo,SP,1,1,72.9,14.39,87.29,87.29,16.49,322.67,19.08,0.0,3.0,0.0
4003520d80d0bad1d5623f7aa3c63cda,rio de janeiro,RJ,1,1,70.0,16.74,86.74,86.74,19.3,364.57,17.08,0.0,1.0,100.0
0a198e95d32b1be2da9424c962a6ebfa,contagem,MG,1,1,69.99,16.68,86.67,86.67,19.25,485.9,16.05,0.0,5.0,0.0
3da38366e7bd9baf6369071f782ecdf0,fortaleza,CE,1,1,59.47,26.96,86.43,86.43,31.19,1352.8,53.35,100.0,1.0,100.0
f0ec78809fe0bc3edb11c9fe5b97b059,sao paulo,SP,2,2,62.6,23.66,86.26,43.13,27.43,420.1,9.35,0.0,4.0,0.0
d6cd01c59123df02fc226eadbadb5f89,sao paulo,SP,1,1,69.9,16.25,86.15,86.15,18.86,399.6,18.5,0.0,5.0,0.0
4e92348462c75b6c842b994ce84a0ed4,cachoeirinha,RS,1,1,69.9,15.59,85.49,85.49,18.24,832.13,9.84,0.0,5.0,0.0
b5d034ac251546e25afe9067f05c1539,itapecerica da serra,SP,1,1,69.9,15.37,85.27,85.27,18.03,385.54,12.58,0.0,5.0,0.0
3e51f9cbe317bc3a88f2c76583811ee4,sao paulo,SP,1,1,76.09,8.69,84.78,84.78,10.25,28.2,8.87,0.0,5.0,0.0
3e35a8bb43569389d3cebef0ce820f69,sao paulo,SP,1,1,55.8,28.88,84.68,84.68,34.1,105.01,7.92,0.0,5.0,0.0
a3fa18b3f688ec0fca3eb8bfcbd2d5b3,são paulo,SP,1,1,47.8,36.46,84.26,84.26,43.27,720.83,14.27,0.0,5.0,0.0
edb65fe661681b1c0de8bd47c8655855,sao paulo,SP,1,1,69.0,15.24,84.24,84.24,18.09,471.35,14.11,0.0,3.0,0.0
d58d521f3789def2e7a22715e0badd93,sao paulo,SP,2,2,65.98,18.22,84.2,42.1,21.64,33.62,4.85,0.0,3.5,0.0
eaf6d55068dea77334e8477d3878d89e,sao paulo,SP,3,3,51.0,33.01,84.01,28.0,39.29,316.55,6.13,0.0,5.0,0.0
d7ab82074b5f1dfba46db123df101bff,atibaia,SP,2,2,38.67,45.3,83.97,41.98,53.95,407.07,5.94,0.0,4.5,0.0
c13fb473e7cb8b83ccd543c094df0608,sao paulo,SP,2,2,54.8,28.72,83.52,41.76,34.39,1191.26,12.76,0.0,3.5,0.0
be7a093e5b4d147b36b72bb1f9e415e5,toledo,PR,1,1,60.9,22.36,83.26,83.26,26.86,1118.35,5.33,0.0,5.0,0.0
447d377bdb757058acb569025ee18a93,carazinho,RS,1,1,64.99,18.02,83.01,83.01,21.71,1352.49,18.0,0.0,5.0,0.0
7963e546f34e098b578f9ad102494601,sao paulo,SP,1,1,60.99,21.23,82.22,82.22,25.82,1940.99,18.15,0.0,5.0,0.0
6ebf4eceee4dd9847201c82e77ef8123,rio de janeiro,RJ,1,1,59.9,22.13,82.03,82.03,26.98,1132.09,15.02,0.0,5.0,0.0
391bbd13b6452244774beff1824006ed,campinas,SP,1,1,63.9,17.7,81.6,81.6,21.69,537.93,44.57,100.0,1.0,100.0
dd5450b022b2d00a2145a66331e1aef6,joinville,SC,1,1,59.0,22.34,81.34,81.34,27.46,680.65,7.18,0.0,5.0,0.0
26f6b7ab07be3e9e69ce82a6552efc19,rio de janeiro,RJ,2,2,54.8,25.95,80.75,40.38,32.14,386.21,10.98,50.0,3.0,50.0
217f005bb37ff3aeef5b2ae1788e75ba,osasco,SP,2,2,49.98,30.15,80.13,40.06,37.63,831.54,14.45,0.0,4.5,0.0
a89e143d5211473ae18db9577ee34b64,limeira,SP,1,1,70.0,9.94,79.94,79.94,12.43,79.25,9.21,0.0,5.0,0.0
c32fc744b9160ac853450488e3cfea93,ribeirao preto,SP,2,2,65.8,14.05,79.85,39.92,17.6,535.15,15.52,0.0,3.0,50.0
a2a41aedb70551d4a85aa04dc2fced48,sao paulo,SP,2,2,52.79,26.94,79.73,39.86,33.79,357.18,8.86,0.0,4.0,0.0
9ef932e837d8b7f392c0bfee9d359dc2,ibitinga,SP,1,1,59.9,19.66,79.56,79.56,24.71,960.08,36.47,100.0,3.0,0.0
ac9b01377919cdbd2a1bbb8d5837c70b,mogi das cruzes,SP,1,1,55.9,23.54,79.44,79.44,29.63,1244.52,9.8,0.0,3.0,0.0
d9b00a97818674c7f8d8b1ef0e689679,ponta grossa,PR,1,1,69.9,9.18,79.08,79.08,11.61,94.28,2.2,0.0,3.0,0.0
2eeb6531ee027a48d401e72bebdd87d3,sao jose dos campos,SP,3,3,38.7,40.0,78.7,26.23,50.83,442.14,12.21,0.0,4.33,0.0
1d953075c2f0dd990bacf27b83b330f1,belo horizonte,MG,1,1,59.0,19.32,78.32,78.32,24.67,1334.58,7.28,0.0,5.0,0.0
52831e5990d0771cb4951d6f12928167,tupa,SP,1,1,65.0,13.12,78.12,78.12,16.79,476.08,5.11,0.0,3.0,0.0
84c945f15571830c1a91a33978e94009,sao paulo,SP,2,2,51.98,26.06,78.04,39.02,33.39,447.12,9.44,0.0,4.5,0.0
f3511c85f59f8dec53d140501ee8e7a8,curitiba,PR,1,1,69.9,8.11,78.01,78.01,10.4,3.23,1.92,0.0,5.0,0.0
f7c31656c19db6275a8acadca289f426,ibitinga,SP,1,1,61.56,16.19,77.75,77.75,20.82,550.12,13.38,0.0,3.0,0.0
7c462184585ae80bd6e5774c62ce50f2,campinas,SP,1,1,60.0,17.64,77.64,77.64,22.72,18.88,16.04,100.0,3.0,0.0
3a3c180dd702a725bd0ba4117689239e,uniao da vitoria,PR,1,1,41.9,35.48,77.38,77.38,45.85,626.34,13.82,0.0,4.0,0.0
6a3139c7bf09ece22a4713d956acbe5e,sao sebastiao da grama/sp,SP,1,1,61.9,14.74,76.64,76.64,19.23,267.7,3.87,0.0,5.0,0.0
cecd97bc34ed8330bd4cd15713eda670,cordilheira alta,SC,1,1,57.99,18.51,76.5,76.5,24.2,704.96,7.14,0.0,1.0,100.0
7315baebc0572ff220d226283dc66728,sao carlos,SP,2,2,49.85,26.37,76.22,38.11,34.6,321.92,8.09,0.0,4.0,0.0
75fdd0a732287f9497b179f6bd445d32,maua,SP,1,1,59.9,16.18,76.08,76.08,21.27,474.38,10.88,0.0,5.0,0.0
528ce32f560edd11add4169f6a5b65be,sao roque,SP,2,2,59.8,15.3,75.1,37.55,20.37,57.21,10.16,0.0,5.0,0.0
07e8e8fc5222bb358e6f259da3197074,sao paulo,SP,2,2,51.8,23.06,74.86,37.43,30.8,432.23,8.64,0.0,4.0,0.0
0af2ab31141893d26aca5a404a537dab,sao paulo,SP,1,1,59.0,15.51,74.51,74.51,20.82,360.9,5.81,0.0,5.0,0.0
c240c4061717ac1806ae6ee72be3533b,rio de janeiro,RJ,1,1,59.9,13.99,73.89,73.89,18.93,365.73,6.06,0.0,4.0,0.0
9996ae921c50e8dff411ac69c0b4bb8b,tupa,SP,2,2,29.7,43.67,73.37,36.68,59.52,459.59,14.38,0.0,2.0,50.0
e9e446d01bd10a97a8ffcfc4a3a20cb2,sao paulo,SP,3,3,51.15,22.17,73.32,24.44,30.24,43.05,5.3,0.0,4.33,0.0
8cf21434553b02cbd37c0bbd07e041b0,sao jose,SC,1,1,49.99,23.22,73.21,73.21,31.72,846.66,11.21,0.0,4.0,0.0
d180e07dc1e58c31c3f0cd599dc4d945,belo horizonte,MG,1,1,58.8,14.16,72.96,72.96,19.41,467.37,8.0,0.0,3.0,0.0
9e94fa26a70ede4d26226e918e8706a2,sao carlos,SP,1,1,62.8,9.94,72.74,72.74,13.67,2.96,5.64,0.0,5.0,0.0
c7246702dc991a06d788120dc7544391,fortaleza,CE,1,1,54.86,17.66,72.52,72.52,24.35,2187.12,20.99,0.0,5.0,0.0
9140ef75cc8211c4035935e80e567204,maringa,PR,1,1,49.9,22.28,72.18,72.18,30.87,1489.42,12.18,0.0,5.0,0.0
fe19dce63ae80346207c6c55713d1023,uberaba,MG,1,1,49.9,21.82,71.72,71.72,30.42,592.2,7.0,0.0,5.0,0.0
2f1e7b90e01d9f086cbcb301c0c3d406,blumenau,SC,1,1,59.0,12.66,71.66,71.66,17.67,166.85,7.11,0.0,5.0,0.0
258447aad3f7b01e2643c89f64dc5647,cianorte,PR,1,1,51.9,19.55,71.45,71.45,27.36,627.78,7.95,0.0,5.0,0.0
1d139e3a3b14025640d8df1b230aace0,barrinha,SP,2,2,36.49,34.69,71.18,35.59,48.74,1127.49,7.65,0.0,3.5,0.0
0ee4fb99ac55ffbbc98795aa01b7f8fa,santana de parnaiba,SP,1,1,59.9,11.03,70.93,70.93,15.55,5.1,6.88,0.0,5.0,0.0
7b3447b497e55af8c15fc7bd89d7b81a,sao paulo,SP,1,1,49.9,20.75,70.65,70.65,29.37,2121.65,13.09,0.0,5.0,0.0
0936e1837d0c79253456bbb2ffaaef10,sao paulo,SP,1,1,38.9,31.12,70.02,70.02,44.44,553.55,18.37,0.0,5.0,0.0
9ac75591b69c3402684b6ce0310f22ee,sao paulo,SP,1,1,60.5,9.17,69.67,69.67,13.16,13.09,2.98,100.0,5.0,0.0
42fb44130ac3134cde8e35cf8ec7df25,pinhalzinho,SP,2,2,43.8,25.48,69.28,34.64,36.78,218.75,5.9,0.0,5.0,0.0
3e46a38ee171c503c3b4a3f23fe3bf0c,sorocaba,SP,1,1,59.9,9.11,69.01,69.01,13.2,79.73,4.18,0.0,5.0,0.0
c1552b1dab6e6f760950368ae61fb600,sao jose dos campos,SP,2,2,53.8,14.89,68.69,34.34,21.68,80.05,5.07,0.0,2.5,50.0
720e6cf846ea7572cbb66b743fb91e6c,mogi das cruzes / sp,SP,1,1,54.0,14.55,68.55,68.55,21.23,653.82,16.15,0.0,5.0,0.0
2c2c9832d1bb38c5b0034a3b47d313ee,santa maria,RS,1,1,49.9,18.45,68.35,68.35,26.99,1000.26,12.09,0.0,3.0,0.0
5415337f1863452476d42d9f14a16a61,belo horizonte,MG,1,1,44.9,23.45,68.35,68.35,34.31,1892.36,16.04,0.0,3.0,0.0
c963a25b8671419c6ce9eebe8fd03218,angra dos reis rj,RJ,1,1,49.0,19.32,68.32,68.32,28.28,235.32,6.85,0.0,5.0,0.0
37303482a42fb700d8d127e70a9cd6c8,campinas,SP,1,1,58.9,8.11,67.01,67.01,12.1,55.52,2.05,0.0,5.0,0.0
ebe3dabc4955c9b0d695e7bda38bf5c3,ribeirao preto,SP,1,1,55.0,11.89,66.89,66.89,17.78,296.12,23.45,100.0,3.0,0.0
63704069d9bd3a75c1cf59babe56004a,jundiai,SP,1,1,59.3,7.39,66.69,66.69,11.08,58.43,18.28,100.0,1.0,100.0
43753b27d77860f1654aa72e251a7878,barro alto,BA,1,1,23.9,42.38,66.28,66.28,63.94,2255.12,27.33,0.0,5.0,0.0
2e2f44824ab87a0cb961f68bf4073e7f,curitiba,PR,1,1,48.0,17.93,65.93,65.93,27.2,336.94,10.96,0.0,2.0,100.0
1b61fb1f0f2185d89e9a126c498e9cc7,maringa,PR,1,1,49.7,16.11,65.81,65.81,24.48,245.71,11.36,0.0,5.0,0.0
89dda63a3c907c468ec88c310ed91213,maua/sao paulo,SP,1,1,44.99,20.4,65.39,65.39,31.2,2476.94,25.44,0.0,5.0,0.0
58e4b302b54937e55a678c4d15111da4,colombo,PR,1,1,49.9,14.52,64.42,64.42,22.54,539.88,7.16,0.0,5.0,0.0
e0487761face83d64fcada2408959a36,sao paulo,SP,2,2,49.25,14.87,64.12,32.06,23.19,41.23,3.54,0.0,4.5,0.0
8629a7efec1aab257e58cda559f03ba7,goiania,GO,1,1,45.22,18.89,64.11,64.11,29.46,929.11,59.23,100.0,1.0,100.0
2ef086a599b597572aca4433b7ed6b3d,jaragua do sul,SC,1,1,49.0,15.1,64.1,64.1,23.56,416.9,11.24,0.0,5.0,0.0
539ed9e19811677513447759be5eccfc,belo horizonte,MG,2,2,32.83,31.09,63.92,31.96,48.64,555.9,5.07,0.0,3.0,50.0
5cf1ec37aea089f45110c70653a166ab,sao paulo,SP,2,2,35.0,28.58,63.58,31.79,44.95,994.58,21.47,0.0,5.0,0.0
ce33c6211beaa8fef4cae8b52db39862,suzano,SP,1,1,49.0,14.52,63.52,63.52,22.86,500.07,18.73,0.0,3.0,0.0
51e0557bc7b86de13e946c60ee91ce39,belo horizonte,MG,1,1,45.8,17.6,63.4,63.4,27.76,571.43,10.43,0.0,5.0,0.0
d85efbc8eff2b7adf524e2820569adc8,sao paulo,SP,1,1,55.0,8.29,63.29,63.29,13.1,40.98,2.95,0.0,5.0,0.0
70c0fda4c313d87115644d39e62eec60,caruaru,PE,1,1,25.99,37.09,63.08,63.08,58.8,1160.39,9.88,0.0,5.0,0.0
6c9875b2f94ba781186f0c1aed8d1687,brotas,SP,2,2,25.0,38.05,63.05,31.52,60.35,371.96,4.06,0.0,5.0,0.0
7494d0dcba8551df6cf37f1b905dc2f7,santos,SP,1,1,45.9,17.07,62.97,62.97,27.11,344.0,6.99,0.0,3.0,0.0
0b1ca3ef18a63d7eb0c8897fa0849c08,sao roque,SP,1,1,55.0,7.87,62.87,62.87,12.52,85.6,6.71,0.0,5.0,0.0
513a54369b6a8a6602fcb0e129c6d78d,sao bernardo do campo,SP,2,2,47.8,14.86,62.66,31.33,23.72,18.36,3.57,0.0,4.5,0.0
3ded4e2d5f135cb103e5949d7263d2dd,pouso alegre,MG,1,1,49.9,12.48,62.38,62.38,20.01,458.2,5.15,0.0,5.0,0.0
d4828feed4cda2cd9d6b37899a95a71e,juzeiro do norte,CE,1,1,39.9,22.21,62.11,62.11,35.76,495.05,13.51,0.0,2.0,100.0
d297f1055de2956aedfd3b04113dce3e,nova odessa,SP,1,1,54.3,7.64,61.94,61.94,12.33,121.36,3.81,0.0,4.0,0.0
749e7cdabbaf72f16677859e27874ba5,guarulhos,SP,1,1,41.9,19.84,61.74,61.74,32.13,324.79,11.04,0.0,1.0,100.0
417a1e6c7321084d2a0ae0d023cfad93,imigrante,RS,1,1,48.9,12.48,61.38,61.38,20.33,108.99,6.07,0.0,5.0,0.0
4125d9385a25e82d2f72d3a0fd55bc3f,santos,SP,1,1,42.9,18.4,61.3,61.3,30.02,531.0,8.99,0.0,5.0,0.0
d4f91e8be86b38da2ee35bc489645a9d,guaratingueta,SP,1,1,49.99,11.17,61.16,61.16,18.26,138.28,17.23,0.0,5.0,0.0
16bdc8cefd0e32a6f0824d296c5ad14a,sp,SP,1,1,41.76,19.32,61.08,61.08,31.63,398.71,9.32,0.0,5.0,0.0
9315e491484b1b0081ca166fc164108d,londrina,PR,1,1,29.99,30.41,60.4,60.4,50.35,724.21,7.28,0.0,3.0,0.0
cad10cc982ab6a391570c211b995c17c,avare,SP,1,1,47.4,12.79,60.19,60.19,21.25,236.45,4.3,0.0,5.0,0.0
ae9690c6e8fee182c28c9ff8e11ca52c,sao paulo,SP,1,1,47.4,12.41,59.81,59.81,20.75,11.89,4.48,0.0,5.0,0.0
05a48cc8859962767935ab9087417fbb,sao paulo,SP,1,1,42.9,16.49,59.39,59.39,27.77,388.46,11.28,0.0,5.0,0.0
edb58a1390adf273840030a3d6253829,piracicaba,SP,1,1,39.9,18.38,58.28,58.28,31.54,469.56,5.5,0.0,5.0,0.0
84deb808079d1be601c209c1e771b1cc,curitiba,PR,2,2,34.93,23.21,58.14,29.07,39.92,179.34,7.54,0.0,5.0,0.0
535bf14f36346c7f59d87cece104d70c,rio de janeiro,RJ,1,1,50.0,7.77,57.77,57.77,13.45,12.21,4.22,100.0,4.0,0.0
da3fede3469bf49b7293ce3fc45b294d,mogi das cruzes,SP,1,1,44.9,12.79,57.69,57.69,22.17,464.31,11.24,0.0,5.0,0.0
2c00c85d30361cd2ced2969cffbbffa3,belo horizonte,MG,1,1,49.8,7.71,57.51,57.51,13.41,11.88,1.87,0.0,5.0,0.0
e5545d4d4473876ea78c5bcebca365c3,marilia,SP,1,1,44.5,12.97,57.47,57.47,22.57,310.14,5.2,0.0,5.0,0.0
1f7dfad2cb384ea4d2d7e1ffbd78c407,sao paulo,SP,1,1,49.0,8.29,57.29,57.29,14.47,45.09,6.36,0.0,1.0,100.0
e595809a6c31ec4314fd06ef198c244d,navegantes,SC,1,1,39.0,18.23,57.23,57.23,31.85,434.88,15.85,0.0,5.0,0.0
d63f306de130e0391d38a792541723b8,sao paulo,SP,1,1,49.0,7.6,56.6,56.6,13.43,16.56,3.36,0.0,5.0,0.0
15b3b1b81484422eb41df68ac87f1f50,bauru,SP,1,1,43.35,12.69,56.04,56.04,22.64,283.53,14.63,0.0,1.0,100.0
2d8cfba3fcd3170555941605edaa196a,osasco,SP,1,1,45.0,10.96,55.96,55.96,19.59,27.5,4.95,0.0,5.0,0.0
df683dfda87bf71ac3fc63063fba369d,farroupilha,RS,1,1,39.9,16.05,55.95,55.95,28.69,829.39,189.86,100.0,1.0,100.0
a213f1bd6458f4a158f3746cb2514559,maringa,PR,1,1,41.52,14.43,55.95,55.95,25.79,446.65,8.35,0.0,5.0,0.0
c74f14c1e26cf1bd5bd34b6a1e274426,sao miguel do oeste,SC,1,1,39.0,16.79,55.79,55.79,30.09,1155.41,24.23,0.0,5.0,0.0
baf15155e37ef5492731459bdc05be8a,sao paulo,SP,1,1,47.0,8.72,55.72,55.72,15.65,4.19,33.05,0.0,5.0,0.0
e72b4feb7abe210c52aa667abc25a3a2,sao paulo,SP,1,1,38.2,17.44,55.64,55.64,31.34,16.03,4.15,0.0,5.0,0.0
8b181ee5518df84f18f4e1a43fe07923,goioere,SP,1,1,27.9,27.08,54.98,54.98,49.25,1229.93,14.56,0.0,5.0,0.0
3d62f86afa7c73be2628a3be1423f5a0,jacarei,SP,2,2,12.0,42.42,54.42,27.21,77.95,2008.86,16.73,0.0,4.0,0.0
7f02656561b680def9986c0795a8a080,sao paulo,SP,1,1,42.0,11.85,53.85,53.85,22.01,325.59,14.18,0.0,5.0,0.0
70ee69419916dc13e3aed619061f996c,mogi das cruzes,SP,1,1,45.0,8.72,53.72,53.72,16.23,78.17,14.43,0.0,3.0,0.0
9558aa23f77a9e0a0eca83540999f43b,apucarana,PR,1,1,39.0,14.52,53.52,53.52,27.13,480.68,20.87,0.0,5.0,0.0
1f2eebc0e970fd3c463e4f5d9652687a,sao paulo,SP,1,1,44.99,8.48,53.47,53.47,15.86,16.63,11.45,100.0,5.0,0.0
eb4a59a06b3948e851a7d7a830bcbc42,salvador,BA,1,1,32.0,21.15,53.15,53.15,39.79,1443.78,11.08,0.0,5.0,0.0
3a52d63a8f9daf5a28f3626d7eb9bd28,aguas claras df,SP,1,1,35.0,17.78,52.78,52.78,33.69,1408.42,6.34,0.0,1.0,100.0
bb7ad8a45c027be8ab075b8e465f8ca0,floranopolis,SC,2,2,19.98,32.64,52.62,26.31,62.03,383.42,5.67,0.0,5.0,0.0
2c54051840f19eca309a5423cf22df36,curitiba,PR,2,2,23.7,28.57,52.27,26.14,54.66,488.82,8.93,0.0,4.5,0.0
4e2627090e6e5b9fabba883a37897683,belo horizonte,MG,1,1,39.9,11.72,51.62,51.62,22.7,513.52,3.98,0.0,,
c161d1327ebc3a156c09582ab2f59f6c,sao paulo,SP,2,2,35.99,15.56,51.55,25.78,30.18,14.2,3.51,0.0,4.0,0.0
9200e6ce317b67196b6b0bad4d4bd567,rio de janeiro,RJ,1,1,36.9,14.52,51.42,51.42,28.24,386.03,16.3,0.0,3.0,0.0
fedaedd3ca31d56ab33e92035e4b361c,niteroi,RJ,1,1,39.9,10.96,50.86,50.86,21.55,177.49,8.62,0.0,4.0,0.0
999f6d9a1c7c81f43be44c6b7d076210,sao paulo,SP,2,2,28.0,22.83,50.83,25.42,44.91,257.5,4.69,0.0,4.5,0.0
630008e0f062605a415d694489f6f82e,sao paulo,SP,1,1,35.35,15.35,50.7,50.7,30.28,488.76,17.06,0.0,5.0,0.0
c716e0b86ed568878475b60fbb6323ad,rio de janeiro,SP,1,1,35.0,15.23,50.23,50.23,30.32,333.67,7.48,0.0,5.0,0.0
5a32c398a06c345440bf2a683b017ad3,rio de janeiro,RJ,1,1,34.9,15.23,50.13,50.13,30.38,350.28,11.97,0.0,5.0,0.0
baeda7047354773262ba2405f97038ba,americana,SP,1,1,35.0,15.1,50.1,50.1,30.14,426.16,23.48,0.0,5.0,0.0
e0b162a693bc7f9eab00f783a31d60ea,pelotas,RS,1,1,20.0,29.69,49.69,49.69,59.75,1474.4,11.09,0.0,5.0,0.0
6561d6bf844e464b4019442692b40e02,franco da rocha,SP,1,1,41.9,7.55,49.45,49.45,15.27,23.89,1.43,0.0,5.0,0.0
cb162c8eef257253782d245c08d9097c,barueri,SP,1,1,34.99,14.13,49.12,49.12,28.77,494.71,10.64,0.0,5.0,0.0
c0e6839516f5398edc34adf5f1d53d1a,guaruja,SP,1,1,34.92,14.12,49.04,49.04,28.79,6.42,5.1,0.0,5.0,0.0
87b4428a334b8f676fd9a7f3bf544fb5,guaimbe,SP,1,1,29.99,18.99,48.98,48.98,38.77,384.78,6.93,0.0,5.0,0.0
3aa3c89ae3cd482385568be76120f63c,goiania,GO,1,1,29.9,19.04,48.94,48.94,38.9,806.9,10.83,0.0,4.0,0.0
455f46ef09a9e45667e2981df84b5cc2,sorocaba,SP,1,1,29.9,18.31,48.21,48.21,37.98,276.96,13.02,0.0,4.0,0.0
c2bda99904207edd1834f03e0022b007,sao paulo,SP,1,1,39.9,7.78,47.68,47.68,16.32,19.26,12.42,0.0,4.0,0.0
389e45560e33d2d0747f949dcddbc08e,sao jose dos campos,SP,1,1,39.0,8.43,47.43,47.43,17.77,10.82,3.95,0.0,5.0,0.0
0336182e1b3e92f029d5354832045fdf,ibitinga,SP,1,1,29.8,17.57,47.37,47.37,37.09,218.7,13.06,0.0,2.0,100.0
72c73be2b085b9d57650dd53eb2004c9,sao paulo,SP,1,1,29.4,17.92,47.32,47.32,37.87,1135.37,17.34,0.0,5.0,0.0
d7f1cfc638473be93baedbfd02208016,belford roxo,RJ,1,1,30.0,17.14,47.14,47.14,36.36,1120.15,12.68,0.0,5.0,0.0
28a26ebce31d5918b181ede016fd693b,belo horizonte,MG,1,1,29.9,17.14,47.04,47.04,36.44,672.17,11.07,0.0,5.0,0.0
a09a13f18ed27932d08438aa6f12756e,sapiranga,RS,1,1,29.9,16.11,46.01,46.01,35.01,835.81,8.92,0.0,3.0,0.0
32f83ffe11cd40f7adcf4eef171f52d9,uruguaiana,RS,1,1,29.99,15.1,45.09,45.09,33.49,1250.69,10.57,0.0,5.0,0.0
c43d924a0f1688ee9fae0efcd6f539d4,rio de janeiro,RJ,1,1,29.9,15.11,45.01,45.01,33.57,354.66,21.5,0.0,4.0,0.0
fdf736c18c589ed030e058312203e1b2,pocos de caldas,MG,1,1,30.0,14.51,44.51,44.51,32.6,345.6,5.49,0.0,5.0,0.0
436bf27f2f18474fc6047702e9f8a866,campinas,SP,1,1,29.9,14.52,44.42,44.42,32.69,383.61,19.17,0.0,5.0,0.0
c9d2ba8dde44a275ae06475ed1d2fafc,uberlandia,MG,1,1,28.79,14.52,43.31,43.31,33.53,699.82,8.42,0.0,5.0,0.0
33fd411ed63a7c2f9005e3f065d9f85d,condor,RS,1,1,24.9,18.23,43.13,43.13,42.27,846.69,8.13,0.0,4.0,0.0
b026643914f651e8371425e5b8a1e780,rio de janeiro,RJ,1,1,27.9,15.1,43.0,43.0,35.12,695.62,10.42,0.0,5.0,0.0
7b3f6ce5c6c22e9b96e7581ebf0df6e1,tambau,SP,1,1,29.8,12.69,42.49,42.49,29.87,90.5,10.95,0.0,3.0,0.0
bd43e172d599bed47a85da877172ca8c,sao bento do sul,SC,1,1,23.92,18.27,42.19,42.19,43.3,491.07,12.47,0.0,5.0,0.0
455befea1bb853c75ccbca94cff26e5c,resende,RJ,1,1,19.99,22.06,42.05,42.05,52.46,834.48,12.44,0.0,3.0,0.0
41958cbd3335433c8740300e8cd600d5,sao paulo,SP,1,1,32.99,7.39,40.38,40.38,18.3,25.6,4.84,0.0,5.0,0.0
3986c0b54f6b748b75e7bd4e092aa3e5,curitiba,PR,1,1,24.99,15.28,40.27,40.27,37.94,343.18,6.12,0.0,5.0,0.0
7cb946b1ad19faebe28c3e86c2794ec3,sete lagoas,MG,1,1,25.0,15.1,40.1,40.1,37.66,416.17,18.15,0.0,5.0,0.0
7d81e74a4755b552267cd5e081563028,sao paulo,SP,1,1,32.5,7.49,39.99,39.99,18.73,78.6,2.21,0.0,4.0,0.0
bcd2d7510d58e293f20fad6438c1b314,curitiba,PR,1,1,23.9,15.56,39.46,39.46,39.43,313.07,33.2,100.0,,
1c83418358f249c9d6affa52d579db0e,sao paulo,SP,1,1,24.9,14.52,39.42,39.42,36.83,511.85,10.19,0.0,5.0,0.0
544863df86ed3b78a04e0820d41430ee,serra,ES,1,1,23.9,15.27,39.17,39.17,38.98,734.33,5.5,0.0,5.0,0.0
f09b760d23495ac9a7e00d29b769007c,catanduva,SP,1,1,21.9,17.19,39.09,39.09,43.98,915.79,24.06,0.0,4.0,0.0
bd65d163ded559eb90a10cd09fec178f,sao paulo,SP,1,1,19.8,18.68,38.48,38.48,48.54,76.8,4.47,0.0,4.0,0.0
a61cc04793308395a840807104365121,jarinu,SP,1,1,14.63,23.74,38.37,38.37,61.87,67.45,8.37,0.0,5.0,0.0
139157dd4daa45c25b0807ffff348363,sao paulo,SP,1,1,29.9,7.78,37.68,37.68,20.65,6.6,1.21,0.0,4.0,0.0
c0e0b73d039eb9a99b6ce4cb7a429cd3,laurentino,SC,1,1,29.88,7.68,37.56,37.56,20.45,522.27,4.99,0.0,5.0,0.0
9d69ba0a7a626a64dc5db08e529559cf,ribeirao preto,SP,1,1,19.3,18.24,37.54,37.54,48.59,784.28,13.86,0.0,5.0,0.0
cad9969167c09b48ae6f1d123f7fa68d,pocos de caldas,MG,1,1,24.0,13.51,37.51,37.51,36.02,346.11,3.39,0.0,5.0,0.0
82921991ff5b557b045605b8bbf08d49,sao paulo,SP,1,1,18.9,18.23,37.13,37.13,49.1,773.8,4.08,0.0,5.0,0.0
34675b28b826facfde119785bf287dc1,cascavael,PR,1,1,21.99,15.1,37.09,37.09,40.71,717.52,5.95,0.0,4.0,0.0
38f276ca6e7cc95a6d1bb55ac9e5550f,marilia,SP,1,1,24.99,11.85,36.84,36.84,32.17,215.68,5.2,0.0,5.0,0.0
98f52e1020fe788c10c0418de4393fec,macae,RJ,1,1,21.6,15.1,36.7,36.7,41.14,548.34,9.27,0.0,4.0,0.0
c97aa4ee7420f937da13b7f9e2228b99,novo hamburgo,RS,1,1,29.9,6.66,36.56,36.56,18.22,1499.05,10.81,0.0,1.0,100.0
b2f4d63c7203f539a78252565ca32257,armacao dos buzios,RJ,1,1,14.9,20.84,35.74,35.74,58.31,388.82,13.01,0.0,5.0,0.0
b77a27b1864483e721dc831d5ba4afa0,duque de caxias,RJ,1,1,20.9,14.52,35.42,35.42,40.99,314.29,8.47,0.0,5.0,0.0
698624c6632eeba1774924dbea24c700,sao paulo,SP,1,1,19.9,15.23,35.13,35.13,43.35,500.19,6.97,0.0,5.0,0.0
c12d7463a579237ffb9248bd7cff378b,sao paulo,SP,1,1,25.9,8.72,34.62,34.62,25.19,16.52,11.24,0.0,4.0,0.0
f1fdf2d13186575751aa25876536d85c,sao paulo,SP,1,1,26.3,8.29,34.59,34.59,23.97,4.7,6.14,0.0,5.0,0.0
bac44fa8e13424950488659b5f765c41,sao paulo,SP,1,1,19.9,14.52,34.42,34.42,42.18,530.74,8.71,0.0,5.0,0.0
87f3e35268860433e13d577825aada95,bom jesus dos perdoes,SP,1,1,19.9,14.52,34.42,34.42,42.18,445.81,51.5,0.0,,
e76ecc7e9a1a1e3c6df9d2a8261c423d,belo horizonte,MG,1,1,20.0,14.1,34.1,34.1,41.35,343.35,12.46,0.0,5.0,0.0
d93b8458c6fe139d85cfa5eadbf55bd2,sao paulo,SP,1,1,19.9,14.1,34.0,34.0,41.47,824.56,5.98,0.0,5.0,0.0
804287717b9156fb7a787acd9af4fac1,maringa,PR,1,1,18.8,15.1,33.9,33.9,44.54,515.36,9.16,0.0,5.0,0.0
0bb27263628258b8111a0262769fa9db,sao paulo,SP,1,1,22.2,10.96,33.16,33.16,33.05,80.65,41.68,0.0,5.0,0.0
13e85aac53340018b40c2af68001b7e0,pedreira,SP,1,1,17.8,14.12,31.92,31.92,44.24,97.52,17.72,0.0,5.0,0.0
fb503a924a0b9db19d83dd0ac6dbef8c,pelotas,RS,1,1,13.9,17.92,31.82,31.82,56.32,1065.55,6.55,0.0,5.0,0.0
c1d1ebb4745cc43cb6f05e9c8a705c9a,sao paulo,SP,1,1,12.5,19.21,31.71,31.71,60.58,205.24,26.53,100.0,1.0,100.0
ce4755084bc097113867e6454f8f5e52,ribeirao preto,SP,1,1,18.9,12.79,31.69,31.69,40.36,285.37,6.39,0.0,5.0,0.0
6c77cd583b36a13aacccf2b3ee23e233,marilia,SP,1,1,18.9,12.79,31.69,31.69,40.36,362.22,6.03,0.0,5.0,0.0
eb1bf309f4f6af9a97e9ddac3fdbeabe,diadema,SP,1,1,22.3,8.88,31.18,31.18,28.48,14.77,8.49,0.0,5.0,0.0
6bcb2352a2a0c38b845f598298ab9d26,maringa,PR,1,1,15.9,15.1,31.0,31.0,48.71,512.73,11.04,0.0,5.0,0.0
0b46f784306be7200ca1700aa55d819f,belo horizonte,MG,1,1,19.9,10.96,30.86,30.86,35.52,238.9,3.24,0.0,5.0,0.0
bc8c8d665ec4664d286be0d521722b19,sao paulo,SP,1,1,22.5,8.32,30.82,30.82,27.0,20.43,8.03,100.0,2.0,100.0
5e063e85d44b0f5c3e6ec3131103a57e,sao paulo,SP,1,1,22.9,7.42,30.32,30.32,24.47,61.62,1.29,0.0,5.0,0.0
ed49da7cadefc454d6a67de249eab240,sao paulo,SP,1,1,21.5,8.72,30.22,30.22,28.86,39.33,7.19,0.0,5.0,0.0
c3e2398fcc7e581cda2e546557bf6968,sao paulo,SP,1,1,14.9,15.23,30.13,30.13,50.55,879.31,11.84,0.0,5.0,0.0
20f0aeea30bc3b8c4420be8ced4226c0,santa barbara d'oeste,SP,1,1,14.9,14.52,29.42,29.42,49.35,349.88,44.72,100.0,,
f9f68daa2af419d38f745478bcb3da1a,sumare,SP,1,1,11.2,18.0,29.2,29.2,61.64,247.99,11.76,0.0,5.0,0.0
e64ddbe1cbcf4f2fc3092b7c481f3f9d,sao paulo,SP,1,1,20.9,7.39,28.29,28.29,26.12,88.87,5.51,0.0,5.0,0.0
f3862c2188522d89860c38a3ea8b550d,ribeirao preto,SP,1,1,15.5,12.79,28.29,28.29,45.21,302.64,5.87,0.0,5.0,0.0
95cca791657aabeff15a07eb152d7841,palotina,PR,1,1,9.99,18.23,28.22,28.22,64.6,815.56,3.72,0.0,5.0,0.0
668bf321538e5072858eaef6087ce027,pinhais,PR,1,1,19.9,8.11,28.01,28.01,28.95,3.45,4.47,0.0,5.0,0.0
bee36b4f9a2b9fdcaff6ec05df202ed0,sao paulo,SP,1,1,16.9,10.96,27.86,27.86,39.34,78.21,13.4,0.0,5.0,0.0
344223b2a90784f64136a8a5da012e7f,gaspar,SC,1,1,10.9,16.79,27.69,27.69,60.64,857.16,32.62,100.0,2.0,100.0
7caa63f175b1cecbfaadd8b5ab9998c7,sao paulo,SP,1,1,19.9,7.74,27.64,27.64,28.0,19.39,2.15,0.0,1.0,100.0
0f94588695d71662beec8d883ffacf09,florianopolis,SC,1,1,9.0,18.59,27.59,27.59,67.38,1319.08,14.89,0.0,5.0,0.0
9e25199f6ef7e7c347120ff175652c3b,taubate,SP,1,1,12.5,14.52,27.02,27.02,53.74,537.95,8.2,0.0,4.0,0.0
eae9af4811c294c56795d70e715b7337,sao paulo,SP,1,1,15.9,11.11,27.01,27.01,41.13,10.64,2.84,0.0,5.0,0.0
20d53aad4fe5ee93a64f8839609d3586,santa rita do sapucai,MG,1,1,14.5,12.48,26.98,26.98,46.26,195.0,39.28,100.0,1.0,100.0
6614814a00d344b846ae209f95ee7e3f,macatuba,SP,1,1,13.0,12.69,25.69,25.69,49.4,234.51,4.79,0.0,1.0,100.0
5b92bfa4120daa27c574daa2e386c693,sorocaba,SP,1,1,14.0,10.96,24.96,24.96,43.91,119.71,16.09,0.0,3.0,0.0
c18309219e789960add0b2255ca4b091,rio de janeiro,RJ,1,1,9.9,14.1,24.0,24.0,58.75,345.14,14.19,0.0,5.0,0.0
7ab0dd5487bab2dc835337b244f689fb,sao jose do rio preto,SP,1,1,12.5,10.96,23.46,23.46,46.72,55.28,5.75,0.0,5.0,0.0
b5f0712d22a873b6797ab6cc65c3fcba,sao paulo,SP,1,1,12.99,8.29,21.28,21.28,38.96,15.95,3.26,0.0,4.0,0.0
cc1f04647be106ba74e62b21f358af25,sao paulo,SP,1,1,11.9,8.29,20.19,20.19,41.06,23.86,13.3,0.0,1.0,100.0
c1dde11f12d05c478f5de2d7319ad3b2,sao paulo,SP,1,1,12.5,7.39,19.89,19.89,37.15,54.74,3.23,0.0,1.0,100.0
ab75b89cc49c9ab3160d0c91565a442a,tupa,SP,1,1,18.99,0.75,19.74,19.74,3.8,657.33,9.1,0.0,1.0,100.0
3ac588cd562971392504a9e17130c40b,limeira,SP,1,1,11.9,7.39,19.29,19.29,38.31,140.36,7.09,0.0,5.0,0.0
ad14615bdd492b01b0d97922e87cb87f,tubarao,SC,1,1,8.25,10.96,19.21,19.21,57.05,245.56,13.58,0.0,5.0,0.0
702835e4b785b67a084280efca355756,juiz de fora,MG,1,1,7.6,10.96,18.56,18.56,59.05,1.18,1.8,0.0,5.0,0.0
4965a7002cca77301c82d3f91b82e1a9,sorocaba,SP,1,1,8.49,7.87,16.36,16.36,48.11,87.01,6.27,0.0,5.0,0.0
1fa2d3def6adfa70e58c276bb64fe5bb,sao paulo,SP,1,1,6.9,9.0,15.9,15.9,56.6,1328.89,6.26,0.0,1.0,100.0
77128dec4bec4878c37ab7d6169d6f26,sao paulo,SP,1,1,6.5,8.72,15.22,15.22,57.29,1.01,11.99,0.0,5.0,0.0
